0.5286400318145752,147.80166891254424,187.2,35.2,182.72184343583768,-193.84615384615384,35.27472527472528,350.05658426655214,12.631578947368421,250.10526315789474
0.6214489936828613,154.6761651410347,196.74418604651163,38.372093023255815,183.73135638299698,-196.9060773480663,37.4585635359116,346.41016151377556,12.5,248.75
0.6983029842376709,152.54759406111216,195.13761467889907,38.25688073394495,183.73135638299698,-197.90055248618785,38.45303867403315,346.41016151377556,12.5,249.6875
0.7485640048980713,153.2505783655413,195.76036866359448,38.433179723502306,183.73135638299698,-197.90055248618785,38.28729281767956,342.83892273528306,12.989690721649485,247.1134020618557
0.7943048477172852,153.2505783655413,195.48387096774192,38.57142857142857,182.72184343583768,-196.8131868131868,37.91208791208791,346.41016151377556,12.5,249.6875
0.8423919677734375,152.54759406111216,194.86238532110093,37.981651376146786,183.73135638299698,-197.90055248618785,37.95580110497237,346.41016151377556,12.5,249.6875
0.8908488750457764,152.54759406111216,195.13761467889907,38.39449541284404,184.75208614068032,-199.0,38.333333333333336,350.05658426655214,12.631578947368421,252.0
0.9549078941345215,152.54759406111216,194.86238532110093,38.39449541284404,182.72184343583768,-196.4835164835165,37.91208791208791,346.41016151377556,12.5,249.6875
1.0033719539642334,153.2505783655413,195.76036866359448,38.15668202764977,183.73135638299698,-197.90055248618785,38.12154696132597,346.41016151377556,12.5,250.0
1.051245927810669,152.54759406111216,195.13761467889907,38.39449541284404,182.72184343583768,-196.8131868131868,37.91208791208791,346.41016151377556,12.5,249.6875
1.0993480682373047,153.2505783655413,195.76036866359448,38.294930875576036,182.72184343583768,-196.8131868131868,37.91208791208791,350.05658426655214,12.631578947368421,252.31578947368422
1.147878885269165,153.2505783655413,195.76036866359448,38.433179723502306,182.72184343583768,-196.8131868131868,38.07692307692308,346.41016151377556,12.5,249.6875
1.1953508853912354,153.2505783655413,195.76036866359448,38.433179723502306,182.72184343583768,-196.8131868131868,38.07692307692308,350.05658426655214,12.631578947368421,252.31578947368422
1.2434561252593994,153.2505783655413,195.76036866359448,38.70967741935484,183.73135638299698,-197.90055248618785,38.45303867403315,350.05658426655214,12.0,252.31578947368422
1.291815996170044,153.2505783655413,195.76036866359448,38.433179723502306,182.72184343583768,-196.8131868131868,38.24175824175824,346.41016151377556,12.5,249.6875
1.339533805847168,153.2505783655413,195.48387096774192,38.294930875576036,182.72184343583768,-196.8131868131868,38.07692307692308,346.41016151377556,12.5,249.375
1.387558937072754,153.96007178390025,196.66666666666666,38.611111111111114,181.7233634170626,-195.40983606557376,37.868852459016395,350.05658426655214,12.0,252.31578947368422
1.4353249073028564,153.2505783655413,195.76036866359448,38.433179723502306,182.72184343583768,-196.8131868131868,37.91208791208791,350.05658426655214,12.0,252.31578947368422
1.4994981288909912,153.2505783655413,195.76036866359448,38.294930875576036,182.72184343583768,-196.8131868131868,37.91208791208791,346.41016151377556,12.5,249.375
1.5469369888305664,151.85102970466875,194.24657534246575,38.35616438356164,182.72184343583768,-196.8131868131868,37.91208791208791,342.83892273528306,12.371134020618557,247.1134020618557
1.59521484375,152.54759406111216,195.13761467889907,38.11926605504587,182.72184343583768,-196.8131868131868,37.747252747252745,350.05658426655214,12.0,252.31578947368422
1.643549919128418,152.54759406111216,195.13761467889907,38.25688073394495,183.73135638299698,-197.90055248618785,37.95580110497237,346.41016151377556,12.5,249.6875
1.6917610168457031,153.96007178390025,196.66666666666666,38.611111111111114,183.73135638299698,-197.90055248618785,38.12154696132597,346.41016151377556,12.5,249.6875
1.7399539947509766,152.54759406111216,194.86238532110093,38.53211009174312,183.73135638299698,-197.90055248618785,38.12154696132597,346.41016151377556,12.5,249.6875
1.7875840663909912,153.2505783655413,196.036866359447,38.8479262672811,182.72184343583768,-196.8131868131868,37.91208791208791,346.41016151377556,12.5,249.6875
1.835463047027588,153.2505783655413,195.76036866359448,38.433179723502306,183.73135638299698,-197.90055248618785,38.45303867403315,350.05658426655214,12.631578947368421,252.31578947368422
1.8991549015045166,152.54759406111216,194.86238532110093,38.53211009174312,182.72184343583768,-196.8131868131868,38.40659340659341,346.41016151377556,12.5,249.6875
1.9474997520446777,153.2505783655413,195.48387096774192,38.433179723502306,182.72184343583768,-196.8131868131868,38.24175824175824,346.41016151377556,12.5,249.375
1.995378017425537,153.2505783655413,195.48387096774192,38.433179723502306,182.72184343583768,-196.8131868131868,38.24175824175824,346.41016151377556,12.5,249.6875
2.043545961380005,152.54759406111216,194.86238532110093,38.25688073394495,183.73135638299698,-197.90055248618785,38.45303867403315,346.41016151377556,12.5,249.6875
2.1237988471984863,153.2505783655413,195.76036866359448,38.57142857142857,183.73135638299698,-197.90055248618785,38.12154696132597,350.05658426655214,12.0,252.6315789473684
2.1718649864196777,153.96007178390025,196.38888888888889,38.611111111111114,182.72184343583768,-196.4835164835165,37.91208791208791,346.41016151377556,12.5,249.6875
2.2194440364837646,151.85102970466875,193.97260273972603,38.082191780821915,182.72184343583768,-196.4835164835165,37.91208791208791,350.05658426655214,12.0,252.6315789473684
2.26767897605896,153.2505783655413,195.48387096774192,38.57142857142857,183.73135638299698,-197.56906077348066,38.12154696132597,346.41016151377556,12.5,250.0
2.3151278495788574,152.54759406111216,194.86238532110093,38.669724770642205,182.72184343583768,-196.4835164835165,37.91208791208791,350.05658426655214,12.0,252.6315789473684
2.363368034362793,153.2505783655413,195.48387096774192,38.70967741935484,182.72184343583768,-196.8131868131868,38.07692307692308,346.41016151377556,12.5,249.6875
2.4119009971618652,153.2505783655413,195.48387096774192,38.57142857142857,182.72184343583768,-196.4835164835165,38.07692307692308,346.41016151377556,12.5,249.6875
2.4597280025482178,153.2505783655413,195.76036866359448,38.57142857142857,182.72184343583768,-196.4835164835165,38.24175824175824,350.05658426655214,12.631578947368421,252.31578947368422
2.5078108310699463,153.96007178390025,196.38888888888889,38.611111111111114,182.72184343583768,-196.8131868131868,38.40659340659341,350.05658426655214,12.0,252.31578947368422
2.555418014526367,153.2505783655413,195.48387096774192,38.57142857142857,182.72184343583768,-196.4835164835165,38.40659340659341,346.41016151377556,12.5,249.6875
2.603951930999756,153.96007178390025,196.38888888888889,38.75,182.72184343583768,-196.4835164835165,38.40659340659341,350.05658426655214,12.631578947368421,252.31578947368422
2.651564836502075,153.2505783655413,195.48387096774192,38.57142857142857,181.7233634170626,-195.40983606557376,38.19672131147541,346.41016151377556,12.5,249.375
2.7159430980682373,153.2505783655413,195.48387096774192,38.57142857142857,182.72184343583768,-196.4835164835165,38.24175824175824,346.41016151377556,12.5,249.6875
2.7634990215301514,153.96007178390025,196.11111111111111,39.166666666666664,182.72184343583768,-196.4835164835165,38.24175824175824,346.41016151377556,12.5,249.6875
2.811215877532959,153.2505783655413,195.48387096774192,38.433179723502306,182.72184343583768,-196.4835164835165,38.07692307692308,346.41016151377556,12.5,249.6875
2.8599460124969482,154.6761651410347,197.02325581395348,38.93023255813954,183.73135638299698,-197.56906077348066,38.12154696132597,346.41016151377556,12.5,250.0
2.9072999954223633,153.2505783655413,195.48387096774192,38.70967741935484,182.72184343583768,-196.15384615384616,37.91208791208791,346.41016151377556,12.5,250.0
2.9556350708007812,153.96007178390025,196.11111111111111,38.75,181.7233634170626,-195.08196721311475,37.868852459016395,346.41016151377556,12.5,250.0
3.0033528804779053,152.54759406111216,194.86238532110093,38.39449541284404,181.7233634170626,-195.08196721311475,37.868852459016395,346.41016151377556,12.5,249.6875
3.0517640113830566,153.2505783655413,195.48387096774192,38.57142857142857,183.73135638299698,-197.56906077348066,38.45303867403315,350.05658426655214,12.0,252.6315789473684
3.115525960922241,154.6761651410347,197.02325581395348,39.348837209302324,183.73135638299698,-197.56906077348066,38.45303867403315,346.41016151377556,12.5,250.0
3.1634209156036377,153.2505783655413,195.48387096774192,38.57142857142857,182.72184343583768,-196.4835164835165,38.24175824175824,350.05658426655214,12.631578947368421,252.31578947368422
3.2117860317230225,153.96007178390025,196.11111111111111,38.75,182.72184343583768,-196.4835164835165,38.40659340659341,346.41016151377556,12.5,249.6875
3.259363889694214,153.2505783655413,195.48387096774192,38.70967741935484,182.72184343583768,-196.4835164835165,38.57142857142857,350.05658426655214,12.0,252.6315789473684
3.307567834854126,153.96007178390025,196.11111111111111,38.888888888888886,182.72184343583768,-196.4835164835165,38.40659340659341,346.41016151377556,12.5,250.0
3.3553860187530518,153.96007178390025,196.38888888888889,38.888888888888886,183.73135638299698,-197.56906077348066,38.28729281767956,346.41016151377556,12.5,249.6875
3.403599977493286,153.96007178390025,196.38888888888889,38.888888888888886,182.72184343583768,-196.4835164835165,38.24175824175824,346.41016151377556,12.5,250.0
3.451817035675049,153.96007178390025,196.11111111111111,38.888888888888886,181.7233634170626,-195.40983606557376,38.032786885245905,346.41016151377556,12.5,249.6875
3.5159120559692383,153.2505783655413,195.48387096774192,38.70967741935484,183.73135638299698,-197.56906077348066,38.45303867403315,346.41016151377556,12.5,250.0
3.5638129711151123,151.85102970466875,193.97260273972603,38.082191780821915,183.73135638299698,-197.56906077348066,38.28729281767956,346.41016151377556,12.5,250.0
3.6438517570495605,153.2505783655413,195.48387096774192,38.70967741935484,183.73135638299698,-197.56906077348066,38.28729281767956,350.05658426655214,12.0,252.6315789473684
3.6919288635253906,153.96007178390025,196.11111111111111,38.888888888888886,182.72184343583768,-196.4835164835165,38.24175824175824,350.05658426655214,12.0,252.6315789473684
3.739621877670288,153.2505783655413,195.48387096774192,38.70967741935484,183.73135638299698,-197.90055248618785,38.45303867403315,342.83892273528306,12.371134020618557,247.42268041237116
3.787761926651001,153.2505783655413,195.2073732718894,38.57142857142857,183.73135638299698,-197.90055248618785,38.45303867403315,342.83892273528306,12.371134020618557,247.1134020618557
3.83528208732605,153.2505783655413,195.48387096774192,38.57142857142857,182.72184343583768,-196.4835164835165,38.40659340659341,346.41016151377556,12.5,249.6875
3.883798837661743,153.96007178390025,196.11111111111111,38.611111111111114,182.72184343583768,-196.8131868131868,38.24175824175824,346.41016151377556,12.5,249.6875
3.931535005569458,153.2505783655413,195.2073732718894,38.433179723502306,183.73135638299698,-197.90055248618785,38.61878453038674,346.41016151377556,12.5,249.6875
3.9794037342071533,153.96007178390025,196.11111111111111,38.75,183.73135638299698,-197.90055248618785,38.45303867403315,346.41016151377556,12.5,249.6875
4.027821779251099,153.96007178390025,196.11111111111111,38.888888888888886,183.73135638299698,-197.90055248618785,38.28729281767956,346.41016151377556,12.5,249.6875
4.075605154037476,153.96007178390025,196.11111111111111,38.611111111111114,182.72184343583768,-196.4835164835165,37.91208791208791,350.05658426655214,12.0,252.6315789473684
4.123546838760376,153.2505783655413,195.2073732718894,38.57142857142857,182.72184343583768,-196.4835164835165,37.91208791208791,346.41016151377556,12.5,249.6875
4.171777963638306,152.54759406111216,194.58715596330276,38.11926605504587,182.72184343583768,-196.4835164835165,37.91208791208791,346.41016151377556,11.875,249.6875
4.220258951187134,153.96007178390025,196.38888888888889,38.47222222222222,182.72184343583768,-196.4835164835165,37.91208791208791,346.41016151377556,12.5,249.6875
4.270086050033569,153.96007178390025,196.11111111111111,38.47222222222222,182.72184343583768,-196.8131868131868,37.747252747252745,342.83892273528306,12.371134020618557,247.1134020618557
4.315464973449707,153.96007178390025,196.38888888888889,38.333333333333336,182.72184343583768,-196.4835164835165,37.747252747252745,346.41016151377556,12.5,249.6875
4.3636438846588135,153.2505783655413,195.48387096774192,38.294930875576036,183.73135638299698,-197.90055248618785,37.95580110497237,342.83892273528306,12.371134020618557,246.80412371134025
4.4115118980407715,153.2505783655413,195.48387096774192,38.57142857142857,182.72184343583768,-196.8131868131868,37.91208791208791,350.05658426655214,12.0,252.31578947368422
4.4595019817352295,153.2505783655413,195.76036866359448,38.70967741935484,182.72184343583768,-196.8131868131868,37.91208791208791,350.05658426655214,12.0,252.0
4.507501840591431,153.2505783655413,195.48387096774192,38.294930875576036,182.72184343583768,-197.14285714285714,37.91208791208791,350.05658426655214,12.0,252.0
4.555360794067383,152.54759406111216,194.86238532110093,38.39449541284404,181.7233634170626,-195.7377049180328,37.868852459016395,346.41016151377556,11.875,249.6875
4.603371858596802,151.85102970466875,194.24657534246575,38.082191780821915,182.72184343583768,-197.14285714285714,37.91208791208791,346.41016151377556,12.5,249.375
4.651221752166748,153.96007178390025,196.66666666666666,38.611111111111114,182.72184343583768,-197.14285714285714,38.07692307692308,350.05658426655214,12.0,252.0
4.715285778045654,153.96007178390025,196.66666666666666,38.888888888888886,181.7233634170626,-196.0655737704918,38.032786885245905,346.41016151377556,11.875,249.6875
4.763252019882202,153.2505783655413,196.036866359447,38.70967741935484,183.73135638299698,-198.5635359116022,38.28729281767956,346.41016151377556,11.875,250.0
4.811035871505737,152.54759406111216,195.13761467889907,38.53211009174312,184.75208614068032,-199.66666666666666,38.5,346.41016151377556,11.875,249.6875
4.859571933746338,154.6761651410347,197.58139534883722,39.2093023255814,182.72184343583768,-197.14285714285714,38.07692307692308,350.05658426655214,12.0,252.6315789473684
4.90716814994812,153.2505783655413,196.036866359447,38.70967741935484,182.72184343583768,-197.14285714285714,38.24175824175824,350.05658426655214,12.0,252.94736842105263
4.955615997314453,153.2505783655413,195.76036866359448,38.57142857142857,182.72184343583768,-197.14285714285714,38.40659340659341,342.83892273528306,12.371134020618557,247.73195876288665
5.0033087730407715,153.96007178390025,196.66666666666666,38.888888888888886,182.72184343583768,-197.14285714285714,38.24175824175824,342.83892273528306,12.371134020618557,247.73195876288665
5.051627159118652,153.96007178390025,196.38888888888889,38.888888888888886,183.73135638299698,-198.23204419889504,38.78453038674033,346.41016151377556,12.5,250.3125
5.131509780883789,153.2505783655413,195.48387096774192,38.433179723502306,182.72184343583768,-196.8131868131868,38.24175824175824,350.05658426655214,12.0,252.6315789473684
5.1794469356536865,153.2505783655413,195.2073732718894,38.70967741935484,183.73135638299698,-197.90055248618785,38.28729281767956,350.05658426655214,12.0,252.31578947368422
5.227391004562378,153.2505783655413,194.93087557603687,38.433179723502306,183.73135638299698,-197.90055248618785,38.28729281767956,346.41016151377556,11.875,250.0
5.275406837463379,153.96007178390025,196.11111111111111,38.333333333333336,183.73135638299698,-197.56906077348066,37.95580110497237,350.05658426655214,12.0,252.31578947368422
5.329509019851685,153.96007178390025,196.11111111111111,38.19444444444444,183.73135638299698,-197.56906077348066,37.790055248618785,350.05658426655214,12.0,252.0
5.3881847858428955,153.96007178390025,195.83333333333334,38.05555555555556,182.72184343583768,-196.4835164835165,37.417582417582416,346.41016151377556,11.875,249.6875
5.436493873596191,153.2505783655413,195.2073732718894,37.74193548387097,183.73135638299698,-197.56906077348066,37.4585635359116,350.05658426655214,12.0,252.31578947368422
5.483309984207153,153.96007178390025,196.11111111111111,37.77777777777778,182.72184343583768,-196.8131868131868,37.417582417582416,346.41016151377556,12.5,249.0625
5.531548976898193,153.96007178390025,196.11111111111111,38.333333333333336,183.73135638299698,-197.90055248618785,37.6243093922652,350.05658426655214,12.0,252.0
5.612298011779785,153.2505783655413,195.76036866359448,38.15668202764977,182.72184343583768,-197.14285714285714,37.747252747252745,342.83892273528306,12.371134020618557,246.49484536082477
5.659968137741089,152.54759406111216,195.13761467889907,38.25688073394495,183.73135638299698,-198.5635359116022,38.28729281767956,350.05658426655214,12.0,252.0
5.707785129547119,153.2505783655413,196.036866359447,38.70967741935484,182.72184343583768,-197.47252747252747,38.57142857142857,346.41016151377556,12.5,249.375
5.755527019500732,153.2505783655413,196.31336405529953,39.26267281105991,183.73135638299698,-198.8950276243094,39.11602209944751,342.83892273528306,12.371134020618557,247.1134020618557
5.803524971008301,153.2505783655413,196.31336405529953,39.53917050691244,182.72184343583768,-197.8021978021978,39.065934065934066,350.05658426655214,12.0,252.31578947368422
5.851475954055786,152.54759406111216,195.41284403669724,39.63302752293578,182.72184343583768,-197.8021978021978,39.23076923076923,350.05658426655214,12.0,252.6315789473684
5.899860143661499,151.85102970466875,194.5205479452055,39.45205479452055,182.72184343583768,-197.47252747252747,39.23076923076923,346.41016151377556,11.875,250.3125
5.94733190536499,152.54759406111216,195.13761467889907,39.63302752293578,181.7233634170626,-196.0655737704918,39.01639344262295,346.41016151377556,11.875,250.625
5.9954729080200195,153.2505783655413,195.48387096774192,39.26267281105991,182.72184343583768,-197.14285714285714,38.9010989010989,350.05658426655214,12.0,252.94736842105263
6.043224811553955,152.54759406111216,194.3119266055046,38.80733944954128,183.73135638299698,-197.56906077348066,38.61878453038674,346.41016151377556,11.875,250.9375
6.091533899307251,153.2505783655413,194.93087557603687,38.433179723502306,184.75208614068032,-198.33333333333334,38.166666666666664,346.41016151377556,11.875,251.25
6.1399359703063965,153.96007178390025,195.27777777777777,37.77777777777778,183.73135638299698,-196.9060773480663,37.29281767955801,346.41016151377556,11.875,250.625
6.187480926513672,153.96007178390025,194.72222222222223,37.22222222222222,184.75208614068032,-197.66666666666666,37.0,342.83892273528306,12.371134020618557,247.73195876288665
6.23581600189209,154.6761651410347,195.34883720930233,36.83720930232558,183.73135638299698,-196.5745856353591,36.629834254143645,346.41016151377556,11.875,250.3125
6.283897876739502,154.6761651410347,195.62790697674419,36.69767441860465,184.75208614068032,-198.0,36.5,346.41016151377556,11.875,249.6875
6.3318259716033936,153.2505783655413,194.3778801843318,36.35944700460829,183.73135638299698,-196.9060773480663,36.46408839779006,342.83892273528306,12.371134020618557,246.49484536082477
6.379318952560425,152.54759406111216,193.76146788990826,36.74311926605505,182.72184343583768,-196.15384615384616,36.75824175824176,350.05658426655214,12.0,251.3684210526316
6.427325010299683,152.54759406111216,194.3119266055046,37.706422018348626,182.72184343583768,-196.8131868131868,37.582417582417584,342.83892273528306,12.371134020618557,245.87628865979386
6.475437879562378,153.2505783655413,195.76036866359448,38.986175115207374,182.72184343583768,-197.8021978021978,38.57142857142857,350.05658426655214,12.0,250.42105263157896
6.523644924163818,152.54759406111216,195.41284403669724,39.908256880733944,182.72184343583768,-198.13186813186815,39.72527472527472,342.83892273528306,12.371134020618557,245.87628865979386
6.571843862533569,152.54759406111216,195.96330275229357,41.14678899082569,181.7233634170626,-197.37704918032787,40.49180327868852,350.05658426655214,12.0,251.3684210526316
6.651809930801392,151.1607977514657,194.45454545454547,41.72727272727273,182.72184343583768,-198.7912087912088,41.53846153846154,346.41016151377556,11.875,249.375
6.6995720863342285,152.54759406111216,195.41284403669724,41.972477064220186,183.73135638299698,-199.22651933701658,41.60220994475138,346.41016151377556,11.875,250.3125
6.747274875640869,153.2505783655413,195.76036866359448,41.474654377880185,183.73135638299698,-198.8950276243094,41.43646408839779,346.41016151377556,11.875,250.625
6.795538902282715,153.2505783655413,195.2073732718894,40.23041474654378,183.73135638299698,-197.90055248618785,40.110497237569064,350.05658426655214,12.0,254.21052631578948
6.843146800994873,154.6761651410347,195.62790697674419,38.7906976744186,184.75208614068032,-198.0,38.5,346.41016151377556,11.875,252.1875
6.891990900039673,154.6761651410347,194.7906976744186,36.83720930232558,185.78422070012547,-198.10055865921788,36.87150837988827,346.41016151377556,11.875,252.1875
6.93994402885437,154.6761651410347,194.2325581395349,35.02325581395349,185.78422070012547,-197.43016759776538,35.19553072625698,342.83892273528306,11.75257731958763,249.5876288659794
6.987509727478027,154.6761651410347,194.2325581395349,33.906976744186046,185.78422070012547,-197.0949720670391,34.022346368715084,346.41016151377556,11.875,251.25
7.035773992538452,154.6761651410347,194.51162790697674,33.906976744186046,184.75208614068032,-196.33333333333334,33.833333333333336,350.05658426655214,12.0,253.26315789473685
7.083878040313721,153.96007178390025,194.16666666666666,35.138888888888886,183.73135638299698,-195.91160220994476,34.30939226519337,346.41016151377556,11.875,249.375
7.131612062454224,153.96007178390025,195.0,35.97222222222222,183.73135638299698,-196.9060773480663,35.6353591160221,346.41016151377556,11.875,248.4375
7.179318904876709,153.2505783655413,195.48387096774192,38.15668202764977,181.7233634170626,-195.7377049180328,37.540983606557376,350.05658426655214,12.0,250.42105263157896
7.227508068084717,152.54759406111216,195.96330275229357,41.00917431192661,182.72184343583768,-198.13186813186815,40.54945054945055,353.7805904821538,12.127659574468085,252.12765957446808
7.27524995803833,151.85102970466875,196.16438356164383,43.42465753424658,182.72184343583768,-199.45054945054946,43.18681318681319,346.41016151377556,12.5,246.5625
7.323338747024536,151.85102970466875,196.43835616438355,45.342465753424655,182.72184343583768,-200.1098901098901,45.0,350.05658426655214,12.0,249.78947368421052
7.371312856674194,151.1607977514657,195.54545454545453,45.68181818181818,181.7233634170626,-198.68852459016392,45.08196721311475,346.41016151377556,12.5,247.8125
7.419496059417725,152.54759406111216,196.23853211009174,45.0,181.7233634170626,-197.70491803278688,44.09836065573771,350.05658426655214,12.0,251.68421052631578
7.467518091201782,153.2505783655413,195.76036866359448,42.71889400921659,183.73135638299698,-198.5635359116022,42.430939226519335,350.05658426655214,12.0,253.26315789473685
7.531559944152832,153.96007178390025,195.0,39.44444444444444,183.73135638299698,-196.9060773480663,39.11602209944751,346.41016151377556,11.875,252.1875
7.580021142959595,153.96007178390025,193.61111111111111,35.69444444444444,184.75208614068032,-196.33333333333334,35.666666666666664,346.41016151377556,11.875,253.125
7.627378940582275,154.6761651410347,193.3953488372093,32.7906976744186,185.78422070012547,-196.4245810055866,32.849162011173185,342.83892273528306,11.75257731958763,251.4432989690722
7.675580978393555,155.39895095945073,193.45794392523365,31.26168224299066,184.75208614068032,-194.66666666666666,30.833333333333332,342.83892273528306,11.75257731958763,251.4432989690722
7.723890066146851,156.86497879869083,195.56603773584905,31.55660377358491,185.78422070012547,-196.08938547486034,31.00558659217877,342.83892273528306,11.75257731958763,250.20618556701035
7.771836042404175,153.96007178390025,193.33333333333334,32.638888888888886,183.73135638299698,-194.91712707182322,32.48618784530387,342.83892273528306,11.75257731958763,248.9690721649485
7.820061922073364,154.6761651410347,195.34883720930233,36.41860465116279,183.73135638299698,-196.5745856353591,35.80110497237569,346.41016151377556,11.875,249.6875
7.867402076721191,153.2505783655413,195.48387096774192,40.36866359447004,181.7233634170626,-196.0655737704918,39.50819672131148,346.41016151377556,11.875,247.8125
7.932000160217285,152.54759406111216,195.96330275229357,44.58715596330275,181.7233634170626,-197.70491803278688,43.60655737704918,350.05658426655214,12.0,248.8421052631579
7.979161024093628,152.54759406111216,196.78899082568807,47.75229357798165,180.73573644196986,-197.6086956521739,46.46739130434783,350.05658426655214,12.0,247.57894736842104
8.027425765991211,152.54759406111216,197.06422018348624,49.26605504587156,182.72184343583768,-200.1098901098901,48.2967032967033,357.58468285292963,11.612903225806452,252.90322580645164
8.075262069702148,153.2505783655413,197.14285714285714,48.525345622119815,181.7233634170626,-198.0327868852459,47.049180327868854,353.7805904821538,12.127659574468085,251.48936170212767
8.15581202507019,153.2505783655413,194.65437788018434,42.857142857142854,183.73135638299698,-197.56906077348066,42.430939226519335,350.05658426655214,12.0,251.68421052631578
8.203260898590088,155.39895095945073,195.14018691588785,38.69158878504673,184.75208614068032,-196.66666666666666,38.333333333333336,346.41016151377556,11.875,251.5625
8.251744031906128,154.6761651410347,192.5581395348837,34.18604651162791,185.78422070012547,-195.75418994413408,34.357541899441344,342.83892273528306,11.75257731958763,251.13402061855675
8.300686836242676,156.12852349916645,193.5211267605634,31.690140845070427,185.78422070012547,-194.41340782122904,31.34078212290503,342.83892273528306,11.75257731958763,252.3711340206186
8.347455024719238,156.12852349916645,192.95774647887325,30.563380281690144,185.78422070012547,-194.0782122905028,30.335195530726256,342.83892273528306,11.1340206185567,252.98969072164954
8.395462036132812,156.86497879869083,194.1509433962264,30.707547169811324,185.78422070012547,-194.41340782122904,30.335195530726256,342.83892273528306,11.1340206185567,252.98969072164954
8.443429946899414,155.39895095945073,194.01869158878506,32.663551401869164,185.78422070012547,-195.75418994413408,32.3463687150838,342.83892273528306,11.75257731958763,251.4432989690722
8.491440057754517,155.39895095945073,195.14018691588785,36.44859813084113,183.73135638299698,-195.24861878453038,35.6353591160221,346.41016151377556,11.25,251.875
8.540008068084717,153.2505783655413,194.65437788018434,40.645161290322584,181.7233634170626,-195.08196721311475,39.83606557377049,350.05658426655214,12.0,251.3684210526316
8.587440013885498,152.54759406111216,195.13761467889907,45.0,182.72184343583768,-198.13186813186815,44.505494505494504,350.05658426655214,12.0,249.1578947368421
8.635349750518799,152.54759406111216,196.5137614678899,48.71559633027523,182.72184343583768,-199.45054945054946,47.967032967032964,353.7805904821538,12.127659574468085,249.5744680851064
8.683639764785767,153.2505783655413,197.69585253456222,50.87557603686636,182.72184343583768,-199.78021978021977,49.78021978021978,353.7805904821538,12.127659574468085,248.93617021276594
8.747889041900635,152.54759406111216,196.23853211009174,50.22935779816514,182.72184343583768,-199.12087912087912,49.61538461538461,353.7805904821538,12.127659574468085,249.89361702127658
8.795308828353882,153.2505783655413,196.036866359447,47.97235023041475,182.72184343583768,-197.8021978021978,47.30769230769231,350.05658426655214,12.631578947368421,248.52631578947367
8.843499898910522,154.6761651410347,196.1860465116279,44.51162790697674,184.75208614068032,-198.33333333333334,44.333333333333336,350.05658426655214,12.0,251.68421052631578
8.891227006912231,153.96007178390025,193.61111111111111,39.861111111111114,184.75208614068032,-196.0,39.833333333333336,346.41016151377556,11.875,251.875
8.939679145812988,155.39895095945073,193.45794392523365,36.028037383177576,185.78422070012547,-195.08379888268158,35.865921787709496,346.41016151377556,11.875,254.6875
8.987448930740356,156.86497879869083,193.8679245283019,33.25471698113208,187.8834774312003,-195.9322033898305,33.05084745762712,342.83892273528306,11.75257731958763,253.9175257731959
9.035484075546265,157.60841471716805,194.218009478673,31.848341232227487,186.82795227709244,-193.82022471910113,31.011235955056186,342.83892273528306,11.75257731958763,254.53608247422684
9.083739995956421,156.86497879869083,193.58490566037736,32.12264150943397,185.78422070012547,-193.07262569832403,31.1731843575419,342.83892273528306,11.75257731958763,253.60824742268045
9.147862911224365,155.39895095945073,193.17757009345794,34.20560747663552,184.75208614068032,-193.0,33.333333333333336,342.83892273528306,11.75257731958763,251.75257731958766
9.195381879806519,154.6761651410347,193.67441860465115,37.95348837209303,183.73135638299698,-193.59116022099448,36.79558011049724,350.05658426655214,11.368421052631579,253.57894736842104
9.243381023406982,153.96007178390025,194.16666666666666,42.5,183.73135638299698,-195.58011049723757,41.43646408839779,350.05658426655214,12.0,251.05263157894737
9.291802883148193,154.6761651410347,196.1860465116279,47.30232558139535,184.75208614068032,-198.33333333333334,46.5,353.7805904821538,12.127659574468085,250.85106382978722
9.34001898765564,152.54759406111216,194.86238532110093,50.22935779816514,182.72184343583768,-197.14285714285714,49.61538461538461,357.58468285292963,12.258064516129032,251.2903225806452
9.387373924255371,154.6761651410347,197.02325581395348,52.74418604651163,182.72184343583768,-197.8021978021978,51.59340659340659,357.58468285292963,12.258064516129032,251.2903225806452
9.435466766357422,154.6761651410347,197.02325581395348,52.18604651162791,182.72184343583768,-197.47252747252747,51.59340659340659,353.7805904821538,12.76595744680851,249.5744680851064
9.483866930007935,154.6761651410347,196.1860465116279,49.81395348837209,182.72184343583768,-196.15384615384616,49.285714285714285,353.7805904821538,12.127659574468085,252.12765957446808
9.547386884689331,155.39895095945073,194.85981308411215,45.700934579439256,184.75208614068032,-196.33333333333334,46.0,350.05658426655214,12.0,252.6315789473684
9.595531940460205,156.86497879869083,194.71698113207546,41.462264150943405,186.82795227709244,-196.51685393258427,41.79775280898877,350.05658426655214,12.0,256.10526315789474
9.675748825073242,159.11662921206917,194.64114832535884,35.311004784689,186.82795227709244,-192.80898876404495,34.88764044943821,346.41016151377556,11.875,257.5
9.72346305847168,158.35893097772598,192.85714285714286,33.57142857142857,187.8834774312003,-192.54237288135593,32.8813559322034,342.83892273528306,11.75257731958763,256.08247422680415
9.77158784866333,159.11662921206917,193.7799043062201,33.8755980861244,188.9509971893321,-193.63636363636363,32.727272727272734,342.83892273528306,11.75257731958763,255.15463917525778
9.819817066192627,157.60841471716805,192.7962085308057,35.829383886255926,187.8834774312003,-193.22033898305085,34.406779661016955,346.41016151377556,11.875,255.9375
9.867555856704712,156.12852349916645,192.67605633802816,39.5774647887324,184.75208614068032,-191.33333333333334,37.833333333333336,350.05658426655214,11.368421052631579,255.47368421052633
9.915489912033081,155.39895095945073,193.45794392523365,44.29906542056075,184.75208614068032,-193.33333333333334,42.5,353.7805904821538,11.48936170212766,255.31914893617022
9.963717937469482,155.39895095945073,194.29906542056074,47.52336448598132,184.75208614068032,-195.0,46.0,357.58468285292963,11.612903225806452,255.48387096774198
10.011413097381592,153.96007178390025,193.88888888888889,51.25,184.75208614068032,-196.66666666666666,50.666666666666664,357.58468285292963,11.612903225806452,252.58064516129036
10.059942960739136,156.12852349916645,196.90140845070422,54.78873239436621,183.73135638299698,-196.5745856353591,53.20441988950276,361.4714728839397,12.391304347826088,254.34782608695653
10.107387065887451,153.96007178390025,194.44444444444446,54.166666666666664,183.73135638299698,-196.9060773480663,54.3646408839779,357.58468285292963,12.258064516129032,251.93548387096777
10.155302047729492,153.96007178390025,193.88888888888889,52.22222222222222,183.73135638299698,-195.91160220994476,53.20441988950276,357.58468285292963,12.258064516129032,253.54838709677423
10.203349113464355,156.86497879869083,195.28301886792454,49.38679245283019,184.75208614068032,-195.66666666666666,50.5,357.58468285292963,12.258064516129032,256.45161290322585
10.251885890960693,157.60841471716805,194.218009478673,45.355450236966824,186.82795227709244,-195.5056179775281,46.85393258426967,353.7805904821538,12.127659574468085,257.5531914893617
10.299499750137329,159.11662921206917,194.35406698564594,41.6267942583732,186.82795227709244,-193.14606741573033,42.134831460674164,346.41016151377556,12.5,255.3125
10.347974061965942,159.11662921206917,192.91866028708134,39.04306220095694,186.82795227709244,-191.46067415730337,39.606741573033716,350.05658426655214,12.0,260.2105263157895
10.39551591873169,159.88161300635798,192.69230769230768,36.77884615384615,188.9509971893321,-191.9318181818182,36.98863636363637,346.41016151377556,11.875,259.0625
10.443309783935547,160.65398794841764,193.04347826086956,36.3768115942029,188.9509971893321,-190.9090909090909,35.45454545454546,350.05658426655214,11.368421052631579,261.7894736842105
10.491909980773926,159.88161300635798,192.40384615384616,37.35576923076923,191.12284773173826,-193.44827586206895,36.37931034482759,346.41016151377556,11.875,257.5
10.539300918579102,159.11662921206917,192.6315789473684,40.334928229665074,188.9509971893321,-191.9318181818182,38.69318181818183,353.7805904821538,11.48936170212766,261.06382978723406
10.587913036346436,158.35893097772598,193.14285714285714,44.57142857142857,187.8834774312003,-192.20338983050848,42.37288135593221,357.58468285292963,11.612903225806452,260.32258064516134
10.635365962982178,157.60841471716805,193.64928909952607,48.76777251184834,186.82795227709244,-192.80898876404495,46.85393258426967,357.58468285292963,12.258064516129032,257.0967741935484
10.683743000030518,156.12852349916645,193.2394366197183,52.3943661971831,185.78422070012547,-193.40782122905028,51.28491620111732,357.58468285292963,12.258064516129032,254.5161290322581
10.74777889251709,157.60841471716805,195.35545023696682,55.7345971563981,185.78422070012547,-194.7486033519553,54.80446927374302,361.4714728839397,12.391304347826088,255.65217391304347
10.795245885848999,157.60841471716805,195.35545023696682,56.58767772511848,185.78422070012547,-195.41899441340783,56.64804469273743,357.58468285292963,12.903225806451612,253.22580645161295
10.843073844909668,158.35893097772598,196.0,55.57142857142857,184.75208614068032,-194.33333333333334,56.833333333333336,361.4714728839397,13.043478260869565,257.60869565217394
10.891494035720825,157.60841471716805,193.64928909952607,52.74881516587678,185.78422070012547,-194.41340782122904,54.97206703910614,357.58468285292963,12.903225806451612,257.0967741935484
10.939875841140747,159.11662921206917,194.06698564593302,49.377990430622006,187.8834774312003,-195.25423728813558,52.033898305084755,357.58468285292963,12.903225806451612,260.6451612903226
10.987285852432251,159.11662921206917,192.3444976076555,45.50239234449761,190.03071717327117,-195.42857142857142,48.34285714285714,353.7805904821538,12.76595744680851,261.3829787234043
11.035798788070679,161.4338616763226,192.81553398058253,42.66990291262136,190.03071717327117,-193.02857142857144,44.4,350.05658426655214,12.631578947368421,261.1578947368421
11.083751916885376,162.2213439284022,192.58536585365854,40.82926829268293,191.12284773173826,-192.06896551724137,41.724137931034484,346.41016151377556,12.5,260.0
11.163811922073364,161.4338616763226,191.35922330097088,40.04854368932039,192.22760407700838,-192.1387283236994,40.05780346820809,350.05658426655214,12.0,262.10526315789474
11.211334943771362,160.65398794841764,190.7246376811594,41.594202898550726,192.22760407700838,-191.79190751445086,40.7514450867052,353.7805904821538,12.127659574468085,263.6170212765957
11.259930849075317,159.11662921206917,190.04784688995215,43.92344497607655,190.03071717327117,-190.62857142857143,42.857142857142854,357.58468285292963,11.612903225806452,263.54838709677426
11.30729603767395,158.35893097772598,190.28571428571428,47.57142857142857,188.9509971893321,-190.5681818181818,46.534090909090914,353.7805904821538,12.127659574468085,257.5531914893617
11.355856895446777,159.88161300635798,192.69230769230768,52.06730769230769,187.8834774312003,-191.1864406779661,50.67796610169492,361.4714728839397,12.391304347826088,259.5652173913044
11.40335488319397,158.35893097772598,192.28571428571428,55.142857142857146,187.8834774312003,-192.88135593220338,55.084745762711876,365.44368687167537,12.527472527472527,260.43956043956047
11.451547861099243,159.11662921206917,193.4928229665072,57.55980861244019,187.8834774312003,-193.89830508474577,58.47457627118645,365.44368687167537,13.186813186813186,259.45054945054943
11.499593019485474,158.35893097772598,192.85714285714286,58.142857142857146,188.9509971893321,-195.6818181818182,60.170454545454554,365.44368687167537,13.186813186813186,259.7802197802198
11.563796997070312,159.88161300635798,193.84615384615384,57.11538461538461,186.82795227709244,-192.80898876404495,59.49438202247192,361.4714728839397,13.695652173913043,258.9130434782609
11.611260890960693,161.4338616763226,194.27184466019418,55.33980582524272,186.82795227709244,-191.46067415730337,57.134831460674164,365.44368687167537,13.186813186813186,264.72527472527474
11.659594058990479,161.4338616763226,192.81553398058253,51.55339805825243,188.9509971893321,-192.27272727272728,54.37500000000001,357.58468285292963,12.903225806451612,262.90322580645164
11.707582950592041,162.2213439284022,191.70731707317074,48.14634146341464,192.22760407700838,-193.52601156069363,51.15606936416185,357.58468285292963,12.903225806451612,265.8064516129033
11.755357027053833,163.81958377006137,191.5270935960591,45.81280788177341,193.34520642629334,-192.5581395348837,47.7906976744186,353.7805904821538,12.76595744680851,265.531914893617
11.803855895996094,161.4338616763226,188.44660194174756,43.25242718446602,195.61985591366147,-193.41176470588235,45.529411764705884,353.7805904821538,12.127659574468085,266.8085106382979
11.851430892944336,163.0165465947179,190.0,43.235294117647065,193.34520642629334,-190.11627906976744,43.43023255813954,353.7805904821538,12.127659574468085,266.48936170212767
11.899909973144531,162.2213439284022,189.0731707317073,44.04878048780488,194.47588014808454,-191.57894736842104,44.3859649122807,353.7805904821538,12.127659574468085,265.21276595744683
11.963881969451904,162.2213439284022,189.65853658536585,46.53658536585367,191.12284773173826,-188.9655172413793,46.206896551724135,353.7805904821538,12.76595744680851,262.3404255319149
12.011525869369507,162.2213439284022,190.82926829268294,50.19512195121952,190.03071717327117,-188.9142857142857,49.885714285714286,361.4714728839397,12.391304347826088,265.10869565217394
12.059338092803955,161.4338616763226,191.06796116504853,54.029126213592235,190.03071717327117,-190.62857142857143,54.51428571428571,361.4714728839397,13.043478260869565,261.19565217391306
12.107792854309082,159.88161300635798,190.67307692307693,56.97115384615385,188.9509971893321,-190.9090909090909,58.806818181818194,361.4714728839397,13.695652173913043,258.9130434782609
12.15541386604309,161.4338616763226,192.5242718446602,60.14563106796116,191.12284773173826,-194.48275862068965,62.93103448275862,365.44368687167537,13.846153846153847,260.7692307692308
12.203322887420654,160.65398794841764,191.59420289855072,60.869565217391305,191.12284773173826,-194.82758620689654,64.65517241379311,365.44368687167537,13.846153846153847,260.7692307692308
12.251369953155518,162.2213439284022,192.58536585365854,60.73170731707318,190.03071717327117,-192.68571428571428,63.94285714285714,369.50417228136064,14.0,264.6666666666667
12.300053119659424,162.2213439284022,191.1219512195122,58.39024390243903,190.03071717327117,-191.31428571428572,61.714285714285715,365.44368687167537,13.846153846153847,264.72527472527474
12.363266944885254,163.81958377006137,191.23152709359607,55.41871921182267,193.34520642629334,-193.25581395348837,59.30232558139535,361.4714728839397,13.695652173913043,265.10869565217394
12.411445140838623,163.81958377006137,189.16256157635468,51.72413793103449,195.61985591366147,-193.41176470588235,55.588235294117645,361.4714728839397,13.043478260869565,268.69565217391306
12.459152936935425,165.4496293797137,189.2537313432836,48.656716417910445,196.77736985397902,-192.07100591715977,51.834319526627226,361.4714728839397,13.043478260869565,271.6304347826087
12.507313966751099,166.27687752661228,188.4,46.5,197.94866372215748,-191.78571428571428,49.46428571428572,353.7805904821538,13.404255319148936,267.7659574468085
12.555399894714355,166.27687752661228,188.1,45.6,197.94866372215748,-190.71428571428572,48.03571428571429,357.58468285292963,12.903225806451612,271.2903225806452
12.603394985198975,165.4496293797137,187.76119402985074,46.11940298507463,199.1339850618111,-192.21556886227546,49.22155688622755,357.58468285292963,12.903225806451612,270.00000000000006
12.683529138565063,164.63057180852698,188.31683168316832,50.79207920792079,194.47588014808454,-189.47368421052633,53.333333333333336,361.4714728839397,13.043478260869565,269.0217391304348
12.731454133987427,163.81958377006137,188.86699507389162,54.975369458128085,194.47588014808454,-191.2280701754386,58.24561403508772,365.44368687167537,13.846153846153847,269.010989010989
12.77978777885437,163.0165465947179,188.8235294117647,57.64705882352942,193.34520642629334,-191.1627906976744,61.04651162790697,365.44368687167537,13.846153846153847,266.7032967032967
12.827315092086792,163.0165465947179,189.7058823529412,61.617647058823536,194.47588014808454,-194.03508771929825,65.78947368421052,369.50417228136064,14.0,266.6666666666667
12.875338077545166,163.0165465947179,190.58823529411765,64.41176470588236,194.47588014808454,-194.73684210526315,69.29824561403508,365.44368687167537,14.505494505494505,262.0879120879121
12.923627138137817,161.4338616763226,188.44660194174756,64.80582524271844,195.61985591366147,-196.23529411764707,70.58823529411765,373.6559045541849,14.831460674157304,267.9775280898877
12.971963882446289,163.0165465947179,189.41176470588235,64.26470588235296,194.47588014808454,-194.03508771929825,69.47368421052632,369.50417228136064,14.666666666666666,266.3333333333333
13.01932406425476,163.0165465947179,187.94117647058823,61.617647058823536,194.47588014808454,-191.9298245614035,66.49122807017544,369.50417228136064,14.666666666666666,268.6666666666667
13.067518949508667,163.81958377006137,187.0935960591133,57.931034482758626,196.77736985397902,-192.42603550295857,63.550295857988175,365.44368687167537,14.505494505494505,268.68131868131866
13.115449905395508,166.27687752661228,186.9,54.45,199.1339850618111,-192.21556886227546,59.46107784431139,365.44368687167537,13.846153846153847,272.6373626373626
13.1633780002594,167.956441946073,187.57575757575756,52.57575757575758,200.33358738146057,-191.9277108433735,57.10843373493976,361.4714728839397,14.347826086956522,271.30434782608694
13.21139907836914,167.956441946073,186.06060606060606,49.696969696969695,200.33358738146057,-190.12048192771084,54.21686746987952,361.4714728839397,13.695652173913043,274.2391304347826
13.259089946746826,167.956441946073,185.45454545454547,48.03030303030303,201.5477303352876,-189.8181818181818,53.09090909090909,361.4714728839397,13.695652173913043,274.89130434782606
13.307435750961304,167.956441946073,185.15151515151516,48.484848484848484,201.5477303352876,-190.1818181818182,53.63636363636363,357.58468285292963,14.193548387096774,271.6129032258065
13.355401039123535,168.80901271737287,186.39593908629442,50.86294416243655,201.5477303352876,-191.27272727272728,56.18181818181818,361.4714728839397,14.347826086956522,272.9347826086956
13.403808832168579,167.956441946073,186.96969696969697,54.39393939393939,199.1339850618111,-189.7005988023952,59.46107784431139,365.44368687167537,14.505494505494505,272.967032967033
13.451864957809448,166.27687752661228,186.6,58.65,199.1339850618111,-191.8562874251497,64.311377245509,365.44368687167537,15.164835164835164,270.3296703296703
13.499401092529297,165.4496293797137,187.16417910447763,62.985074626865675,196.77736985397902,-190.6508875739645,68.16568047337279,369.50417228136064,15.333333333333334,270.3333333333333
13.563868045806885,163.81958377006137,186.20689655172413,66.20689655172414,199.1339850618111,-194.7305389221557,73.29341317365271,373.6559045541849,15.50561797752809,271.01123595505624
13.611454963684082,165.4496293797137,188.3582089552239,69.1044776119403,200.33358738146057,-196.6265060240964,76.08433734939759,373.6559045541849,15.50561797752809,270.33707865168543
13.659534931182861,165.4496293797137,187.76119402985074,69.1044776119403,197.94866372215748,-193.57142857142858,75.17857142857144,373.6559045541849,15.50561797752809,271.01123595505624
13.707264184951782,166.27687752661228,187.8,67.65,197.94866372215748,-192.5,73.57142857142858,373.6559045541849,15.50561797752809,272.6966292134832
13.755499839782715,163.81958377006137,183.8423645320197,63.54679802955666,199.1339850618111,-191.8562874251497,70.77844311377247,369.50417228136064,15.333333333333334,273.0
13.803112030029297,167.11243972523846,185.12562814070353,60.45226130653266,201.5477303352876,-192.36363636363637,67.63636363636364,369.50417228136064,15.333333333333334,275.6666666666667
13.851274728775024,169.67028319042066,185.51020408163265,57.091836734693885,204.02070862161014,-192.14723926380367,64.23312883435582,365.44368687167537,15.164835164835164,275.27472527472526
13.899872064590454,170.54038720678182,184.6153846153846,53.846153846153854,204.02070862161014,-190.30674846625766,61.104294478527606,365.44368687167537,15.164835164835164,277.25274725274727
13.963356018066406,170.54038720678182,183.69230769230768,52.00000000000001,205.280095711867,-190.0,59.25925925925926,365.44368687167537,15.164835164835164,278.57142857142856
14.011434078216553,172.3076451052977,184.9740932642487,52.538860103626945,205.280095711867,-189.62962962962962,59.25925925925926,365.44368687167537,15.164835164835164,277.9120879120879
14.059200763702393,172.3076451052977,184.9740932642487,54.09326424870466,204.02070862161014,-188.83435582822085,60.736196319018404,369.50417228136064,15.333333333333334,279.3333333333333
14.107503890991211,170.54038720678182,184.30769230769232,56.61538461538463,202.77667991050276,-188.41463414634146,64.02439024390245,369.50417228136064,16.0,277.0
14.187402725219727,167.956441946073,183.33333333333334,62.878787878787875,204.02070862161014,-192.14723926380367,71.59509202453988,373.6559045541849,16.179775280898877,275.3932584269663
14.23547887802124,167.11243972523846,183.6180904522613,66.63316582914572,204.02070862161014,-193.61963190184048,75.8282208588957,377.9019943786642,16.363636363636363,276.47727272727275
14.283345937728882,166.27687752661228,183.6,69.45,204.02070862161014,-194.72392638036808,78.95705521472392,373.6559045541849,16.853932584269664,272.0224719101124
14.331741094589233,167.956441946073,185.15151515151516,71.81818181818181,202.77667991050276,-193.90243902439025,80.1219512195122,382.2456954634765,16.551724137931036,278.9655172413793
14.37933874130249,166.27687752661228,183.6,70.95,202.77667991050276,-193.53658536585365,80.1219512195122,377.9019943786642,16.363636363636363,276.47727272727275
14.427443981170654,167.11243972523846,183.6180904522613,69.64824120603015,202.77667991050276,-192.8048780487805,78.65853658536585,377.9019943786642,17.045454545454547,278.86363636363643
14.475100040435791,167.956441946073,183.03030303030303,67.27272727272727,204.02070862161014,-192.51533742331287,76.38036809815951,373.6559045541849,16.853932584269664,278.42696629213486
14.52312684059143,169.67028319042066,183.3673469387755,63.82653061224491,205.280095711867,-191.85185185185185,72.96296296296296,373.6559045541849,16.179775280898877,281.79775280898883
14.57148814201355,171.41946136764153,183.09278350515464,60.77319587628867,207.84609690826534,-192.75,70.5,369.50417228136064,16.666666666666668,281.0
14.619093894958496,170.54038720678182,180.92307692307693,57.384615384615394,209.1533050649211,-192.0754716981132,68.30188679245285,369.50417228136064,16.666666666666668,282.3333333333333
14.667381048202515,173.20508075688778,182.1875,56.71875,207.84609690826534,-189.375,66.0,369.50417228136064,16.666666666666668,282.6666666666667
14.715242147445679,172.3076451052977,181.24352331606218,56.424870466321245,207.84609690826534,-189.0,66.1875,373.6559045541849,16.179775280898877,285.16853932584274
14.76329779624939,173.20508075688778,182.1875,57.1875,207.84609690826534,-189.0,67.125,373.6559045541849,16.853932584269664,283.8202247191012
14.811604022979736,173.20508075688778,182.5,60.15625,206.55512736225126,-188.19875776397515,69.1304347826087,373.6559045541849,16.853932584269664,281.4606741573034
14.859941959381104,170.54038720678182,180.6153846153846,62.461538461538474,207.84609690826534,-190.5,73.125,373.6559045541849,17.528089887640448,279.10112359550567
14.907217979431152,169.67028319042066,180.91836734693877,65.96938775510205,207.84609690826534,-191.625,76.875,377.9019943786642,17.727272727272727,280.22727272727275
14.955420017242432,168.80901271737287,181.21827411167513,69.28934010152284,206.55512736225126,-191.1801242236025,80.12422360248448,382.2456954634765,17.93103448275862,281.0344827586207
15.003386974334717,170.54038720678182,183.07692307692307,72.30769230769232,205.280095711867,-190.74074074074073,81.85185185185185,377.9019943786642,18.40909090909091,277.50000000000006
15.05157208442688,168.80901271737287,181.5228426395939,72.48730964467005,205.280095711867,-191.11111111111111,82.96296296296296,377.9019943786642,18.40909090909091,278.18181818181824
15.099703788757324,168.80901271737287,181.21827411167513,71.87817258883248,206.55512736225126,-192.29813664596273,83.47826086956522,377.9019943786642,18.40909090909091,279.2045454545455
15.147418975830078,169.67028319042066,180.91836734693877,70.25510204081634,206.55512736225126,-191.5527950310559,81.80124223602485,373.6559045541849,18.202247191011235,278.7640449438203
15.19544005393982,169.67028319042066,180.6122448979592,68.41836734693878,207.84609690826534,-192.0,80.625,377.9019943786642,18.40909090909091,283.2954545454546
15.243308782577515,171.41946136764153,180.61855670103094,66.03092783505156,209.1533050649211,-191.69811320754718,78.11320754716982,377.9019943786642,18.40909090909091,286.0227272727273
15.291629791259766,173.20508075688778,180.9375,63.4375,211.81767837785003,-192.61146496815286,76.24203821656052,373.6559045541849,18.202247191011235,284.83146067415737
15.339229106903076,173.20508075688778,180.0,61.25,213.1754840084773,-192.30769230769232,74.61538461538461,377.9019943786642,18.40909090909091,289.43181818181824
15.387296915054321,175.02829213327607,180.6315789473684,60.63157894736842,213.1754840084773,-191.15384615384616,73.46153846153847,377.9019943786642,18.40909090909091,289.43181818181824
15.435158967971802,175.95436775302886,180.95238095238096,61.42857142857143,211.81767837785003,-189.55414012738854,72.99363057324841,377.9019943786642,18.40909090909091,288.06818181818187
15.483490943908691,175.02829213327607,180.31578947368422,62.68421052631579,210.47706016026868,-187.9746835443038,74.05063291139241,377.9019943786642,18.40909090909091,287.0454545454546
15.53106689453125,172.3076451052977,178.4455958549223,64.04145077720207,211.81767837785003,-189.93630573248407,76.81528662420382,377.9019943786642,18.40909090909091,285.00000000000006
15.579499006271362,171.41946136764153,178.1443298969072,65.72164948453609,211.81767837785003,-190.3184713375796,78.72611464968153,377.9019943786642,19.09090909090909,283.6363636363637
15.659826040267944,172.3076451052977,180.0,71.03626943005182,209.1533050649211,-189.0566037735849,82.8301886792453,382.2456954634765,19.310344827586206,283.7931034482759
15.708272933959961,169.67028319042066,178.16326530612244,71.78571428571429,210.47706016026868,-191.77215189873417,85.82278481012659,382.2456954634765,19.310344827586206,283.44827586206895
15.755438804626465,171.41946136764153,180.0,73.60824742268042,210.47706016026868,-192.15189873417722,86.39240506329115,382.2456954634765,20.0,283.7931034482759
15.803668975830078,171.41946136764153,180.0,73.60824742268042,207.84609690826534,-189.375,86.4375,386.6904128525867,19.53488372093023,288.13953488372096
15.85153603553772,172.3076451052977,180.0,72.74611398963731,211.81767837785003,-193.37579617834396,87.32484076433121,382.2456954634765,20.0,286.55172413793105
15.899535894393921,171.41946136764153,178.4536082474227,70.20618556701032,211.81767837785003,-192.22929936305732,85.60509554140127,377.9019943786642,19.772727272727273,285.3409090909091
15.947433948516846,172.3076451052977,177.8238341968912,67.92746113989638,213.1754840084773,-192.30769230769232,83.65384615384616,377.9019943786642,19.772727272727273,287.0454545454546
15.994919061660767,173.20508075688778,177.8125,66.71875,214.55080971175775,-192.38709677419354,82.64516129032258,373.6559045541849,20.224719101123597,284.49438202247194
16.0433669090271,175.02829213327607,178.42105263157896,65.52631578947368,215.94399678780815,-192.85714285714286,81.03896103896103,377.9019943786642,19.772727272727273,288.75000000000006
16.091360092163086,175.95436775302886,178.4126984126984,64.76190476190476,214.55080971175775,-190.06451612903226,79.35483870967742,382.2456954634765,20.0,292.0689655172414
16.139722108840942,175.95436775302886,178.0952380952381,64.12698412698413,215.94399678780815,-190.5194805194805,78.8961038961039,377.9019943786642,20.454545454545453,288.06818181818187
16.187318801879883,175.95436775302886,177.77777777777777,64.60317460317461,215.94399678780815,-190.5194805194805,79.67532467532467,377.9019943786642,20.454545454545453,286.7045454545455
16.235188961029053,175.95436775302886,178.0952380952381,66.19047619047619,214.55080971175775,-189.29032258064515,80.3225806451613,382.2456954634765,20.0,289.3103448275862
16.283573150634766,175.02829213327607,177.78947368421052,68.05263157894737,214.55080971175775,-189.67741935483872,82.45161290322581,382.2456954634765,20.689655172413794,287.58620689655174
16.3311870098114,175.02829213327607,178.42105263157896,70.73684210526316,214.55080971175775,-190.83870967741936,85.16129032258064,386.6904128525867,20.232558139534884,289.8837209302326
16.37952995300293,172.3076451052977,176.58031088082902,70.72538860103627,215.94399678780815,-192.85714285714286,87.85714285714286,382.2456954634765,20.689655172413794,286.55172413793105
16.427541732788086,173.20508075688778,177.8125,73.125,214.55080971175775,-192.38709677419354,89.41935483870968,386.6904128525867,20.930232558139537,289.5348837209302
16.474860906600952,173.20508075688778,178.125,74.21875,214.55080971175775,-193.16129032258064,90.38709677419355,386.6904128525867,20.930232558139537,289.8837209302326
16.52318811416626,172.3076451052977,177.2020725388601,74.30051813471502,214.55080971175775,-193.16129032258064,90.96774193548387,382.2456954634765,21.379310344827587,287.2413793103448
16.57136607170105,172.3076451052977,176.89119170984455,73.67875647668394,214.55080971175775,-192.7741935483871,91.16129032258064,382.2456954634765,21.379310344827587,287.9310344827586
16.61953091621399,173.20508075688778,177.1875,72.8125,215.94399678780815,-193.24675324675326,90.3896103896104,382.2456954634765,21.379310344827587,288.9655172413793
16.667557954788208,175.02829213327607,177.47368421052633,71.6842105263158,215.94399678780815,-192.07792207792207,88.63636363636364,386.6904128525867,21.627906976744185,293.3720930232558
16.71535587310791,175.95436775302886,177.14285714285714,70.0,217.3553954596239,-192.15686274509804,87.05882352941177,386.6904128525867,21.627906976744185,294.7674418604651
16.77938175201416,175.95436775302886,176.1904761904762,68.25396825396825,217.3553954596239,-190.58823529411765,85.49019607843137,382.2456954634765,21.379310344827587,291.7241379310345
16.827361822128296,175.95436775302886,175.55555555555554,66.66666666666667,218.78536516659508,-191.05263157894737,84.27631578947368,382.2456954634765,21.379310344827587,291.7241379310345
16.875223875045776,176.8902952410769,175.85106382978722,66.38297872340425,218.78536516659508,-190.26315789473685,83.48684210526316,382.2456954634765,21.379310344827587,291.37931034482756
16.923547983169556,176.8902952410769,175.85106382978722,66.22340425531915,218.78536516659508,-190.26315789473685,83.48684210526316,382.2456954634765,22.06896551724138,290.6896551724138
16.97110104560852,177.83623264878318,176.79144385026737,67.37967914438504,217.3553954596239,-189.41176470588235,83.92156862745098,386.6904128525867,21.627906976744185,293.3720930232558
17.019675970077515,175.02829213327607,174.94736842105263,68.05263157894737,217.3553954596239,-190.58823529411765,86.27450980392157,386.6904128525867,21.627906976744185,293.0232558139535
17.067207098007202,175.02829213327607,175.57894736842104,69.94736842105263,217.3553954596239,-191.37254901960785,88.62745098039215,386.6904128525867,22.325581395348838,292.6744186046512
17.148426055908203,175.02829213327607,176.8421052631579,73.89473684210526,217.3553954596239,-192.94117647058823,92.54901960784314,386.6904128525867,23.023255813953487,290.93023255813955
17.195070028305054,171.41946136764153,174.43298969072166,73.76288659793816,214.55080971175775,-190.4516129032258,92.90322580645162,391.23971182732294,22.58823529411765,294.3529411764706
17.243377923965454,173.20508075688778,175.9375,75.625,217.3553954596239,-193.72549019607843,95.68627450980392,386.6904128525867,23.023255813953487,290.93023255813955
17.291486024856567,172.3076451052977,175.0259067357513,75.69948186528498,215.94399678780815,-192.07792207792207,95.25974025974025,386.6904128525867,23.023255813953487,290.93023255813955
17.33882784843445,173.20508075688778,175.0,75.46875,217.3553954596239,-192.15686274509804,95.29411764705883,386.6904128525867,23.023255813953487,291.6279069767442
17.387255907058716,173.20508075688778,174.375,73.75,220.23427486968512,-194.3046357615894,94.37086092715232,391.23971182732294,23.294117647058822,295.7647058823529
17.435452938079834,175.02829213327607,174.6315789473684,72.15789473684211,220.23427486968512,-193.11258278145695,92.3841059602649,386.6904128525867,23.023255813953487,293.3720930232558
17.48363184928894,175.02829213327607,173.68421052631578,69.63157894736842,220.23427486968512,-191.52317880794703,89.40397350993378,382.2456954634765,22.75862068965517,291.37931034482756
17.5314359664917,176.8902952410769,174.25531914893617,67.65957446808511,220.23427486968512,-190.72847682119206,86.62251655629139,386.6904128525867,23.023255813953487,295.4651162790698
17.595345973968506,177.83623264878318,174.54545454545453,66.25668449197862,221.7025033688164,-191.6,85.60000000000002,382.2456954634765,22.75862068965517,292.7586206896552
17.643457889556885,176.8902952410769,173.61702127659575,64.7872340425532,221.7025033688164,-191.6,85.20000000000002,382.2456954634765,22.75862068965517,293.1034482758621
17.691099882125854,177.83623264878318,174.86631016042782,65.77540106951872,220.23427486968512,-190.72847682119206,85.62913907284768,386.6904128525867,23.023255813953487,295.8139534883721
17.739755868911743,176.8902952410769,174.5744680851064,67.34042553191489,221.7025033688164,-193.2,88.40000000000002,386.6904128525867,23.023255813953487,294.7674418604651
17.787161827087402,174.1119136404317,173.0890052356021,68.79581151832461,220.23427486968512,-192.71523178807948,91.19205298013244,386.6904128525867,23.72093023255814,293.3720930232558
17.83545207977295,174.1119136404317,174.03141361256544,72.25130890052355,220.23427486968512,-193.90728476821192,94.56953642384106,391.23971182732294,23.294117647058822,295.7647058823529
17.883336067199707,174.1119136404317,174.65968586387436,75.23560209424083,218.78536516659508,-193.42105263157896,96.51315789473684,386.6904128525867,23.72093023255814,290.5813953488372
17.93161392211914,173.20508075688778,174.375,77.34375,221.7025033688164,-196.8,100.40000000000002,391.23971182732294,24.0,293.6470588235294
17.9953670501709,172.3076451052977,173.78238341968913,77.87564766839378,218.78536516659508,-193.81578947368422,99.27631578947368,391.23971182732294,24.0,293.29411764705884
18.04305601119995,172.3076451052977,173.16062176165804,77.25388601036269,215.94399678780815,-189.74025974025975,97.20779220779221,391.23971182732294,24.0,293.6470588235294
18.09181809425354,174.1119136404317,173.717277486911,75.86387434554973,221.7025033688164,-194.8,97.20000000000002,391.23971182732294,24.0,295.4117647058824
18.139135122299194,175.02829213327607,173.3684210526316,73.10526315789474,223.1904396330366,-194.8993288590604,94.6308724832215,391.23971182732294,24.0,297.1764705882353
18.187230110168457,175.02829213327607,172.42105263157896,69.15789473684211,223.1904396330366,-193.69127516778522,91.81208053691277,386.6904128525867,23.72093023255814,295.4651162790698
18.235339879989624,176.8902952410769,172.9787234042553,66.54255319148936,220.23427486968512,-189.9337748344371,86.82119205298014,386.6904128525867,23.72093023255814,297.2093023255814
18.28335189819336,176.8902952410769,172.3404255319149,64.14893617021276,221.7025033688164,-190.4,86.20000000000002,377.9019943786642,23.863636363636363,291.1363636363637
18.331596851348877,178.79234142646482,173.8709677419355,63.870967741935495,223.1904396330366,-192.08053691275168,85.77181208053693,377.9019943786642,23.863636363636363,290.7954545454546
18.39516305923462,177.83623264878318,173.58288770053477,64.49197860962568,221.7025033688164,-191.2,86.80000000000001,382.2456954634765,24.137931034482758,293.7931034482759
18.443470001220703,175.95436775302886,172.6984126984127,66.34920634920636,220.23427486968512,-190.72847682119206,89.00662251655629,386.6904128525867,23.72093023255814,295.4651162790698
18.4912531375885,173.20508075688778,171.875,68.75,221.7025033688164,-194.0,92.80000000000003,386.6904128525867,24.41860465116279,294.06976744186045
18.539381742477417,173.20508075688778,173.125,72.65625,218.78536516659508,-192.23684210526315,94.9342105263158,386.6904128525867,24.41860465116279,291.9767441860465
18.587537050247192,172.3076451052977,173.47150259067357,76.01036269430051,220.23427486968512,-194.7019867549669,98.74172185430463,391.23971182732294,24.705882352941178,294.0
18.66775894165039,171.41946136764153,172.57731958762886,78.71134020618558,217.3553954596239,-192.54901960784315,99.80392156862744,386.6904128525867,24.41860465116279,289.5348837209302
18.71540904045105,171.41946136764153,172.57731958762886,78.09278350515466,218.78536516659508,-193.42105263157896,99.47368421052632,391.23971182732294,24.705882352941178,293.29411764705884
18.763273000717163,173.20508075688778,173.125,76.40625,220.23427486968512,-193.90728476821192,97.35099337748345,386.6904128525867,24.41860465116279,291.27906976744185
18.811575889587402,174.1119136404317,173.0890052356021,74.29319371727749,220.23427486968512,-193.11258278145695,95.76158940397352,391.23971182732294,24.705882352941178,296.11764705882354
18.859269857406616,175.95436775302886,173.33333333333334,70.7936507936508,224.69848314407065,-196.21621621621622,94.45945945945945,386.6904128525867,24.41860465116279,294.06976744186045
18.907231092453003,175.95436775302886,172.06349206349208,66.5079365079365,220.23427486968512,-190.72847682119206,88.21192052980132,386.6904128525867,24.41860465116279,295.8139534883721
18.955362796783447,177.83623264878318,172.94117647058823,63.52941176470589,220.23427486968512,-189.9337748344371,86.02649006622516,377.9019943786642,24.545454545454547,290.4545454545455
19.003402709960938,176.8902952410769,172.3404255319149,61.276595744680854,221.7025033688164,-191.2,84.80000000000001,382.2456954634765,24.137931034482758,293.7931034482759
19.051627159118652,176.8902952410769,172.3404255319149,61.276595744680854,221.7025033688164,-191.6,85.00000000000001,382.2456954634765,24.137931034482758,293.7931034482759
19.099334001541138,177.83623264878318,174.22459893048128,63.85026737967915,220.23427486968512,-191.12582781456953,86.42384105960265,382.2456954634765,24.82758620689655,292.41379310344826
19.147690057754517,175.02829213327607,173.05263157894737,66.15789473684211,221.7025033688164,-193.6,90.40000000000002,382.2456954634765,24.82758620689655,290.6896551724138
19.195132970809937,171.41946136764153,171.340206185567,67.88659793814433,220.23427486968512,-193.90728476821192,92.18543046357615,382.2456954634765,24.82758620689655,290.0
19.243083953857422,173.20508075688778,173.75,72.96875,220.23427486968512,-195.09933774834437,95.56291390728477,391.23971182732294,24.705882352941178,294.70588235294116
19.291141033172607,170.54038720678182,172.6153846153846,75.84615384615385,217.3553954596239,-192.94117647058823,97.45098039215686,391.23971182732294,24.705882352941178,293.6470588235294
19.338819980621338,170.54038720678182,173.23076923076923,78.61538461538463,218.78536516659508,-195.0,99.86842105263158,391.23971182732294,24.705882352941178,292.5882352941176
