0.526508092880249,151.1607977514657,195.0,36.0,180.73573644196986,-188.47826086956522,33.42391304347826,350.05658426655214,15.157894736842104,249.1578947368421
0.6173298358917236,153.96007178390025,200.55555555555554,38.19444444444444,182.72184343583768,-192.85714285714286,36.0989010989011,346.41016151377556,15.625,248.4375
0.6941699981689453,155.39895095945073,202.99065420560748,39.252336448598136,180.73573644196986,-191.41304347826087,36.68478260869565,346.41016151377556,15.625,249.0625
0.74534010887146,154.6761651410347,202.04651162790697,38.7906976744186,180.73573644196986,-191.41304347826087,36.68478260869565,346.41016151377556,15.625,249.375
0.7905027866363525,154.6761651410347,202.04651162790697,38.7906976744186,180.73573644196986,-191.7391304347826,36.84782608695652,346.41016151377556,15.625,249.375
0.8385148048400879,153.96007178390025,201.11111111111111,38.75,180.73573644196986,-191.7391304347826,36.84782608695652,346.41016151377556,15.625,249.375
0.8867261409759521,154.6761651410347,202.04651162790697,38.93023255813954,179.75878651525653,-190.3783783783784,36.64864864864865,346.41016151377556,15.625,249.375
0.9508841037750244,154.6761651410347,202.04651162790697,38.93023255813954,179.75878651525653,-190.3783783783784,36.48648648648649,346.41016151377556,15.625,249.0625
0.9989612102508545,156.12852349916645,203.66197183098592,39.29577464788733,179.75878651525653,-190.3783783783784,36.64864864864865,342.83892273528306,15.463917525773196,247.1134020618557
1.047239065170288,154.6761651410347,201.7674418604651,38.93023255813954,180.73573644196986,-191.41304347826087,36.68478260869565,346.41016151377556,15.625,249.6875
1.0958600044250488,155.39895095945073,202.99065420560748,39.11214953271028,179.75878651525653,-190.3783783783784,36.48648648648649,350.05658426655214,15.157894736842104,252.0
1.1435949802398682,154.6761651410347,202.04651162790697,38.7906976744186,179.75878651525653,-190.3783783783784,36.48648648648649,346.41016151377556,15.0,249.6875
1.191389799118042,156.12852349916645,203.66197183098592,39.29577464788733,181.7233634170626,-192.45901639344262,36.885245901639344,346.41016151377556,15.625,249.375
1.2394790649414062,155.39895095945073,202.99065420560748,39.252336448598136,180.73573644196986,-191.41304347826087,36.68478260869565,350.05658426655214,15.157894736842104,252.0
1.2874538898468018,153.96007178390025,201.38888888888889,38.611111111111114,180.73573644196986,-191.41304347826087,36.68478260869565,346.41016151377556,15.625,249.375
1.3353700637817383,155.39895095945073,202.99065420560748,38.97196261682244,179.75878651525653,-190.3783783783784,36.64864864864865,342.83892273528306,15.463917525773196,247.1134020618557
1.3837659358978271,156.12852349916645,203.66197183098592,39.29577464788733,181.7233634170626,-192.78688524590163,37.049180327868854,346.41016151377556,15.625,249.6875
1.4313509464263916,154.6761651410347,202.04651162790697,38.93023255813954,180.73573644196986,-191.41304347826087,36.68478260869565,350.05658426655214,15.157894736842104,252.31578947368422
1.4955198764801025,154.6761651410347,202.04651162790697,38.7906976744186,180.73573644196986,-191.41304347826087,36.84782608695652,346.41016151377556,15.0,249.6875
1.543086051940918,155.39895095945073,202.71028037383178,38.97196261682244,179.75878651525653,-190.3783783783784,36.64864864864865,346.41016151377556,15.0,249.6875
1.591454029083252,153.96007178390025,201.11111111111111,39.02777777777778,179.75878651525653,-190.3783783783784,36.64864864864865,350.05658426655214,15.157894736842104,252.0
1.6394731998443604,153.96007178390025,201.11111111111111,38.611111111111114,181.7233634170626,-192.78688524590163,36.885245901639344,346.41016151377556,15.625,249.6875
1.6871449947357178,154.6761651410347,202.04651162790697,38.7906976744186,179.75878651525653,-190.3783783783784,36.48648648648649,346.41016151377556,15.625,249.0625
1.7355399131774902,156.12852349916645,203.66197183098592,39.29577464788733,180.73573644196986,-191.7391304347826,36.68478260869565,346.41016151377556,15.0,249.6875
1.7830760478973389,153.2505783655413,200.7373271889401,38.433179723502306,179.75878651525653,-190.3783783783784,36.48648648648649,342.83892273528306,15.463917525773196,246.80412371134025
1.8315801620483398,153.96007178390025,201.11111111111111,38.611111111111114,180.73573644196986,-191.41304347826087,36.52173913043478,350.05658426655214,15.157894736842104,252.0
1.8959431648254395,154.6761651410347,202.04651162790697,38.7906976744186,180.73573644196986,-191.7391304347826,36.68478260869565,342.83892273528306,15.463917525773196,246.49484536082477
1.943580150604248,153.96007178390025,201.11111111111111,38.611111111111114,179.75878651525653,-190.3783783783784,36.48648648648649,346.41016151377556,15.0,249.375
1.9915308952331543,155.39895095945073,202.99065420560748,39.11214953271028,181.7233634170626,-192.78688524590163,36.885245901639344,346.41016151377556,15.0,249.6875
2.039443016052246,154.6761651410347,202.04651162790697,38.7906976744186,180.73573644196986,-191.41304347826087,36.68478260869565,342.83892273528306,15.463917525773196,246.49484536082477
2.1200151443481445,154.6761651410347,202.04651162790697,38.7906976744186,180.73573644196986,-191.7391304347826,36.68478260869565,346.41016151377556,15.0,249.6875
2.167369842529297,154.6761651410347,202.04651162790697,38.7906976744186,180.73573644196986,-191.7391304347826,36.84782608695652,342.83892273528306,15.463917525773196,246.80412371134025
2.2153987884521484,154.6761651410347,202.04651162790697,38.7906976744186,180.73573644196986,-191.7391304347826,36.68478260869565,342.83892273528306,15.463917525773196,246.49484536082477
2.2631421089172363,154.6761651410347,202.04651162790697,38.93023255813954,180.73573644196986,-191.7391304347826,36.68478260869565,342.83892273528306,15.463917525773196,246.80412371134025
2.311368942260742,153.96007178390025,201.11111111111111,38.611111111111114,180.73573644196986,-191.7391304347826,36.68478260869565,346.41016151377556,15.625,249.0625
2.359814167022705,154.6761651410347,202.04651162790697,38.7906976744186,180.73573644196986,-191.7391304347826,36.52173913043478,346.41016151377556,15.625,249.375
2.4076080322265625,153.96007178390025,201.11111111111111,38.611111111111114,181.7233634170626,-192.78688524590163,36.721311475409834,346.41016151377556,15.625,249.0625
2.4558918476104736,153.2505783655413,200.46082949308754,38.70967741935484,180.73573644196986,-191.7391304347826,36.68478260869565,346.41016151377556,15.625,249.375
2.503497838973999,153.96007178390025,201.38888888888889,38.611111111111114,180.73573644196986,-191.7391304347826,36.68478260869565,342.83892273528306,15.463917525773196,246.49484536082477
2.551644802093506,155.39895095945073,202.71028037383178,38.97196261682244,180.73573644196986,-191.7391304347826,36.68478260869565,346.41016151377556,15.625,249.375
2.5995919704437256,155.39895095945073,202.71028037383178,38.97196261682244,180.73573644196986,-191.7391304347826,36.68478260869565,346.41016151377556,15.625,249.0625
2.647758960723877,155.39895095945073,202.99065420560748,38.831775700934585,180.73573644196986,-191.7391304347826,36.68478260869565,346.41016151377556,15.625,249.375
2.6954832077026367,154.6761651410347,202.04651162790697,38.7906976744186,180.73573644196986,-191.7391304347826,36.68478260869565,350.05658426655214,15.157894736842104,252.31578947368422
2.743488073348999,154.6761651410347,202.32558139534885,38.651162790697676,179.75878651525653,-190.7027027027027,36.48648648648649,346.41016151377556,15.0,249.375
2.791421890258789,153.96007178390025,201.38888888888889,38.47222222222222,179.75878651525653,-190.7027027027027,36.48648648648649,346.41016151377556,15.0,249.0625
2.8395121097564697,154.6761651410347,202.04651162790697,38.7906976744186,180.73573644196986,-191.7391304347826,36.68478260869565,346.41016151377556,15.625,249.0625
2.8874049186706543,153.96007178390025,201.11111111111111,38.611111111111114,180.73573644196986,-191.7391304347826,36.68478260869565,346.41016151377556,15.0,249.6875
2.935506820678711,154.6761651410347,202.04651162790697,38.7906976744186,180.73573644196986,-191.7391304347826,36.52173913043478,346.41016151377556,15.0,249.6875
2.983729839324951,153.96007178390025,201.38888888888889,38.888888888888886,180.73573644196986,-191.7391304347826,36.68478260869565,350.05658426655214,15.157894736842104,252.0
3.0314390659332275,153.96007178390025,201.11111111111111,38.75,180.73573644196986,-191.7391304347826,36.52173913043478,342.83892273528306,15.463917525773196,246.80412371134025
3.079339027404785,154.6761651410347,202.32558139534885,38.93023255813954,179.75878651525653,-190.7027027027027,36.48648648648649,346.41016151377556,15.625,249.0625
3.1281871795654297,154.6761651410347,202.04651162790697,38.7906976744186,179.75878651525653,-190.7027027027027,36.48648648648649,346.41016151377556,15.0,249.375
3.1756441593170166,154.6761651410347,202.04651162790697,38.7906976744186,180.73573644196986,-191.7391304347826,36.68478260869565,346.41016151377556,15.625,249.375
3.223442792892456,153.96007178390025,201.38888888888889,38.47222222222222,179.75878651525653,-190.7027027027027,36.48648648648649,346.41016151377556,15.0,249.0625
3.2713568210601807,154.6761651410347,202.04651162790697,38.7906976744186,179.75878651525653,-190.7027027027027,36.48648648648649,350.05658426655214,15.157894736842104,252.0
3.319489002227783,155.39895095945073,202.71028037383178,38.97196261682244,180.73573644196986,-191.7391304347826,36.68478260869565,346.41016151377556,15.0,249.6875
3.3674190044403076,154.6761651410347,201.7674418604651,38.651162790697676,180.73573644196986,-191.7391304347826,36.68478260869565,346.41016151377556,15.0,249.375
3.415315866470337,155.39895095945073,202.71028037383178,38.831775700934585,180.73573644196986,-191.7391304347826,36.68478260869565,346.41016151377556,15.0,249.375
3.4639060497283936,154.6761651410347,202.04651162790697,38.7906976744186,181.7233634170626,-192.78688524590163,36.885245901639344,342.83892273528306,15.463917525773196,246.49484536082477
3.5119071006774902,153.96007178390025,201.11111111111111,38.888888888888886,179.75878651525653,-190.7027027027027,36.48648648648649,350.05658426655214,15.157894736842104,252.0
3.5919060707092285,154.6761651410347,202.04651162790697,38.7906976744186,179.75878651525653,-190.3783783783784,36.48648648648649,346.41016151377556,15.0,249.6875
3.6393561363220215,155.39895095945073,202.99065420560748,39.252336448598136,180.73573644196986,-191.7391304347826,36.68478260869565,350.05658426655214,15.157894736842104,252.0
3.6877639293670654,155.39895095945073,202.71028037383178,38.97196261682244,180.73573644196986,-191.7391304347826,36.68478260869565,342.83892273528306,15.463917525773196,247.1134020618557
3.735835075378418,153.2505783655413,200.18433179723502,38.433179723502306,180.73573644196986,-191.7391304347826,36.84782608695652,346.41016151377556,15.0,249.6875
3.783811092376709,153.96007178390025,201.11111111111111,38.611111111111114,180.73573644196986,-191.7391304347826,36.68478260869565,346.41016151377556,15.0,249.6875
3.8319740295410156,154.6761651410347,202.04651162790697,38.7906976744186,180.73573644196986,-191.7391304347826,36.68478260869565,342.83892273528306,15.463917525773196,247.1134020618557
3.943601131439209,155.39895095945073,202.42990654205607,38.831775700934585,180.73573644196986,-191.7391304347826,36.68478260869565,346.41016151377556,15.0,249.375
3.9936161041259766,153.96007178390025,201.11111111111111,38.611111111111114,179.75878651525653,-190.3783783783784,36.48648648648649,350.05658426655214,15.157894736842104,252.0
4.039840936660767,154.6761651410347,201.7674418604651,38.7906976744186,179.75878651525653,-190.3783783783784,36.48648648648649,346.41016151377556,15.625,249.375
4.087269067764282,154.6761651410347,201.7674418604651,38.7906976744186,180.73573644196986,-191.7391304347826,36.68478260869565,346.41016151377556,15.0,249.375
4.1356000900268555,154.6761651410347,201.7674418604651,38.93023255813954,179.75878651525653,-190.3783783783784,36.48648648648649,342.83892273528306,15.463917525773196,247.1134020618557
4.183574914932251,154.6761651410347,201.7674418604651,38.7906976744186,181.7233634170626,-192.78688524590163,36.885245901639344,346.41016151377556,15.0,249.375
4.231384992599487,153.96007178390025,200.83333333333334,38.611111111111114,180.73573644196986,-191.7391304347826,36.68478260869565,342.83892273528306,15.463917525773196,246.80412371134025
4.279825925827026,153.96007178390025,201.11111111111111,38.75,180.73573644196986,-191.41304347826087,36.52173913043478,346.41016151377556,15.0,249.375
4.327185869216919,155.39895095945073,202.71028037383178,39.11214953271028,179.75878651525653,-190.3783783783784,36.32432432432433,346.41016151377556,15.0,249.375
4.375355005264282,154.6761651410347,201.7674418604651,38.7906976744186,181.7233634170626,-192.78688524590163,36.885245901639344,346.41016151377556,15.0,249.375
4.423996925354004,154.6761651410347,202.04651162790697,38.93023255813954,180.73573644196986,-191.7391304347826,36.52173913043478,346.41016151377556,15.0,249.375
4.4715659618377686,153.96007178390025,201.11111111111111,38.611111111111114,180.73573644196986,-191.7391304347826,36.68478260869565,342.83892273528306,15.463917525773196,246.49484536082477
4.519423961639404,154.6761651410347,202.04651162790697,38.93023255813954,179.75878651525653,-190.7027027027027,36.64864864864865,346.41016151377556,15.0,249.6875
4.567254066467285,153.96007178390025,201.11111111111111,39.02777777777778,180.73573644196986,-191.7391304347826,36.68478260869565,346.41016151377556,15.0,249.6875
4.6158928871154785,155.39895095945073,202.71028037383178,39.11214953271028,179.75878651525653,-190.7027027027027,36.48648648648649,342.83892273528306,15.463917525773196,246.49484536082477
4.663261890411377,155.39895095945073,202.71028037383178,39.11214953271028,180.73573644196986,-191.7391304347826,36.84782608695652,350.05658426655214,15.157894736842104,252.0
4.711857795715332,153.2505783655413,200.46082949308754,38.70967741935484,179.75878651525653,-190.7027027027027,36.810810810810814,346.41016151377556,15.0,249.375
4.763597011566162,155.39895095945073,202.71028037383178,39.252336448598136,180.73573644196986,-192.06521739130434,36.84782608695652,346.41016151377556,15.0,249.6875
4.824390172958374,155.39895095945073,202.99065420560748,39.532710280373834,180.73573644196986,-191.7391304347826,37.01086956521739,346.41016151377556,15.625,249.6875
4.872323989868164,154.6761651410347,202.04651162790697,39.2093023255814,180.73573644196986,-191.7391304347826,37.01086956521739,346.41016151377556,15.0,249.6875
4.920046091079712,154.6761651410347,202.04651162790697,39.348837209302324,180.73573644196986,-191.7391304347826,37.01086956521739,346.41016151377556,15.0,249.6875
4.967992067337036,155.39895095945073,202.71028037383178,39.532710280373834,179.75878651525653,-190.3783783783784,36.810810810810814,346.41016151377556,15.0,250.0
5.047997951507568,154.6761651410347,201.7674418604651,39.2093023255814,180.73573644196986,-191.41304347826087,37.01086956521739,350.05658426655214,15.157894736842104,252.31578947368422
5.111830949783325,154.6761651410347,201.48837209302326,39.2093023255814,180.73573644196986,-191.7391304347826,37.01086956521739,346.41016151377556,15.0,250.0
5.192007064819336,155.39895095945073,202.14953271028037,38.97196261682244,180.73573644196986,-191.41304347826087,37.01086956521739,346.41016151377556,15.0,249.6875
5.239691972732544,154.6761651410347,201.48837209302326,38.7906976744186,180.73573644196986,-191.08695652173913,36.68478260869565,342.83892273528306,15.463917525773196,247.1134020618557
5.288069009780884,154.6761651410347,201.2093023255814,38.651162790697676,179.75878651525653,-190.05405405405406,36.32432432432433,346.41016151377556,15.0,249.6875
5.33571982383728,154.6761651410347,201.2093023255814,38.51162790697674,180.73573644196986,-191.08695652173913,36.68478260869565,346.41016151377556,15.0,249.6875
5.383831977844238,154.6761651410347,201.2093023255814,38.51162790697674,180.73573644196986,-191.41304347826087,36.358695652173914,346.41016151377556,15.0,249.375
5.43191385269165,155.39895095945073,202.42990654205607,38.55140186915889,181.7233634170626,-192.45901639344262,36.557377049180324,346.41016151377556,15.0,249.375
5.479359865188599,154.6761651410347,201.48837209302326,38.372093023255815,180.73573644196986,-191.41304347826087,36.358695652173914,346.41016151377556,15.0,249.375
5.527297019958496,156.12852349916645,203.38028169014083,38.87323943661973,179.75878651525653,-190.3783783783784,36.16216216216217,342.83892273528306,15.463917525773196,246.1855670103093
5.5759148597717285,153.96007178390025,200.83333333333334,38.333333333333336,180.73573644196986,-191.7391304347826,36.358695652173914,350.05658426655214,15.157894736842104,251.68421052631578
5.623425006866455,153.96007178390025,201.38888888888889,38.47222222222222,179.75878651525653,-190.7027027027027,36.48648648648649,346.41016151377556,15.625,249.0625
5.67179799079895,153.2505783655413,200.7373271889401,38.70967741935484,179.75878651525653,-190.7027027027027,36.48648648648649,346.41016151377556,15.625,249.0625
5.720556974411011,153.96007178390025,201.66666666666666,39.02777777777778,181.7233634170626,-193.44262295081967,37.21311475409836,346.41016151377556,15.0,249.0625
5.767781019210815,154.6761651410347,202.32558139534885,39.48837209302326,179.75878651525653,-191.35135135135135,37.135135135135144,346.41016151377556,15.0,249.0625
5.815407991409302,153.96007178390025,201.66666666666666,39.44444444444444,179.75878651525653,-191.02702702702703,37.135135135135144,346.41016151377556,15.625,249.6875
5.863858938217163,156.12852349916645,204.22535211267606,40.14084507042254,180.73573644196986,-192.3913043478261,37.66304347826087,342.83892273528306,15.463917525773196,247.1134020618557
5.927516222000122,153.2505783655413,200.7373271889401,39.53917050691244,180.73573644196986,-192.06521739130434,37.5,346.41016151377556,15.625,249.6875
5.97544002532959,153.96007178390025,201.11111111111111,39.583333333333336,180.73573644196986,-192.06521739130434,37.5,346.41016151377556,15.0,250.3125
6.023499965667725,153.96007178390025,200.83333333333334,39.166666666666664,180.73573644196986,-191.7391304347826,37.17391304347826,346.41016151377556,15.0,250.3125
6.071465969085693,154.6761651410347,201.48837209302326,38.7906976744186,181.7233634170626,-192.45901639344262,36.885245901639344,346.41016151377556,15.0,250.0
6.119398832321167,154.6761651410347,201.48837209302326,38.23255813953488,181.7233634170626,-192.13114754098362,36.557377049180324,342.83892273528306,15.463917525773196,247.42268041237116
6.167165994644165,156.12852349916645,202.25352112676057,38.02816901408451,180.73573644196986,-190.7608695652174,35.70652173913044,346.41016151377556,15.0,250.0
6.215946912765503,154.6761651410347,200.65116279069767,37.395348837209305,182.72184343583768,-193.1868131868132,35.76923076923077,346.41016151377556,15.0,249.6875
6.263329029083252,154.6761651410347,200.93023255813952,37.116279069767444,180.73573644196986,-190.7608695652174,35.380434782608695,346.41016151377556,15.0,249.375
6.311830043792725,154.6761651410347,200.93023255813952,37.25581395348837,181.7233634170626,-192.13114754098362,35.57377049180328,350.05658426655214,15.157894736842104,251.68421052631578
6.359444856643677,155.39895095945073,201.86915887850466,37.42990654205608,180.73573644196986,-191.41304347826087,35.380434782608695,346.41016151377556,15.0,249.0625
6.407232999801636,154.6761651410347,201.2093023255814,37.95348837209303,180.73573644196986,-192.06521739130434,35.869565217391305,346.41016151377556,15.0,248.75
6.455634832382202,154.6761651410347,201.7674418604651,38.7906976744186,180.73573644196986,-192.3913043478261,36.68478260869565,350.05658426655214,14.526315789473685,251.05263157894737
6.503320932388306,153.96007178390025,201.66666666666666,39.44444444444444,178.79234142646482,-190.6451612903226,37.25806451612904,342.83892273528306,15.463917525773196,245.87628865979386
6.55163311958313,153.96007178390025,201.94444444444446,40.416666666666664,180.73573644196986,-193.3695652173913,38.47826086956522,346.41016151377556,15.0,248.4375
6.599531888961792,153.2505783655413,201.01382488479263,41.05990783410138,179.75878651525653,-192.32432432432432,38.918918918918926,350.05658426655214,14.526315789473685,251.3684210526316
6.679866075515747,152.54759406111216,200.36697247706422,41.14678899082569,179.75878651525653,-192.0,39.08108108108109,346.41016151377556,15.0,249.6875
6.727528810501099,153.2505783655413,201.01382488479263,40.92165898617512,178.79234142646482,-190.32258064516128,38.87096774193549,346.41016151377556,15.0,250.3125
6.775254011154175,154.6761651410347,202.04651162790697,40.46511627906977,179.75878651525653,-190.7027027027027,38.10810810810811,346.41016151377556,15.0,250.625
6.8238818645477295,153.96007178390025,200.27777777777777,38.888888888888886,180.73573644196986,-191.08695652173913,37.01086956521739,342.83892273528306,14.845360824742269,248.65979381443302
6.871364116668701,155.39895095945073,201.02803738317758,37.57009345794393,181.7233634170626,-191.47540983606558,35.40983606557377,346.41016151377556,15.0,251.25
6.919938087463379,155.39895095945073,201.02803738317758,36.16822429906543,182.72184343583768,-191.86813186813185,34.45054945054945,342.83892273528306,15.463917525773196,248.35051546391756
6.9672770500183105,154.6761651410347,200.09302325581396,34.883720930232556,181.7233634170626,-190.49180327868854,33.114754098360656,342.83892273528306,14.845360824742269,248.35051546391756
7.015903949737549,154.6761651410347,200.09302325581396,34.883720930232556,181.7233634170626,-191.14754098360655,32.950819672131146,342.83892273528306,14.845360824742269,247.73195876288665
7.063421964645386,154.6761651410347,200.37209302325581,35.86046511627907,180.73573644196986,-190.7608695652174,33.75,342.83892273528306,14.845360824742269,246.80412371134025
7.127831935882568,153.96007178390025,200.83333333333334,36.94444444444444,180.73573644196986,-191.41304347826087,35.21739130434783,346.41016151377556,15.0,248.75
7.175561904907227,153.96007178390025,201.94444444444446,39.30555555555556,178.79234142646482,-190.32258064516128,36.93548387096775,346.41016151377556,15.625,248.125
7.223628044128418,153.2505783655413,201.5668202764977,41.61290322580645,178.79234142646482,-191.29032258064515,39.19354838709678,350.05658426655214,15.157894736842104,250.10526315789474
7.271403074264526,153.96007178390025,203.33333333333334,44.02777777777778,178.79234142646482,-191.93548387096774,41.12903225806452,350.05658426655214,15.157894736842104,250.10526315789474
7.3192970752716064,153.96007178390025,203.61111111111111,45.27777777777778,178.79234142646482,-191.93548387096774,42.25806451612904,350.05658426655214,15.157894736842104,250.42105263157896
7.367830038070679,153.2505783655413,202.11981566820276,44.93087557603687,178.79234142646482,-191.29032258064515,42.09677419354839,346.41016151377556,15.0,248.4375
7.415940999984741,153.2505783655413,201.5668202764977,43.27188940092166,179.75878651525653,-191.67567567567568,41.18918918918919,353.7805904821538,14.680851063829786,254.68085106382978
7.463434934616089,154.6761651410347,201.2093023255814,41.02325581395349,180.73573644196986,-191.7391304347826,38.96739130434783,350.05658426655214,14.526315789473685,253.26315789473685
7.527475833892822,153.2505783655413,199.07834101382488,37.327188940092164,180.73573644196986,-190.1086956521739,35.54347826086956,342.83892273528306,14.845360824742269,248.9690721649485
7.575613975524902,155.39895095945073,200.18691588785046,34.90654205607477,182.72184343583768,-190.87912087912088,32.8021978021978,346.41016151377556,15.0,252.1875
7.62349796295166,156.86497879869083,200.9433962264151,32.83018867924529,182.72184343583768,-190.54945054945054,30.824175824175825,342.83892273528306,14.845360824742269,250.20618556701035
7.671937942504883,156.12852349916645,200.0,31.830985915492963,183.73135638299698,-191.93370165745856,30.0,342.83892273528306,14.845360824742269,249.5876288659794
7.719167947769165,155.39895095945073,200.18691588785046,33.084112149532714,182.72184343583768,-191.53846153846155,31.318681318681318,342.83892273528306,14.845360824742269,248.9690721649485
7.7674338817596436,154.6761651410347,200.65116279069767,35.72093023255814,180.73573644196986,-190.43478260869566,33.75,346.41016151377556,15.0,250.3125
7.815603971481323,153.2505783655413,200.18433179723502,39.53917050691244,177.83623264878318,-188.3422459893048,36.89839572192514,346.41016151377556,15.0,248.75
7.863997936248779,153.2505783655413,201.29032258064515,43.963133640552996,178.79234142646482,-191.29032258064515,41.451612903225815,350.05658426655214,14.526315789473685,250.10526315789474
7.927782773971558,152.54759406111216,201.19266055045873,47.3394495412844,179.75878651525653,-193.2972972972973,45.08108108108109,346.41016151377556,15.0,246.5625
7.975563049316406,151.85102970466875,200.82191780821918,49.04109589041096,177.83623264878318,-190.9090909090909,46.20320855614974,350.05658426655214,15.157894736842104,248.8421052631579
8.023482084274292,153.2505783655413,201.84331797235023,48.663594470046085,178.79234142646482,-191.29032258064515,45.80645161290323,346.41016151377556,15.625,246.25
8.071413040161133,154.6761651410347,202.04651162790697,46.46511627906977,179.75878651525653,-191.02702702702703,43.45945945945947,350.05658426655214,15.157894736842104,250.42105263157896
8.119928121566772,154.6761651410347,200.09302325581396,41.86046511627907,181.7233634170626,-191.47540983606558,39.67213114754098,346.41016151377556,15.0,249.375
8.199830055236816,156.12852349916645,199.1549295774648,33.94366197183099,183.73135638299698,-190.27624309392266,32.32044198895028,346.41016151377556,15.0,252.1875
8.24743914604187,158.35893097772598,200.57142857142858,31.428571428571427,183.73135638299698,-188.95027624309392,29.171270718232044,339.3405663808413,14.693877551020408,248.265306122449
8.295377969741821,158.35893097772598,200.28571428571428,30.571428571428573,183.73135638299698,-189.28176795580112,28.34254143646409,342.83892273528306,14.22680412371134,251.4432989690722
8.343470096588135,157.60841471716805,199.90521327014218,31.421800947867297,183.73135638299698,-189.61325966850828,29.171270718232044,346.41016151377556,14.375,254.0625
8.39149522781372,156.86497879869083,200.37735849056602,34.38679245283019,181.7233634170626,-188.85245901639345,31.9672131147541,339.3405663808413,14.693877551020408,247.95918367346943
8.439556121826172,155.39895095945073,201.02803738317758,38.97196261682244,180.73573644196986,-189.7826086956522,36.358695652173914,350.05658426655214,14.526315789473685,254.21052631578948
8.487418174743652,153.96007178390025,200.55555555555554,44.30555555555556,179.75878651525653,-190.7027027027027,41.675675675675684,350.05658426655214,14.526315789473685,252.31578947368422
8.535906076431274,153.96007178390025,201.94444444444446,49.166666666666664,179.75878651525653,-192.32432432432432,46.54054054054055,350.05658426655214,14.526315789473685,250.42105263157896
8.583488941192627,153.96007178390025,202.5,52.083333333333336,180.73573644196986,-194.34782608695653,49.72826086956522,350.05658426655214,15.157894736842104,248.21052631578948
8.631535053253174,154.6761651410347,203.1627906976744,52.883720930232556,178.79234142646482,-191.29032258064515,49.67741935483872,353.7805904821538,15.319148936170214,250.85106382978722
8.679383039474487,155.39895095945073,202.71028037383178,50.607476635514026,178.79234142646482,-189.67741935483872,47.41935483870969,350.05658426655214,15.157894736842104,248.52631578947367
8.72789716720581,155.39895095945073,201.30841121495328,47.803738317757016,180.73573644196986,-190.7608695652174,45.32608695652174,353.7805904821538,14.680851063829786,252.12765957446808
8.775217771530151,156.12852349916645,200.0,42.53521126760564,182.72184343583768,-190.87912087912088,40.54945054945055,353.7805904821538,14.680851063829786,254.68085106382978
8.823338985443115,157.60841471716805,200.18957345971563,37.677725118483416,183.73135638299698,-189.28176795580112,35.6353591160221,350.05658426655214,15.157894736842104,253.89473684210526
8.871896982192993,157.60841471716805,198.76777251184834,33.41232227488152,184.75208614068032,-188.66666666666666,31.5,342.83892273528306,14.845360824742269,251.4432989690722
8.919398069381714,159.11662921206917,199.52153110047846,31.57894736842105,183.73135638299698,-186.96132596685084,29.171270718232044,342.83892273528306,14.22680412371134,252.68041237113405
8.967718839645386,159.11662921206917,200.0956937799043,32.15311004784689,183.73135638299698,-187.292817679558,29.337016574585636,339.3405663808413,14.693877551020408,250.71428571428575
9.015213966369629,156.86497879869083,199.24528301886792,34.81132075471699,182.72184343583768,-187.58241758241758,31.813186813186814,346.41016151377556,14.375,255.3125
9.06334900856018,156.12852349916645,200.28169014084506,39.15492957746479,179.75878651525653,-186.16216216216216,35.675675675675684,346.41016151377556,14.375,253.4375
9.111948013305664,156.12852349916645,201.9718309859155,44.929577464788736,181.7233634170626,-190.81967213114754,41.967213114754095,350.05658426655214,14.526315789473685,253.57894736842104
9.159270763397217,154.6761651410347,201.2093023255814,48.41860465116279,181.7233634170626,-192.13114754098362,45.73770491803279,353.7805904821538,14.680851063829786,254.36170212765958
9.207715034484863,153.96007178390025,200.83333333333334,52.361111111111114,181.7233634170626,-193.11475409836066,49.83606557377049,353.7805904821538,14.680851063829786,251.80851063829786
9.255297899246216,155.39895095945073,202.42990654205607,54.81308411214954,180.73573644196986,-191.7391304347826,51.52173913043478,353.7805904821538,15.319148936170214,249.89361702127658
9.303442001342773,154.6761651410347,200.93023255813952,54.13953488372093,179.75878651525653,-189.40540540540542,50.918918918918926,357.58468285292963,14.838709677419354,252.90322580645164
9.351381063461304,156.12852349916645,200.56338028169014,51.12676056338029,182.72184343583768,-191.53846153846155,48.956043956043956,353.7805904821538,15.319148936170214,251.17021276595744
9.399461030960083,156.86497879869083,199.52830188679246,46.273584905660385,183.73135638299698,-190.60773480662982,44.58563535911602,353.7805904821538,14.680851063829786,253.40425531914894
9.447613000869751,158.35893097772598,199.42857142857142,40.857142857142854,184.75208614068032,-189.33333333333334,39.5,350.05658426655214,15.157894736842104,253.89473684210526
9.49587082862854,159.88161300635798,199.6153846153846,36.49038461538461,184.75208614068032,-187.33333333333334,34.666666666666664,346.41016151377556,14.375,254.0625
9.544219017028809,160.65398794841764,199.71014492753622,34.20289855072464,185.78422070012547,-187.7094972067039,32.513966480446925,346.41016151377556,15.0,255.625
9.591206789016724,159.88161300635798,198.75,32.59615384615385,183.73135638299698,-184.97237569060775,30.497237569060772,346.41016151377556,14.375,257.1875
9.671984195709229,157.60841471716805,198.1990521327014,35.829383886255926,184.75208614068032,-187.33333333333334,33.5,342.83892273528306,14.22680412371134,254.2268041237114
9.719130992889404,157.60841471716805,199.6208530805687,40.947867298578196,182.72184343583768,-186.92307692307693,37.582417582417584,346.41016151377556,14.375,254.6875
9.767718076705933,156.12852349916645,199.43661971830986,46.760563380281695,180.73573644196986,-186.52173913043478,43.04347826086956,350.05658426655214,14.526315789473685,254.8421052631579
9.815310001373291,155.39895095945073,199.90654205607476,52.57009345794393,182.72184343583768,-190.54945054945054,49.120879120879124,353.7805904821538,14.680851063829786,254.36170212765958
9.864403009414673,155.39895095945073,200.18691588785046,56.9158878504673,182.72184343583768,-191.2087912087912,53.07692307692308,357.58468285292963,14.838709677419354,254.5161290322581
9.911339044570923,156.12852349916645,200.8450704225352,58.30985915492958,182.72184343583768,-191.2087912087912,54.72527472527472,357.58468285292963,14.838709677419354,252.90322580645164
9.959101915359497,155.39895095945073,199.62616822429908,57.4766355140187,183.73135638299698,-191.6022099447514,54.69613259668508,361.4714728839397,15.0,255.65217391304347
10.007363080978394,158.35893097772598,200.85714285714286,54.857142857142854,182.72184343583768,-189.23076923076923,51.75824175824176,361.4714728839397,15.0,256.95652173913044
10.055454969406128,159.11662921206917,200.0956937799043,49.52153110047847,184.75208614068032,-189.66666666666666,47.5,357.58468285292963,14.838709677419354,256.45161290322585
10.103410959243774,160.65398794841764,199.71014492753622,43.6231884057971,184.75208614068032,-187.33333333333334,42.0,353.7805904821538,14.680851063829786,256.9148936170213
10.151943922042847,161.4338616763226,198.93203883495147,38.44660194174757,184.75208614068032,-185.0,37.0,346.41016151377556,15.0,254.6875
10.19954800605774,164.63057180852698,201.0891089108911,35.94059405940594,185.78422070012547,-185.02793296089385,33.85474860335196,342.83892273528306,14.845360824742269,254.2268041237114
10.24756407737732,163.0165465947179,199.7058823529412,35.14705882352942,185.78422070012547,-184.6927374301676,32.849162011173185,346.41016151377556,14.375,258.4375
10.295352935791016,163.0165465947179,200.2941176470588,37.352941176470594,185.78422070012547,-185.3631284916201,34.6927374301676,342.83892273528306,14.845360824742269,255.7731958762887
10.343931198120117,161.4338616763226,199.80582524271844,40.19417475728155,185.78422070012547,-186.3687150837989,37.54189944134078,346.41016151377556,14.375,257.5
10.39196491241455,159.88161300635798,199.90384615384616,45.86538461538461,182.72184343583768,-184.28571428571428,41.86813186813187,353.7805904821538,14.680851063829786,260.4255319148936
10.439521074295044,158.35893097772598,199.71428571428572,52.142857142857146,182.72184343583768,-186.26373626373626,47.967032967032964,353.7805904821538,14.042553191489361,257.2340425531915
10.487374067306519,156.86497879869083,199.24528301886792,57.45283018867925,183.73135638299698,-188.61878453038673,53.370165745856355,361.4714728839397,14.347826086956522,259.5652173913044
10.535559177398682,159.88161300635798,202.5,62.01923076923077,184.75208614068032,-190.0,56.666666666666664,361.4714728839397,15.0,256.95652173913044
10.583588123321533,159.11662921206917,200.95693779904306,62.15311004784689,183.73135638299698,-188.28729281767957,57.01657458563536,365.44368687167537,14.505494505494505,259.1208791208791
10.631325006484985,158.35893097772598,198.85714285714286,59.0,182.72184343583768,-185.6043956043956,54.72527472527472,361.4714728839397,15.0,256.95652173913044
10.68030595779419,162.2213439284022,200.78048780487805,54.878048780487816,186.82795227709244,-188.42696629213484,51.57303370786518,357.58468285292963,14.838709677419354,256.45161290322585
10.743458032608032,162.2213439284022,198.73170731707316,48.585365853658544,185.78422070012547,-185.02793296089385,45.92178770949721,353.7805904821538,14.680851063829786,256.9148936170213
10.79196310043335,163.81958377006137,198.6206896551724,43.300492610837445,186.82795227709244,-184.04494382022472,41.46067415730338,353.7805904821538,14.042553191489361,260.74468085106383
10.839462041854858,165.4496293797137,199.1044776119403,40.0,187.8834774312003,-184.0677966101695,38.13559322033899,350.05658426655214,14.526315789473685,260.8421052631579
10.887567043304443,166.27687752661228,199.8,38.85,187.8834774312003,-183.38983050847457,36.61016949152543,350.05658426655214,13.894736842105264,262.42105263157896
10.935489892959595,166.27687752661228,200.4,40.65,186.82795227709244,-183.03370786516854,37.921348314606746,346.41016151377556,14.375,260.0
10.983507871627808,164.63057180852698,200.1980198019802,44.7029702970297,185.78422070012547,-183.0167597765363,41.39664804469274,353.7805904821538,14.042553191489361,264.5744680851064
11.031906127929688,162.2213439284022,199.3170731707317,50.04878048780488,185.78422070012547,-185.02793296089385,46.59217877094972,353.7805904821538,14.042553191489361,261.70212765957444
11.079888105392456,161.4338616763226,199.80582524271844,56.50485436893204,184.75208614068032,-185.33333333333334,51.833333333333336,357.58468285292963,14.193548387096774,260.9677419354839
11.159303188323975,161.4338616763226,200.38834951456312,63.786407766990294,186.82795227709244,-188.42696629213484,58.314606741573044,361.4714728839397,14.347826086956522,259.89130434782606
11.207143783569336,162.2213439284022,201.0731707317073,66.14634146341464,186.82795227709244,-188.08988764044943,60.3370786516854,365.44368687167537,13.846153846153847,260.7692307692308
11.25593900680542,163.0165465947179,201.1764705882353,65.58823529411765,184.75208614068032,-184.66666666666666,59.166666666666664,369.50417228136064,14.0,263.3333333333333
11.303201913833618,164.63057180852698,200.79207920792078,62.37623762376238,186.82795227709244,-185.3932584269663,57.134831460674164,361.4714728839397,14.347826086956522,258.9130434782609
11.35177206993103,165.4496293797137,199.70149253731344,56.71641791044776,188.9509971893321,-185.79545454545453,53.01136363636365,365.44368687167537,13.846153846153847,264.3956043956044
11.399352073669434,165.4496293797137,197.91044776119404,50.59701492537314,188.9509971893321,-183.75,48.238636363636374,357.58468285292963,14.193548387096774,262.2580645161291
11.447764873504639,166.27687752661228,197.4,45.9,190.03071717327117,-183.0857142857143,44.05714285714286,357.58468285292963,14.193548387096774,265.483870967742
11.495354175567627,168.80901271737287,198.88324873096445,43.401015228426395,188.9509971893321,-180.6818181818182,41.07954545454546,353.7805904821538,14.042553191489361,265.21276595744683
11.543437957763672,168.80901271737287,198.88324873096445,43.09644670050761,188.9509971893321,-180.3409090909091,40.227272727272734,350.05658426655214,13.894736842105264,263.36842105263156
11.591400861740112,167.956441946073,198.78787878787878,44.54545454545455,188.9509971893321,-181.02272727272728,41.420454545454554,353.7805904821538,14.042553191489361,266.48936170212767
11.639116048812866,166.27687752661228,198.0,48.6,187.8834774312003,-180.67796610169492,44.915254237288146,353.7805904821538,14.042553191489361,265.8510638297872
11.687679052352905,166.27687752661228,199.5,54.6,186.82795227709244,-181.34831460674158,49.719101123595514,353.7805904821538,14.042553191489361,262.6595744680851
11.73541808128357,164.63057180852698,199.30693069306932,60.742574257425744,186.82795227709244,-182.69662921348313,55.112359550561806,361.4714728839397,13.695652173913043,265.7608695652174
11.783401012420654,163.81958377006137,198.91625615763547,66.20689655172414,187.8834774312003,-184.74576271186442,60.00000000000001,365.44368687167537,13.186813186813186,265.38461538461536
11.831470012664795,164.63057180852698,199.6039603960396,70.0990099009901,187.8834774312003,-184.74576271186442,62.8813559322034,369.50417228136064,13.333333333333334,266.0
11.879527807235718,163.81958377006137,198.32512315270935,69.90147783251233,187.8834774312003,-184.40677966101694,63.55932203389832,369.50417228136064,13.333333333333334,265.0
11.92733907699585,165.4496293797137,199.1044776119403,68.05970149253731,187.8834774312003,-183.38983050847457,62.203389830508485,369.50417228136064,13.333333333333334,265.6666666666667
11.97535514831543,167.956441946073,200.3030303030303,65.60606060606061,187.8834774312003,-182.3728813559322,60.00000000000001,365.44368687167537,13.846153846153847,264.0659340659341
12.023399829864502,168.80901271737287,199.18781725888326,59.84771573604061,188.9509971893321,-181.70454545454547,55.56818181818183,369.50417228136064,13.333333333333334,269.6666666666667
12.07157301902771,168.80901271737287,197.66497461928935,54.213197969543145,190.03071717327117,-180.68571428571428,51.25714285714286,361.4714728839397,13.695652173913043,267.39130434782606
12.11939287185669,172.3076451052977,199.58549222797927,50.67357512953368,191.12284773173826,-180.0,47.758620689655174,361.4714728839397,13.695652173913043,270.6521739130435
12.16726016998291,169.67028319042066,196.22448979591837,47.75510204081633,191.12284773173826,-178.9655172413793,45.3448275862069,353.7805904821538,14.042553191489361,266.48936170212767
12.215956926345825,173.20508075688778,199.375,49.6875,192.22760407700838,-179.65317919075144,45.60693641618497,357.58468285292963,13.548387096774194,270.00000000000006
12.262964010238647,170.54038720678182,197.53846153846155,51.846153846153854,191.12284773173826,-178.9655172413793,47.58620689655172,357.58468285292963,13.548387096774194,269.35483870967744
12.311462163925171,170.54038720678182,198.76923076923077,57.384615384615394,190.03071717327117,-178.97142857142856,51.42857142857143,357.58468285292963,12.903225806451612,267.74193548387103
12.359977960586548,171.41946136764153,200.41237113402062,62.010309278350526,190.03071717327117,-179.65714285714284,54.51428571428571,361.4714728839397,13.043478260869565,268.3695652173913
12.407303094863892,171.41946136764153,200.72164948453607,68.50515463917527,190.03071717327117,-181.02857142857144,59.65714285714286,369.50417228136064,12.666666666666666,271.3333333333333
12.455914974212646,168.80901271737287,198.88324873096445,72.63959390862944,190.03071717327117,-181.71428571428572,63.94285714285714,369.50417228136064,12.666666666666666,268.6666666666667
12.503552913665771,169.67028319042066,199.89795918367346,75.4591836734694,190.03071717327117,-181.71428571428572,66.17142857142858,373.6559045541849,12.808988764044944,270.00000000000006
12.55163311958313,169.67028319042066,199.28571428571428,74.69387755102042,191.12284773173826,-182.41379310344828,67.06896551724138,373.6559045541849,12.808988764044944,269.6629213483146
12.631354093551636,172.3076451052977,199.89637305699483,68.70466321243524,191.12284773173826,-180.3448275862069,63.10344827586207,373.6559045541849,12.808988764044944,273.37078651685397
12.679666996002197,173.20508075688778,199.0625,63.28125,192.22760407700838,-180.0,59.13294797687861,369.50417228136064,12.666666666666666,273.6666666666667
12.727048873901367,174.1119136404317,198.53403141361255,58.27225130890052,192.22760407700838,-177.91907514450867,54.797687861271676,365.44368687167537,13.186813186813186,273.95604395604397
12.77531385421753,175.95436775302886,199.36507936507937,56.34920634920635,193.34520642629334,-177.90697674418604,53.02325581395349,361.4714728839397,13.043478260869565,272.9347826086956
12.823751211166382,176.8902952410769,199.46808510638297,54.8936170212766,193.34520642629334,-177.2093023255814,50.406976744186046,361.4714728839397,13.043478260869565,274.2391304347826
12.871367931365967,176.8902952410769,199.7872340425532,55.53191489361702,194.47588014808454,-178.24561403508773,50.175438596491226,365.44368687167537,12.527472527472527,277.9120879120879
12.91965103149414,175.02829213327607,198.31578947368422,57.94736842105263,193.34520642629334,-177.2093023255814,51.80232558139535,361.4714728839397,12.391304347826088,274.2391304347826
12.967278003692627,174.1119136404317,198.2198952879581,62.98429319371728,193.34520642629334,-178.25581395348837,55.63953488372093,365.44368687167537,11.868131868131869,274.61538461538464
13.015685081481934,172.3076451052977,197.40932642487047,68.39378238341969,192.22760407700838,-178.26589595375722,59.47976878612717,369.50417228136064,12.0,274.3333333333333
13.06355094909668,173.20508075688778,199.0625,74.53125,192.22760407700838,-178.95953757225433,64.50867052023122,373.6559045541849,11.460674157303371,274.38202247191015
13.111653089523315,173.20508075688778,198.75,78.4375,192.22760407700838,-179.3063583815029,68.15028901734104,377.9019943786642,11.590909090909092,274.7727272727273
13.15987491607666,173.20508075688778,199.375,79.84375,193.34520642629334,-180.69767441860466,70.29069767441861,377.9019943786642,11.590909090909092,273.75000000000006
13.20685601234436,175.02829213327607,200.21052631578948,80.05263157894737,192.22760407700838,-178.95953757225433,70.57803468208093,377.9019943786642,12.272727272727273,273.75000000000006
13.255872011184692,175.02829213327607,198.94736842105263,76.89473684210526,193.34520642629334,-179.30232558139534,69.76744186046511,377.9019943786642,12.272727272727273,275.4545454545455
13.303314924240112,177.83623264878318,200.2139037433155,72.83422459893049,193.34520642629334,-177.5581395348837,66.62790697674419,369.50417228136064,12.666666666666666,272.3333333333333
13.35139513015747,180.73573644196986,201.19565217391303,68.15217391304348,195.61985591366147,-178.23529411764707,62.8235294117647,373.6559045541849,12.134831460674157,279.10112359550567
13.399908065795898,179.75878651525653,198.8108108108108,62.918918918918926,196.77736985397902,-177.5147928994083,59.11242603550297,365.44368687167537,12.527472527472527,276.2637362637363
13.447195053100586,180.73573644196986,199.2391304347826,60.48913043478261,196.77736985397902,-176.09467455621302,55.91715976331362,361.4714728839397,12.391304347826088,276.19565217391306
13.495757102966309,181.7233634170626,199.34426229508196,60.49180327868852,196.77736985397902,-175.3846153846154,53.96449704142013,365.44368687167537,11.868131868131869,279.56043956043953
13.55945897102356,179.75878651525653,198.16216216216216,62.10810810810812,197.94866372215748,-176.78571428571428,55.00000000000001,365.44368687167537,11.208791208791208,279.8901098901099
13.607696056365967,178.79234142646482,197.74193548387098,66.29032258064517,196.77736985397902,-176.44970414201183,58.22485207100593,369.50417228136064,11.333333333333334,281.6666666666667
13.655305862426758,178.79234142646482,199.03225806451613,72.25806451612904,195.61985591366147,-176.47058823529412,61.76470588235294,369.50417228136064,11.333333333333334,278.0
13.703924894332886,175.95436775302886,197.14285714285714,77.46031746031746,194.47588014808454,-176.49122807017545,66.66666666666667,377.9019943786642,10.909090909090908,281.25000000000006
13.751412868499756,177.83623264878318,198.93048128342247,83.10160427807487,196.77736985397902,-179.6449704142012,72.07100591715978,377.9019943786642,10.909090909090908,278.18181818181824
13.799559116363525,175.95436775302886,197.77777777777777,85.23809523809524,195.61985591366147,-178.94117647058823,75.0,382.2456954634765,11.03448275862069,279.3103448275862
13.847333192825317,175.95436775302886,197.14285714285714,85.23809523809524,195.61985591366147,-178.58823529411765,76.58823529411765,382.2456954634765,11.724137931034482,278.2758620689655
13.895241975784302,178.79234142646482,198.38709677419354,83.5483870967742,194.47588014808454,-176.140350877193,75.08771929824562,382.2456954634765,11.724137931034482,279.6551724137931
13.959857940673828,182.72184343583768,200.76923076923077,80.10989010989012,196.77736985397902,-177.15976331360946,73.13609467455623,373.6559045541849,12.134831460674157,275.73033707865176
14.007127046585083,179.75878651525653,196.21621621621622,72.81081081081082,199.1339850618111,-177.48502994011977,69.1616766467066,377.9019943786642,11.590909090909092,281.93181818181824
14.055822134017944,183.73135638299698,197.90055248618785,68.95027624309392,199.1339850618111,-174.97005988023952,64.311377245509,377.9019943786642,11.590909090909092,286.0227272727273
14.135488986968994,186.82795227709244,198.87640449438203,65.561797752809,201.5477303352876,-174.9090909090909,59.27272727272727,373.6559045541849,11.460674157303371,286.8539325842697
14.183368921279907,185.78422070012547,197.76536312849163,65.53072625698324,202.77667991050276,-175.609756097561,58.53658536585366,369.50417228136064,10.666666666666666,284.3333333333333
14.231473922729492,183.73135638299698,196.24309392265192,68.12154696132596,201.5477303352876,-174.9090909090909,59.81818181818182,373.6559045541849,10.112359550561798,287.5280898876405
14.279468059539795,181.7233634170626,195.7377049180328,72.62295081967213,200.33358738146057,-174.93975903614458,63.25301204819277,373.6559045541849,10.112359550561798,284.83146067415737
14.32748794555664,181.7233634170626,197.04918032786884,79.01639344262296,199.1339850618111,-175.32934131736528,68.26347305389223,377.9019943786642,10.227272727272727,284.65909090909093
14.375314950942993,182.72184343583768,198.46153846153845,83.9010989010989,199.1339850618111,-176.40718562874252,71.67664670658684,382.2456954634765,9.655172413793103,286.2068965517241
14.423866987228394,181.7233634170626,198.0327868852459,89.01639344262296,199.1339850618111,-177.48502994011977,77.42514970059882,382.2456954634765,9.655172413793103,283.44827586206895
14.471179962158203,182.72184343583768,199.12087912087912,92.3076923076923,200.33358738146057,-179.63855421686748,81.32530120481928,391.23971182732294,9.882352941176471,288.0
14.51946496963501,183.73135638299698,199.88950276243094,92.81767955801105,199.1339850618111,-178.20359281437126,82.81437125748505,391.23971182732294,10.588235294117647,287.29411764705884
14.567296981811523,183.73135638299698,199.22651933701658,90.0,199.1339850618111,-177.48502994011977,82.45508982035929,391.23971182732294,10.588235294117647,288.3529411764706
14.615510940551758,184.75208614068032,198.0,85.33333333333333,199.1339850618111,-175.688622754491,79.04191616766468,386.6904128525867,11.162790697674419,287.4418604651163
14.663451194763184,187.8834774312003,198.98305084745763,80.5084745762712,200.33358738146057,-174.57831325301206,74.81927710843374,382.2456954634765,11.03448275862069,287.2413793103448
14.711863994598389,187.8834774312003,197.28813559322035,75.42372881355934,202.77667991050276,-174.14634146341464,70.0609756097561,382.2456954634765,11.03448275862069,290.3448275862069
14.759928941726685,190.03071717327117,197.82857142857142,73.37142857142857,202.77667991050276,-173.0487804878049,67.13414634146342,382.2456954634765,11.03448275862069,292.7586206896552
14.807251930236816,190.03071717327117,196.8,71.14285714285714,205.280095711867,-174.07407407407408,64.25925925925925,377.9019943786642,10.227272727272727,291.4772727272728
14.855292797088623,191.12284773173826,197.24137931034483,72.06896551724138,207.84609690826534,-175.5,63.9375,373.6559045541849,10.112359550561798,288.8764044943821
14.903685092926025,188.9509971893321,196.02272727272728,73.97727272727273,205.280095711867,-173.33333333333334,64.25925925925925,377.9019943786642,9.545454545454545,291.81818181818187
14.951600074768066,186.82795227709244,195.1685393258427,78.20224719101125,204.02070862161014,-173.37423312883436,67.73006134969326,382.2456954634765,8.96551724137931,293.1034482758621
14.999348878860474,185.78422070012547,195.08379888268158,83.79888268156425,205.280095711867,-176.2962962962963,73.14814814814815,382.2456954634765,8.96551724137931,290.0
15.047388076782227,185.78422070012547,196.08938547486034,89.83240223463687,202.77667991050276,-175.2439024390244,78.10975609756098,386.6904128525867,9.069767441860465,290.5813953488372
15.095920085906982,187.8834774312003,198.3050847457627,95.25423728813561,202.77667991050276,-176.70731707317074,83.04878048780488,386.6904128525867,9.767441860465116,287.7906976744186
15.143559217453003,187.8834774312003,198.64406779661016,97.11864406779662,202.77667991050276,-177.0731707317073,86.70731707317073,391.23971182732294,9.882352941176471,289.4117647058824
15.191288948059082,185.78422070012547,196.4245810055866,96.03351955307262,202.77667991050276,-177.0731707317073,88.53658536585365,395.89732744431495,10.0,292.50000000000006
15.239408016204834,188.9509971893321,198.0681818181818,95.11363636363637,201.5477303352876,-175.27272727272728,87.81818181818181,395.89732744431495,10.0,293.2142857142858
15.287345170974731,190.03071717327117,197.82857142857142,91.02857142857142,204.02070862161014,-176.31901840490798,85.39877300613497,395.89732744431495,10.0,296.0714285714286
15.335506916046143,191.12284773173826,197.58620689655172,86.20689655172414,205.280095711867,-175.1851851851852,81.29629629629629,386.6904128525867,10.465116279069768,291.9767441860465
15.383660078048706,193.34520642629334,197.4418604651163,81.80232558139535,209.1533050649211,-176.60377358490567,77.54716981132077,391.23971182732294,9.882352941176471,298.94117647058823
15.431401014328003,195.61985591366147,198.0,79.76470588235294,207.84609690826534,-173.25,72.1875,377.9019943786642,10.227272727272727,291.4772727272728
15.479337930679321,193.34520642629334,195.34883720930233,77.09302325581395,209.1533050649211,-172.83018867924528,69.24528301886794,382.2456954634765,9.655172413793103,296.2068965517241
15.527384042739868,193.34520642629334,195.34883720930233,77.79069767441861,209.1533050649211,-172.45283018867926,68.49056603773586,377.9019943786642,9.545454545454545,293.86363636363643
15.607743978500366,192.22760407700838,194.5664739884393,82.3699421965318,209.1533050649211,-173.20754716981133,71.50943396226417,382.2456954634765,8.96551724137931,295.17241379310343
15.656442165374756,193.34520642629334,196.04651162790697,88.25581395348837,209.1533050649211,-174.71698113207546,76.03773584905662,386.6904128525867,8.372093023255815,296.86046511627904
15.703249216079712,192.22760407700838,195.95375722543352,93.46820809248555,207.84609690826534,-175.125,81.1875,386.6904128525867,8.372093023255815,294.06976744186045
15.751466035842896,193.34520642629334,198.13953488372093,98.54651162790698,205.280095711867,-173.7037037037037,85.74074074074075,391.23971182732294,9.176470588235293,294.0
15.79944896697998,190.03071717327117,195.42857142857142,99.77142857142857,206.55512736225126,-176.27329192546583,90.37267080745342,395.89732744431495,9.285714285714286,295.3571428571429
15.847552061080933,190.03071717327117,195.42857142857142,100.45714285714286,205.280095711867,-175.1851851851852,92.96296296296296,395.89732744431495,10.0,294.28571428571433
15.895495176315308,194.47588014808454,198.24561403508773,100.52631578947368,204.02070862161014,-173.37423312883436,92.76073619631902,395.89732744431495,10.0,295.3571428571429
15.943928003311157,193.34520642629334,196.04651162790697,95.93023255813954,206.55512736225126,-174.7826086956522,91.11801242236025,395.89732744431495,10.0,296.78571428571433
15.991283893585205,194.47588014808454,196.140350877193,93.15789473684211,206.55512736225126,-172.91925465838509,88.13664596273291,391.23971182732294,10.588235294117647,295.05882352941177
16.03928017616272,194.47588014808454,194.73684210526315,87.71929824561404,210.47706016026868,-174.68354430379748,83.9240506329114,395.89732744431495,10.0,301.78571428571433
16.087121963500977,199.1339850618111,196.88622754491018,86.04790419161678,210.47706016026868,-172.78481012658227,78.98734177215191,391.23971182732294,9.882352941176471,301.4117647058824
16.135364055633545,197.94866372215748,194.64285714285714,83.0357142857143,213.1754840084773,-173.46153846153845,75.96153846153847,391.23971182732294,9.176470588235293,303.88235294117646
16.183859825134277,200.33358738146057,195.90361445783134,83.49397590361446,213.1754840084773,-172.69230769230768,73.84615384615384,386.6904128525867,8.372093023255815,301.3953488372093
16.231301069259644,195.61985591366147,192.7058823529412,83.82352941176471,213.1754840084773,-172.69230769230768,74.23076923076923,386.6904128525867,8.372093023255815,301.04651162790697
16.279354095458984,196.77736985397902,194.20118343195267,88.40236686390534,213.1754840084773,-173.84615384615384,77.5,391.23971182732294,7.764705882352941,303.1764705882353
16.327775955200195,195.61985591366147,193.76470588235293,93.70588235294117,210.47706016026868,-172.78481012658227,81.26582278481014,391.23971182732294,7.764705882352941,301.4117647058824
16.375489950180054,196.77736985397902,195.97633136094674,97.98816568047339,209.1533050649211,-172.45283018867926,84.9056603773585,391.23971182732294,8.470588235294118,299.29411764705884
16.42342710494995,193.34520642629334,193.6046511627907,100.63953488372093,207.84609690826534,-172.875,89.4375,395.89732744431495,8.571428571428571,299.6428571428572
16.47149419784546,194.47588014808454,195.08771929824562,104.3859649122807,209.1533050649211,-175.0943396226415,94.52830188679248,395.89732744431495,9.285714285714286,297.50000000000006
16.519402980804443,193.34520642629334,194.30232558139534,104.12790697674419,209.1533050649211,-175.47169811320754,97.54716981132077,400.66717476292115,9.397590361445783,300.0
16.56733989715576,195.61985591366147,195.1764705882353,103.41176470588235,207.84609690826534,-173.25,97.5,400.66717476292115,9.397590361445783,300.0
16.615562915802002,196.77736985397902,194.55621301775147,99.94082840236688,210.47706016026868,-174.68354430379748,96.07594936708863,400.66717476292115,10.120481927710843,301.8072289156627
16.66327404975891,196.77736985397902,193.1360946745562,95.50295857988168,210.47706016026868,-172.0253164556962,91.8987341772152,395.89732744431495,10.714285714285714,300.3571428571429
16.71155095100403,200.33358738146057,194.4578313253012,92.34939759036145,215.94399678780815,-176.1038961038961,88.24675324675324,395.89732744431495,10.0,303.5714285714286
16.775455951690674,201.5477303352876,194.1818181818182,88.54545454545455,214.55080971175775,-172.6451612903226,82.45161290322581,395.89732744431495,9.285714285714286,306.4285714285715
16.82349991798401,204.02070862161014,195.09202453987731,88.15950920245399,218.78536516659508,-174.8684210526316,80.32894736842105,395.89732744431495,8.571428571428571,308.9285714285715
16.87087607383728,200.33358738146057,192.289156626506,86.74698795180723,215.94399678780815,-171.8181818181818,77.92207792207792,386.6904128525867,8.372093023255815,302.4418604651163
16.91904902458191,201.5477303352876,193.45454545454547,90.0,215.94399678780815,-172.5974025974026,79.0909090909091,386.6904128525867,8.372093023255815,303.13953488372096
16.967233896255493,199.1339850618111,192.5748502994012,93.5928143712575,217.3553954596239,-175.2941176470588,83.33333333333333,395.89732744431495,7.857142857142857,308.5714285714286
17.015525102615356,199.1339850618111,193.29341317365268,98.62275449101799,213.1754840084773,-172.69230769230768,87.3076923076923,391.23971182732294,7.764705882352941,302.47058823529414
17.095902919769287,196.77736985397902,193.1360946745562,105.08875739644972,211.81767837785003,-174.2675159235669,95.92356687898089,400.66717476292115,8.674698795180722,304.33734939759034
17.14379906654358,196.77736985397902,193.49112426035504,107.21893491124263,211.81767837785003,-174.64968152866243,100.50955414012739,405.55335982100553,9.512195121951219,305.4878048780488
17.191048860549927,194.47588014808454,191.57894736842104,106.66666666666667,211.81767837785003,-175.03184713375796,101.84713375796179,405.55335982100553,9.512195121951219,304.7560975609756
17.239223957061768,200.33358738146057,194.81927710843374,107.89156626506023,211.81767837785003,-173.5031847133758,102.99363057324841,400.66717476292115,10.120481927710843,300.3614457831325
17.28778600692749,197.94866372215748,192.14285714285714,102.85714285714288,213.1754840084773,-173.46153846153845,100.96153846153847,405.55335982100553,10.24390243902439,305.4878048780488
17.33581805229187,196.77736985397902,189.94082840236686,97.63313609467457,213.1754840084773,-171.92307692307693,96.53846153846153,405.55335982100553,10.24390243902439,308.0487804878049
17.38334894180298,204.02070862161014,193.61963190184048,96.25766871165644,218.78536516659508,-175.6578947368421,92.5657894736842,400.66717476292115,10.120481927710843,307.5903614457831
17.43144702911377,202.77667991050276,192.0731707317073,92.01219512195122,217.3553954596239,-172.15686274509804,87.05882352941177,400.66717476292115,9.397590361445783,311.56626506024094
17.47925305366516,204.02070862161014,192.14723926380367,90.3680981595092,220.23427486968512,-173.64238410596028,83.44370860927152,400.66717476292115,8.674698795180722,314.09638554216866
17.52719783782959,204.02070862161014,192.14723926380367,90.1840490797546,218.78536516659508,-172.10526315789474,81.11842105263158,391.23971182732294,8.470588235294118,308.47058823529414
17.575958013534546,202.77667991050276,191.34146341463415,90.91463414634147,218.78536516659508,-172.5,81.3157894736842,391.23971182732294,8.470588235294118,308.47058823529414
17.623528957366943,204.02070862161014,192.51533742331287,95.52147239263803,217.3553954596239,-172.54901960784315,84.50980392156863,391.23971182732294,7.764705882352941,308.11764705882354
17.671579122543335,204.02070862161014,193.61963190184048,100.67484662576688,218.78536516659508,-175.26315789473685,90.19736842105263,391.23971182732294,8.470588235294118,305.29411764705884
17.719110012054443,197.94866372215748,190.35714285714286,102.50000000000001,215.94399678780815,-174.54545454545453,94.67532467532467,405.55335982100553,8.048780487804878,312.4390243902439
17.76762890815735,201.5477303352876,193.45454545454547,109.27272727272727,213.1754840084773,-173.07692307692307,99.61538461538461,400.66717476292115,9.397590361445783,305.06024096385545
17.815360069274902,196.77736985397902,189.94082840236686,108.8165680473373,214.55080971175775,-174.96774193548387,104.51612903225806,405.55335982100553,9.512195121951219,305.4878048780488
17.86393904685974,200.33358738146057,192.65060240963857,110.96385542168674,214.55080971175775,-174.58064516129033,106.64516129032258,410.560191423734,9.62962962962963,307.4074074074074
17.911337852478027,201.5477303352876,192.36363636363637,109.27272727272727,217.3553954596239,-176.07843137254903,107.84313725490196,410.560191423734,10.37037037037037,307.77777777777777
17.959546089172363,202.77667991050276,192.0731707317073,105.73170731707317,217.3553954596239,-174.50980392156862,104.11764705882354,405.55335982100553,10.975609756097562,306.219512195122
18.007405042648315,199.1339850618111,188.26347305389223,100.05988023952098,217.3553954596239,-173.33333333333334,100.19607843137256,410.560191423734,10.37037037037037,312.5925925925926
18.05521512031555,204.02070862161014,190.67484662576686,97.17791411042944,221.7025033688164,-176.4,95.40000000000002,400.66717476292115,10.120481927710843,308.67469879518075
18.10330319404602,204.02070862161014,190.30674846625766,93.12883435582822,220.23427486968512,-172.8476821192053,89.20529801324503,395.89732744431495,10.0,309.28571428571433
18.151057958602905,207.84609690826534,192.375,92.25,223.1904396330366,-174.76510067114094,85.16778523489934,400.66717476292115,8.674698795180722,316.26506024096386
18.199568033218384,205.280095711867,190.74074074074073,90.74074074074075,221.7025033688164,-172.8,83.40000000000002,400.66717476292115,7.951807228915663,318.0722891566265
18.24731683731079,204.02070862161014,189.93865030674846,92.94478527607362,221.7025033688164,-174.0,85.20000000000002,395.89732744431495,7.857142857142857,313.9285714285715
18.295204162597656,202.77667991050276,189.8780487804878,96.95121951219512,221.7025033688164,-175.2,90.00000000000001,395.89732744431495,8.571428571428571,311.4285714285715
18.343003034591675,204.02070862161014,191.77914110429447,103.43558282208589,218.78536516659508,-174.8684210526316,94.14473684210526,395.89732744431495,8.571428571428571,307.50000000000006
18.390886068344116,200.33358738146057,189.75903614457832,105.36144578313252,217.3553954596239,-174.11764705882354,98.23529411764706,405.55335982100553,8.78048780487805,312.4390243902439
18.4389910697937,199.1339850618111,189.34131736526948,109.76047904191618,221.7025033688164,-179.2,107.20000000000002,405.55335982100553,9.512195121951219,308.0487804878049
18.487215995788574,205.280095711867,193.7037037037037,116.29629629629629,218.78536516659508,-177.23684210526315,109.9342105263158,410.560191423734,10.37037037037037,308.51851851851853
18.567644834518433,202.77667991050276,191.34146341463415,113.04878048780488,218.78536516659508,-176.44736842105263,110.92105263157895,415.6921938165307,10.5,311.625
18.61490821838379,202.77667991050276,189.8780487804878,107.92682926829268,220.23427486968512,-176.02649006622516,108.47682119205298,410.560191423734,10.37037037037037,310.0
18.663456916809082,202.77667991050276,188.41463414634146,102.2560975609756,220.23427486968512,-174.83443708609272,102.11920529801324,405.55335982100553,10.975609756097562,310.609756097561
18.71095299720764,202.77667991050276,187.3170731707317,96.21951219512195,223.1904396330366,-176.3758389261745,96.64429530201345,405.55335982100553,9.512195121951219,315.0
18.758996963500977,205.280095711867,188.5185185185185,92.5925925925926,224.69848314407065,-175.94594594594594,90.4054054054054,395.89732744431495,10.0,311.4285714285715
18.806981086730957,206.55512736225126,189.3167701863354,91.11801242236025,224.69848314407065,-175.54054054054055,87.56756756756756,395.89732744431495,9.285714285714286,313.2142857142858
18.854929208755493,204.02070862161014,187.36196319018404,89.079754601227,223.1904396330366,-173.55704697986576,84.76510067114096,395.89732744431495,9.285714285714286,314.6428571428572
18.90280795097351,206.55512736225126,189.3167701863354,92.4223602484472,221.7025033688164,-173.2,85.60000000000002,395.89732744431495,8.571428571428571,314.6428571428572
18.95108914375305,204.02070862161014,188.83435582822085,96.25766871165644,223.1904396330366,-175.9731543624161,90.8053691275168,395.89732744431495,8.571428571428571,312.1428571428572
18.99938702583313,204.02070862161014,189.93865030674846,102.51533742331289,221.7025033688164,-176.8,96.60000000000002,400.66717476292115,8.674698795180722,311.56626506024094
19.047537088394165,202.77667991050276,189.5121951219512,108.29268292682927,220.23427486968512,-177.2185430463576,102.91390728476821,405.55335982100553,9.512195121951219,310.609756097561
19.095370054244995,200.33358738146057,188.67469879518072,112.40963855421687,224.69848314407065,-182.43243243243242,111.08108108108108,415.6921938165307,9.75,314.625
19.143846035003662,201.5477303352876,189.45454545454547,115.45454545454545,220.23427486968512,-178.80794701986756,112.8476821192053,410.560191423734,10.37037037037037,308.14814814814815
19.191437005996704,202.77667991050276,190.2439024390244,115.97560975609755,217.3553954596239,-175.68627450980392,112.54901960784314,415.6921938165307,10.5,311.625
19.23933696746826,201.5477303352876,188.72727272727272,112.72727272727273,220.23427486968512,-177.6158940397351,112.64900662251655,410.560191423734,11.11111111111111,308.51851851851853
19.287283897399902,204.02070862161014,188.83435582822085,108.77300613496932,223.1904396330366,-178.79194630872485,109.73154362416109,405.55335982100553,10.975609756097562,307.6829268292683
19.33516001701355,202.77667991050276,186.58536585365854,101.89024390243902,221.7025033688164,-176.4,101.60000000000002,405.55335982100553,10.24390243902439,312.4390243902439
19.38381791114807,204.02070862161014,186.99386503067484,96.25766871165644,227.7765445570031,-179.58904109589042,97.3972602739726,400.66717476292115,10.120481927710843,313.3734939759036
19.431387186050415,206.55512736225126,187.82608695652175,92.2360248447205,224.69848314407065,-175.54054054054055,89.79729729729729,400.66717476292115,9.397590361445783,316.6265060240964
