0, -0.0375702,0
0.170847, 0.0217439,0.00160443
0.341694, -0.00294248,-0.00740478
0.512541, -0.00470463,0.00771315
0.683388, 0.0076377,0.000632494
0.854235, 0.00218388,0.00122619
1.02508, 0.00357771,-0.00713554
1.19593, -0.00847043,-0.00363947
1.36678, 0.00132364,0.00238643
1.53762, -0.00111024,0.00384166
1.70847, 0.00438616,-0.00463984
1.87932, -0.00382243,-0.00254069
2.05016, -0.00211069,0.00153129
2.22101, -0.00255227,0.00331466
2.39186, 0.0023034,0.00455716
2.56271, 0.00718871,-0.00400143
2.73355, -0.00301153,-0.00022655
2.9044, -0.0068365,-0.00424305
3.07525, 0.00364754,-0.000132138
3.24609, 0.00188559,0.00747461
3.41694, -0.00346789,-0.00525367
3.58779, 0.0013861,0.001105
3.75864, -0.00503825,-0.0023066
3.92948, 0.00123757,0.0102587
4.10033, 0.00483826,-0.0030692
4.27118, 0.00700284,-0.00524021
4.44202, -0.00719585,0.00492848
4.61287, -0.00288745,-0.00509872
4.78372, 0.0056637,0.00347967
4.95456, -0.000957446,-0.0029931
5.12541, -0.00165602,-0.00301978
5.29626, -0.00297126,0.00263275
5.46711, -0.000435103,0.000382802
5.63795, 0.00348266,0.00657919
5.8088, 0.000785454,-0.00222161
5.97965, 0.00262994,-0.00768029
6.15049, -0.00330149,0.00103663
6.32134, -0.00308758,0.00535293
6.49219, 0.00111318,-0.00183316
6.66304, 0.00586136,-0.00245363
6.83388, -0.00662497,-0.0011206
7.00473, -0.00445279,0.00110429
7.17558, 0.0065114,0.00581898
7.34642, -0.00520962,0.00348261
7.51727, 0.0127962,-0.00715108
7.68812, -0.00697234,-0.000248795
7.85896, -0.00010174,-0.00182257
8.02981, -0.00364458,0.00530662
8.20066, 0.00832318,-0.00295848
8.37151, -0.00276308,-0.000430853
8.54235, -0.00480326,-0.00366394
8.7132, -0.000541927,0.00402834
8.88405, 3.03902e-05,0.00315072
9.05489, 0.00472263,0.00121427
9.22574, 0.00156264,-0.0051909
9.39659, -0.00125485,-0.00497936
9.56743, -0.00133661,0.00779824
9.73828, -0.00148096,-0.00129489
9.90913, 0.00397403,-0.00275895
10.08, -0.00259207,-0.00212873
10.2508, -0.00744329,0.000673767
10.4217, -0.000141663,0.00499238
10.5925, 0.00736505,0.0068182
10.7634, 0.00178701,-0.00819479
10.9342, 0.000379588,0.000208403
11.1051, -0.00268402,-0.00365756
11.2759, -0.0010949,0.00954339
11.4468, 0.00211144,-0.00863055
11.6176, 0.0041248,-0.000842565
11.7884, -0.00802336,0.004736
11.9593, -0.00057894,-0.00587149
12.1301, 0.00513802,0.0107478
12.301, -0.00235521,0.000985617
12.4718, 0.00305607,-0.0115063
12.6427, 0.00199669,0.00273624
12.8135, -0.00346744,-0.000960972
12.9844, -0.0013002,0.00167116
13.1552, 0.00479038,-0.00194747
13.3261, -0.00403322,-0.00315349
13.4969, -0.00619915,-0.000829346
13.6678, -0.00543262,0.00440038
13.8386, 0.00161848,0.00535651
14.0095, -0.00138358,0.0067103
14.1803, 0.00793898,0.0246011
14.3512, 0.0619201,-0.0500054
14.522, -0.0749275,0.007263
14.6928, 0.0141412,0.00672515
14.8637, 0.00325206,-0.00174042
15.0345, -0.00231452,-0.00160231
15.2054, -0.00706944,0.00194478
15.3762, 0.00552679,0.0033994
15.5471, 0.00133777,0.0026134
15.7179, 0.00447553,0.00111561
15.8888, -0.00305508,-0.00541762
16.0596, -0.00294807,0.00251369
16.2305, 0.00455188,-2.68885e-05
16.4013, -0.00159895,0.000759427
16.5722, 0.00406208,-0.00808838
16.743, -0.00316833,0.00520639
16.9139, -0.00603115,0.00270385
17.0847, 0.00156765,-0.0019391
17.2556, 0.00312872,0.00604629
17.4264, 0.00488064,-0.00414262
17.5972, -0.00427413,-0.00512544
17.7681, -0.00191631,0.00277196
17.9389, 0.00373001,0.00111244
18.1098, 0.00203556,0.00355772
18.2806, -0.00281232,-0.0094692
18.4515, -0.00412623,-0.00108664
18.6223, -0.00302198,0.0126378
18.7932, 0.00534234,-0.00842909
18.964, 0.000510387,0.00715618
19.1349, 0.00245786,-0.00403945
19.3057, -0.00378782,-0.00270594
19.4766, 0.000820731,0.00107944
19.6474, 0.00497222,0.0054244
19.8183, -0.00346844,-0.00746143
19.9891, -0.00195843,-0.000709181
20.16, 0.000849221,0.00200427
20.3308, -0.00596291,0.00319037
20.5016, 0.00615288,0.0038645
20.6725, 0.00404968,-0.00619268
20.8433, -0.00813208,0.00129419
21.0142, 0.00323959,-0.000692001
21.185, 0.00134766,0.00141266
21.3559, 0.00737322,-0.000454686
21.5267, -0.00875451,-0.00556262
21.6976, -0.00136458,2.81812e-05
21.8684, -0.000143174,0.00264133
22.0393, -0.00219328,0.00522308
22.2101, 0.00660707,0.00126016
22.381, 0.000409007,-0.006274
22.5518, -0.00449979,0.00282189
22.7227, 0.00173778,-0.00142717
22.8935, 0.00247292,0.00355283
23.0644, 0.00402143,0.000936458
23.2352, -0.00772126,-0.0123733
23.406, -0.00169113,0.00354013
23.5769, -0.000302232,0.0100011
23.7477, -0.000895264,-0.004765
23.9186, 0.00595398,0.00209672
24.0894, -0.000993373,-0.00212522
24.2603, -0.000527016,-0.00135078
24.4311, 0.00362466,0.00307587
24.602, -0.00174688,-0.00137871
24.7728, 0.00235946,-0.00270023
24.9437, -0.00592106,-0.00441811
25.1145, -0.00339562,0.00686719
25.2854, -0.000610287,0.000862281
25.4562, 0.0103635,0.00224874
25.6271, -0.00423338,-0.00533163
25.7979, -0.00128486,0.00218204
25.9688, -0.0014832,0.00179431
26.1396, 0.00455939,-6.43784e-06
26.3104, 0.00224243,-0.00175251
26.4813, -0.00217503,-0.00578129
26.6521, -0.00753072,0.000951302
26.823, 0.00338341,0.00597561
26.9938, -0.000423342,0.000276262
27.1647, 0.00199875,-0.000929829
27.3355, 0.00357186,0.000250096
27.5064, -0.00703781,-0.00157948
27.6772, 0.0057772,0.00276518
27.8481, -0.000854623,0.000139421
28.0189, 0.00269104,-0.00459595
28.1898, -0.00415494,5.33994e-05
28.3606, -0.00168301,-0.00378978
28.5315, -0.00137689,0.00480766
28.7023, 0.00146256,0.00367847
28.8732, 0.00231356,0.00165646
29.044, 0.000906566,-0.00494809
29.2148, -0.00402531,0.00254627
29.3857, 0.000346642,-0.000248161
29.5565, 0.0101403,-0.000563057
29.7274, -0.00629612,-0.00693591
29.8982, -0.00285337,0.00274224
30.0691, 0,0
30.2399, 0,0
30.4108, 0,0
30.5816, 0,0
30.7525, 0,0
30.9233, 0,0
31.0942, 0,0
31.265, 0,0
31.4359, 0,0
31.6067, 0,0
31.7776, 0,0
31.9484, 0,0
32.1192, 0,0
32.2901, 0,0
32.4609, 0,0
32.6318, 0,0
32.8026, 0,0
32.9735, 0,0
33.1443, 0,0
33.3152, 0,0
33.486, 0,0
33.6569, 0,0
33.8277, 0,0
33.9986, 0,0
34.1694, 0,0
34.3403, 0,0
34.5111, 0,0
34.682, 0,0
34.8528, 0,0
35.0236, 0,0
35.1945, 0,0
35.3653, 0,0
35.5362, 0,0
35.707, 0,0
35.8779, 0,0
36.0487, 0,0
36.2196, 0,0
36.3904, 0,0
36.5613, 0,0
36.7321, 0,0
36.903, 0,0
37.0738, 0,0
37.2447, 0,0
37.4155, 0,0
37.5864, 0,0
37.7572, 0,0
37.928, 0,0
38.0989, 0,0
38.2697, 0,0
38.4406, 0,0
38.6114, 0,0
38.7823, 0,0
38.9531, 0,0
39.124, 0,0
39.2948, 0,0
39.4657, 0,0
39.6365, 0,0
39.8074, 0,0
39.9782, 0,0
40.1491, 0,0
40.3199, 0,0
40.4908, 0,0
40.6616, 0,0
40.8324, 0,0
41.0033, 0,0
41.1741, 0,0
41.345, 0,0
41.5158, 0,0
41.6867, 0,0
41.8575, 0,0
42.0284, 0,0
42.1992, 0,0
42.3701, 0,0
42.5409, 0,0
42.7118, 0,0
42.8826, 0,0
43.0535, 0,0
43.2243, 0,0
43.3952, 0,0
43.566, 0,0
43.7368, 0,0
43.9077, 0,0
44.0785, 0,0
44.2494, 0,0
44.4202, 0,0
44.5911, 0,0
44.7619, 0,0
44.9328, 0,0
45.1036, 0,0
45.2745, 0,0
45.4453, 0,0
45.6162, 0,0
45.787, 0,0
45.9579, 0,0
46.1287, 0,0
46.2996, 0,0
46.4704, 0,0
46.6412, 0,0
46.8121, 0,0
46.9829, 0,0
47.1538, 0,0
47.3246, 0,0
47.4955, 0,0
47.6663, 0,0
47.8372, 0,0
48.008, 0,0
48.1789, 0,0
48.3497, 0,0
48.5206, 0,0
48.6914, 0,0
48.8623, 0,0
49.0331, 0,0
49.204, 0,0
49.3748, 0,0
49.5456, 0,0
49.7165, 0,0
49.8873, 0,0
50.0582, 0,0
50.229, 0,0
50.3999, 0,0
50.5707, 0,0
50.7416, 0,0
50.9124, 0,0
51.0833, 0,0
51.2541, 0,0
51.425, 0,0
51.5958, 0,0
51.7667, 0,0
51.9375, 0,0
52.1084, 0,0
52.2792, 0,0
52.45, 0,0
52.6209, 0,0
52.7917, 0,0
52.9626, 0,0
53.1334, 0,0
53.3043, 0,0
53.4751, 0,0
53.646, 0,0
53.8168, 0,0
53.9877, 0,0
54.1585, 0,0
54.3294, 0,0
54.5002, 0,0
54.6711, 0,0
54.8419, 0,0
55.0128, 0,0
55.1836, 0,0
55.3544, 0,0
55.5253, 0,0
55.6961, 0,0
55.867, 0,0
56.0378, 0,0
56.2087, 0,0
56.3795, 0,0
56.5504, 0,0
56.7212, 0,0
56.8921, 0,0
57.0629, 0,0
57.2338, 0,0
57.4046, 0,0
57.5755, 0,0
57.7463, 0,0
57.9172, 0,0
58.088, 0,0
58.2588, 0,0
58.4297, 0,0
58.6005, 0,0
58.7714, 0,0
58.9422, 0,0
59.1131, 0,0
59.2839, 0,0
59.4548, 0,0
59.6256, 0,0
59.7965, 0,0
59.9673, 0,0
60.1382, 0,0
60.309, 0,0
60.4799, 0,0
60.6507, 0,0
60.8216, 0,0
60.9924, 0,0
61.1632, 0,0
61.3341, 0,0
61.5049, 0,0
61.6758, 0,0
61.8466, 0,0
62.0175, 0,0
62.1883, 0,0
62.3592, 0,0
62.53, 0,0
62.7009, 0,0
62.8717, 0,0
63.0426, 0,0
63.2134, 0,0
63.3843, 0,0
63.5551, 0,0
63.726, 0,0
63.8968, 0,0
64.0676, 0,0
64.2385, 0,0
64.4093, 0,0
64.5802, 0,0
64.751, 0,0
64.9219, 0,0
65.0927, 0,0
65.2636, 0,0
65.4344, 0,0
65.6053, 0,0
65.7761, 0,0
65.947, 0,0
66.1178, 0,0
66.2887, 0,0
66.4595, 0,0
66.6304, 0,0
66.8012, 0,0
66.972, 0,0
67.1429, 0,0
67.3137, 0,0
67.4846, 0,0
67.6554, 0,0
67.8263, 0,0
67.9971, 0,0
68.168, 0,0
68.3388, 0,0
68.5097, 0,0
68.6805, 0,0
68.8514, 0,0
69.0222, 0,0
69.1931, 0,0
69.3639, 0,0
69.5348, 0,0
69.7056, 0,0
69.8764, 0,0
70.0473, 0,0
70.2181, 0,0
70.389, 0,0
70.5598, 0,0
70.7307, 0,0
70.9015, 0,0
71.0724, 0,0
71.2432, 0,0
71.4141, 0,0
71.5849, 0,0
71.7558, 0,0
71.9266, 0,0
72.0975, 0,0
72.2683, 0,0
72.4392, 0,0
72.61, 0,0
72.7808, 0,0
72.9517, 0,0
73.1225, 0,0
73.2934, 0,0
73.4642, 0,0
73.6351, 0,0
73.8059, 0,0
73.9768, 0,0
74.1476, 0,0
74.3185, 0,0
74.4893, 0,0
74.6602, 0,0
74.831, 0,0
75.0019, 0,0
75.1727, 0,0
75.3435, 0,0
75.5144, 0,0
75.6852, 0,0
75.8561, 0,0
76.0269, 0,0
76.1978, 0,0
76.3686, 0,0
76.5395, 0,0
76.7103, 0,0
76.8812, 0,0
77.052, 0,0
77.2229, 0,0
77.3937, 0,0
77.5646, 0,0
77.7354, 0,0
77.9063, 0,0
78.0771, 0,0
78.2479, 0,0
78.4188, 0,0
78.5896, 0,0
78.7605, 0,0
78.9313, 0,0
79.1022, 0,0
79.273, 0,0
79.4439, 0,0
79.6147, 0,0
79.7856, 0,0
79.9564, 0,0
80.1273, 0,0
80.2981, 0,0
80.469, 0,0
80.6398, 0,0
80.8107, 0,0
80.9815, 0,0
81.1523, 0,0
81.3232, 0,0
81.494, 0,0
81.6649, 0,0
81.8357, 0,0
82.0066, 0,0
82.1774, 0,0
82.3483, 0,0
82.5191, 0,0
82.69, 0,0
82.8608, 0,0
83.0317, 0,0
83.2025, 0,0
83.3734, 0,0
83.5442, 0,0
83.7151, 0,0
83.8859, 0,0
84.0567, 0,0
84.2276, 0,0
84.3984, 0,0
84.5693, 0,0
84.7401, 0,0
84.911, 0,0
85.0818, 0,0
85.2527, 0,0
85.4235, 0,0
85.5944, 0,0
85.7652, 0,0
85.9361, 0,0
86.1069, 0,0
86.2778, 0,0
86.4486, 0,0
86.6195, 0,0
86.7903, 0,0
86.9611, 0,0
87.132, 0,0
87.3028, 0,0
87.4737, 0,0
87.6445, 0,0
87.8154, 0,0
87.9862, 0,0
88.1571, 0,0
88.3279, 0,0
88.4988, 0,0
88.6696, 0,0
88.8405, 0,0
89.0113, 0,0
89.1822, 0,0
89.353, 0,0
89.5239, 0,0
89.6947, 0,0
89.8655, 0,0
90.0364, 0,0
90.2072, 0,0
90.3781, 0,0
90.5489, 0,0
90.7198, 0,0
90.8906, 0,0
91.0615, 0,0
91.2323, 0,0
91.4032, 0,0
91.574, 0,0
91.7449, 0,0
91.9157, 0,0
92.0866, 0,0
92.2574, 0,0
92.4283, 0,0
92.5991, 0,0
92.7699, 0,0
92.9408, 0,0
93.1116, 0,0
93.2825, 0,0
93.4533, 0,0
93.6242, 0,0
93.795, 0,0
93.9659, 0,0
94.1367, 0,0
94.3076, 0,0
94.4784, 0,0
94.6493, 0,0
94.8201, 0,0
94.991, 0,0
95.1618, 0,0
95.3327, 0,0
95.5035, 0,0
95.6743, 0,0
95.8452, 0,0
96.016, 0,0
96.1869, 0,0
96.3577, 0,0
96.5286, 0,0
96.6994, 0,0
96.8703, 0,0
97.0411, 0,0
97.212, 0,0
97.3828, 0,0
97.5537, 0,0
97.7245, 0,0
97.8954, 0,0
98.0662, 0,0
98.2371, 0,0
98.4079, 0,0
98.5787, 0,0
98.7496, 0,0
98.9204, 0,0
99.0913, 0,0
99.2621, 0,0
99.433, 0,0
99.6038, 0,0
99.7747, 0,0
99.9455, 0,0
100.116, 0,0
100.287, 0,0
100.458, 0,0
100.629, 0,0
100.8, 0,0
100.971, 0,0
101.141, 0,0
101.312, 0,0
101.483, 0,0
101.654, 0,0
101.825, 0,0
101.996, 0,0
102.167, 0,0
102.337, 0,0
102.508, 0,0
102.679, 0,0
102.85, 0,0
103.021, 0,0
103.192, 0,0
103.362, 0,0
103.533, 0,0
103.704, 0,0
103.875, 0,0
104.046, 0,0
104.217, 0,0
104.388, 0,0
104.558, 0,0
104.729, 0,0
104.9, 0,0
105.071, 0,0
105.242, 0,0
105.413, 0,0
105.583, 0,0
105.754, 0,0
105.925, 0,0
106.096, 0,0
106.267, 0,0
106.438, 0,0
106.609, 0,0
106.779, 0,0
106.95, 0,0
107.121, 0,0
107.292, 0,0
107.463, 0,0
107.634, 0,0
107.804, 0,0
107.975, 0,0
108.146, 0,0
108.317, 0,0
108.488, 0,0
108.659, 0,0
108.83, 0,0
109, 0,0
109.171, 0,0
109.342, 0,0
109.513, 0,0
109.684, 0,0
109.855, 0,0
110.026, 0,0
110.196, 0,0
110.367, 0,0
110.538, 0,0
110.709, 0,0
110.88, 0,0
111.051, 0,0
111.221, 0,0
111.392, 0,0
111.563, 0,0
111.734, 0,0
111.905, 0,0
112.076, 0,0
112.247, 0,0
112.417, 0,0
112.588, 0,0
112.759, 0,0
112.93, 0,0
113.101, 0,0
113.272, 0,0
113.442, 0,0
113.613, 0,0
113.784, 0,0
113.955, 0,0
114.126, 0,0
114.297, 0,0
114.468, 0,0
114.638, 0,0
114.809, 0,0
114.98, 0,0
115.151, 0,0
115.322, 0,0
115.493, 0,0
115.663, 0,0
115.834, 0,0
116.005, 0,0
116.176, 0,0
116.347, 0,0
116.518, 0,0
116.689, 0,0
116.859, 0,0
117.03, 0,0
117.201, 0,0
117.372, 0,0
117.543, 0,0
117.714, 0,0
117.884, 0,0
118.055, 0,0
118.226, 0,0
118.397, 0,0
118.568, 0,0
118.739, 0,0
118.91, 0,0
119.08, 0,0
119.251, 0,0
119.422, 0,0
119.593, 0,0
119.764, 0,0
119.935, 0,0
120.105, 0,0
120.276, 0,0
120.447, 0,0
120.618, 0,0
120.789, 0,0
120.96, 0,0
121.131, 0,0
121.301, 0,0
121.472, 0,0
121.643, 0,0
121.814, 0,0
121.985, 0,0
122.156, 0,0
122.326, 0,0
122.497, 0,0
122.668, 0,0
122.839, 0,0
123.01, 0,0
123.181, 0,0
123.352, 0,0
123.522, 0,0
123.693, 0,0
123.864, 0,0
124.035, 0,0
124.206, 0,0
124.377, 0,0
124.548, 0,0
124.718, 0,0
124.889, 0,0
125.06, 0,0
125.231, 0,0
125.402, 0,0
125.573, 0,0
125.743, 0,0
125.914, 0,0
126.085, 0,0
126.256, 0,0
126.427, 0,0
126.598, 0,0
126.769, 0,0
126.939, 0,0
127.11, 0,0
127.281, 0,0
127.452, 0,0
127.623, 0,0
127.794, 0,0
127.964, 0,0
128.135, 0,0
128.306, 0,0
128.477, 0,0
128.648, 0,0
128.819, 0,0
128.99, 0,0
129.16, 0,0
129.331, 0,0
129.502, 0,0
129.673, 0,0
129.844, 0,0
130.015, 0,0
130.185, 0,0
130.356, 0,0
130.527, 0,0
130.698, 0,0
130.869, 0,0
131.04, 0,0
131.211, 0,0
131.381, 0,0
131.552, 0,0
131.723, 0,0
131.894, 0,0
132.065, 0,0
132.236, 0,0
132.406, 0,0
132.577, 0,0
132.748, 0,0
132.919, 0,0
133.09, 0,0
133.261, 0,0
133.432, 0,0
133.602, 0,0
133.773, 0,0
133.944, 0,0
134.115, 0,0
134.286, 0,0
134.457, 0,0
134.627, 0,0
134.798, 0,0
134.969, 0,0
135.14, 0,0
135.311, 0,0
135.482, 0,0
135.653, 0,0
135.823, 0,0
135.994, 0,0
136.165, 0,0
136.336, 0,0
136.507, 0,0
136.678, 0,0
136.848, 0,0
137.019, 0,0
137.19, 0,0
137.361, 0,0
137.532, 0,0
137.703, 0,0
137.874, 0,0
138.044, 0,0
138.215, 0,0
138.386, 0,0
138.557, 0,0
138.728, 0,0
138.899, 0,0
139.07, 0,0
139.24, 0,0
139.411, 0,0
139.582, 0,0
139.753, 0,0
139.924, 0,0
140.095, 0,0
140.265, 0,0
140.436, 0,0
140.607, 0,0
140.778, 0,0
140.949, 0,0
141.12, 0,0
141.291, 0,0
141.461, 0,0
141.632, 0,0
141.803, 0,0
141.974, 0,0
142.145, 0,0
142.316, 0,0
142.486, 0,0
142.657, 0,0
142.828, 0,0
142.999, 0,0
143.17, 0,0
143.341, 0,0
143.512, 0,0
143.682, 0,0
143.853, 0,0
144.024, 0,0
144.195, 0,0
144.366, 0,0
144.537, 0,0
144.707, 0,0
144.878, 0,0
145.049, 0,0
145.22, 0,0
145.391, 0,0
145.562, 0,0
145.733, 0,0
145.903, 0,0
146.074, 0,0
146.245, 0,0
146.416, 0,0
146.587, 0,0
146.758, 0,0
146.928, 0,0
147.099, 0,0
147.27, 0,0
147.441, 0,0
147.612, 0,0
147.783, 0,0
147.954, 0,0
148.124, 0,0
148.295, 0,0
148.466, 0,0
148.637, 0,0
148.808, 0,0
148.979, 0,0
149.149, 0,0
149.32, 0,0
149.491, 0,0
149.662, 0,0
149.833, 0,0
150.004, 0,0
150.175, 0,0
150.345, 0,0
150.516, 0,0
150.687, 0,0
150.858, 0,0
151.029, 0,0
151.2, 0,0
151.37, 0,0
151.541, 0,0
151.712, 0,0
151.883, 0,0
152.054, 0,0
152.225, 0,0
152.396, 0,0
152.566, 0,0
152.737, 0,0
152.908, 0,0
153.079, 0,0
153.25, 0,0
153.421, 0,0
153.591, 0,0
153.762, 0,0
153.933, 0,0
154.104, 0,0
154.275, 0,0
154.446, 0,0
154.617, 0,0
154.787, 0,0
154.958, 0,0
155.129, 0,0
155.3, 0,0
155.471, 0,0
155.642, 0,0
155.813, 0,0
155.983, 0,0
156.154, 0,0
156.325, 0,0
156.496, 0,0
156.667, 0,0
156.838, 0,0
157.008, 0,0
157.179, 0,0
157.35, 0,0
157.521, 0,0
157.692, 0,0
157.863, 0,0
158.034, 0,0
158.204, 0,0
158.375, 0,0
158.546, 0,0
158.717, 0,0
158.888, 0,0
159.059, 0,0
159.229, 0,0
159.4, 0,0
159.571, 0,0
159.742, 0,0
159.913, 0,0
160.084, 0,0
160.255, 0,0
160.425, 0,0
160.596, 0,0
160.767, 0,0
160.938, 0,0
161.109, 0,0
161.28, 0,0
161.45, 0,0
161.621, 0,0
161.792, 0,0
161.963, 0,0
162.134, 0,0
162.305, 0,0
162.476, 0,0
162.646, 0,0
162.817, 0,0
162.988, 0,0
163.159, 0,0
163.33, 0,0
163.501, 0,0
163.671, 0,0
163.842, 0,0
164.013, 0,0
164.184, 0,0
164.355, 0,0
164.526, 0,0
164.697, 0,0
164.867, 0,0
165.038, 0,0
165.209, 0,0
165.38, 0,0
165.551, 0,0
165.722, 0,0
165.892, 0,0
166.063, 0,0
166.234, 0,0
166.405, 0,0
166.576, 0,0
166.747, 0,0
166.918, 0,0
167.088, 0,0
167.259, 0,0
167.43, 0,0
167.601, 0,0
167.772, 0,0
167.943, 0,0
168.113, 0,0
168.284, 0,0
168.455, 0,0
168.626, 0,0
168.797, 0,0
168.968, 0,0
169.139, 0,0
169.309, 0,0
169.48, 0,0
169.651, 0,0
169.822, 0,0
169.993, 0,0
170.164, 0,0
170.335, 0,0
170.505, 0,0
170.676, 0,0
170.847, 0,0
171.018, 0,0
171.189, 0,0
171.36, 0,0
171.53, 0,0
171.701, 0,0
171.872, 0,0
172.043, 0,0
172.214, 0,0
172.385, 0,0
172.556, 0,0
172.726, 0,0
172.897, 0,0
173.068, 0,0
173.239, 0,0
173.41, 0,0
173.581, 0,0
173.751, 0,0
173.922, 0,0
174.093, 0,0
174.264, 0,0
174.435, 0,0
174.606, 0,0
174.777, 0,0
174.947, 0,0
175.118, 0,0
175.289, 0,0
175.46, 0,0
175.631, 0,0
175.802, 0,0
175.972, 0,0
176.143, 0,0
176.314, 0,0
176.485, 0,0
176.656, 0,0
176.827, 0,0
176.998, 0,0
177.168, 0,0
177.339, 0,0
177.51, 0,0
177.681, 0,0
177.852, 0,0
178.023, 0,0
178.193, 0,0
178.364, 0,0
178.535, 0,0
178.706, 0,0
178.877, 0,0
179.048, 0,0
179.219, 0,0
179.389, 0,0
179.56, 0,0
179.731, 0,0
179.902, 0,0
180.073, 0,0
180.244, 0,0
180.414, 0,0
180.585, 0,0
180.756, 0,0
180.927, 0,0
181.098, 0,0
181.269, 0,0
181.44, 0,0
181.61, 0,0
181.781, 0,0
181.952, 0,0
182.123, 0,0
182.294, 0,0
182.465, 0,0
182.635, 0,0
182.806, 0,0
182.977, 0,0
183.148, 0,0
183.319, 0,0
183.49, 0,0
183.661, 0,0
183.831, 0,0
184.002, 0,0
184.173, 0,0
184.344, 0,0
184.515, 0,0
184.686, 0,0
184.857, 0,0
185.027, 0,0
185.198, 0,0
185.369, 0,0
185.54, 0,0
185.711, 0,0
185.882, 0,0
186.052, 0,0
186.223, 0,0
186.394, 0,0
186.565, 0,0
186.736, 0,0
186.907, 0,0
187.078, 0,0
187.248, 0,0
187.419, 0,0
187.59, 0,0
187.761, 0,0
187.932, 0,0
188.103, 0,0
188.273, 0,0
188.444, 0,0
188.615, 0,0
188.786, 0,0
188.957, 0,0
189.128, 0,0
189.299, 0,0
189.469, 0,0
189.64, 0,0
189.811, 0,0
189.982, 0,0
190.153, 0,0
190.324, 0,0
190.494, 0,0
190.665, 0,0
190.836, 0,0
191.007, 0,0
191.178, 0,0
191.349, 0,0
191.52, 0,0
191.69, 0,0
191.861, 0,0
192.032, 0,0
192.203, 0,0
192.374, 0,0
192.545, 0,0
192.715, 0,0
192.886, 0,0
193.057, 0,0
193.228, 0,0
193.399, 0,0
193.57, 0,0
193.741, 0,0
193.911, 0,0
194.082, 0,0
194.253, 0,0
194.424, 0,0
194.595, 0,0
194.766, 0,0
194.936, 0,0
195.107, 0,0
195.278, 0,0
195.449, 0,0
195.62, 0,0
195.791, 0,0
195.962, 0,0
196.132, 0,0
196.303, 0,0
196.474, 0,0
196.645, 0,0
196.816, 0,0
196.987, 0,0
197.157, 0,0
197.328, 0,0
197.499, 0,0
197.67, 0,0
197.841, 0,0
198.012, 0,0
198.183, 0,0
198.353, 0,0
198.524, 0,0
198.695, 0,0
198.866, 0,0
199.037, 0,0
199.208, 0,0
199.379, 0,0
199.549, 0,0
199.72, 0,0
199.891, 0,0
200.062, 0,0
200.233, 0,0
200.404, 0,0
200.574, 0,0
200.745, 0,0
200.916, 0,0
201.087, 0,0
201.258, 0,0
201.429, 0,0
201.6, 0,0
201.77, 0,0
201.941, 0,0
202.112, 0,0
202.283, 0,0
202.454, 0,0
202.625, 0,0
202.795, 0,0
202.966, 0,0
203.137, 0,0
203.308, 0,0
203.479, 0,0
203.65, 0,0
203.821, 0,0
203.991, 0,0
204.162, 0,0
204.333, 0,0
204.504, 0,0
204.675, 0,0
204.846, 0,0
205.016, 0,0
205.187, 0,0
205.358, 0,0
205.529, 0,0
205.7, 0,0
205.871, 0,0
206.042, 0,0
206.212, 0,0
206.383, 0,0
206.554, 0,0
206.725, 0,0
206.896, 0,0
207.067, 0,0
207.237, 0,0
207.408, 0,0
207.579, 0,0
207.75, 0,0
207.921, 0,0
208.092, 0,0
208.263, 0,0
208.433, 0,0
208.604, 0,0
208.775, 0,0
208.946, 0,0
209.117, 0,0
209.288, 0,0
209.458, 0,0
209.629, 0,0
209.8, 0,0
209.971, 0,0
210.142, 0,0
210.313, 0,0
210.484, 0,0
210.654, 0,0
210.825, 0,0
210.996, 0,0
211.167, 0,0
211.338, 0,0
211.509, 0,0
211.679, 0,0
211.85, 0,0
212.021, 0,0
212.192, 0,0
212.363, 0,0
212.534, 0,0
212.705, 0,0
212.875, 0,0
213.046, 0,0
213.217, 0,0
213.388, 0,0
213.559, 0,0
213.73, 0,0
213.901, 0,0
214.071, 0,0
214.242, 0,0
214.413, 0,0
214.584, 0,0
214.755, 0,0
214.926, 0,0
215.096, 0,0
215.267, 0,0
215.438, 0,0
215.609, 0,0
215.78, 0,0
215.951, 0,0
216.122, 0,0
216.292, 0,0
216.463, 0,0
216.634, 0,0
216.805, 0,0
216.976, 0,0
217.147, 0,0
217.317, 0,0
217.488, 0,0
217.659, 0,0
217.83, 0,0
218.001, 0,0
218.172, 0,0
218.343, 0,0
218.513, 0,0
218.684, 0,0
218.855, 0,0
219.026, 0,0
219.197, 0,0
219.368, 0,0
219.538, 0,0
219.709, 0,0
219.88, 0,0
220.051, 0,0
220.222, 0,0
220.393, 0,0
220.564, 0,0
220.734, 0,0
220.905, 0,0
221.076, 0,0
221.247, 0,0
221.418, 0,0
221.589, 0,0
221.759, 0,0
221.93, 0,0
222.101, 0,0
222.272, 0,0
222.443, 0,0
222.614, 0,0
222.785, 0,0
222.955, 0,0
223.126, 0,0
223.297, 0,0
223.468, 0,0
223.639, 0,0
223.81, 0,0
223.98, 0,0
224.151, 0,0
224.322, 0,0
224.493, 0,0
224.664, 0,0
224.835, 0,0
225.006, 0,0
225.176, 0,0
225.347, 0,0
225.518, 0,0
225.689, 0,0
225.86, 0,0
226.031, 0,0
226.201, 0,0
226.372, 0,0
226.543, 0,0
226.714, 0,0
226.885, 0,0
227.056, 0,0
227.227, 0,0
227.397, 0,0
227.568, 0,0
227.739, 0,0
227.91, 0,0
228.081, 0,0
228.252, 0,0
228.423, 0,0
228.593, 0,0
228.764, 0,0
228.935, 0,0
229.106, 0,0
229.277, 0,0
229.448, 0,0
229.618, 0,0
229.789, 0,0
229.96, 0,0
230.131, 0,0
230.302, 0,0
230.473, 0,0
230.644, 0,0
230.814, 0,0
230.985, 0,0
231.156, 0,0
231.327, 0,0
231.498, 0,0
231.669, 0,0
231.839, 0,0
232.01, 0,0
232.181, 0,0
232.352, 0,0
232.523, 0,0
232.694, 0,0
232.865, 0,0
233.035, 0,0
233.206, 0,0
233.377, 0,0
233.548, 0,0
233.719, 0,0
233.89, 0,0
234.06, 0,0
234.231, 0,0
234.402, 0,0
234.573, 0,0
234.744, 0,0
234.915, 0,0
235.086, 0,0
235.256, 0,0
235.427, 0,0
235.598, 0,0
235.769, 0,0
235.94, 0,0
236.111, 0,0
236.281, 0,0
236.452, 0,0
236.623, 0,0
236.794, 0,0
236.965, 0,0
237.136, 0,0
237.307, 0,0
237.477, 0,0
237.648, 0,0
237.819, 0,0
237.99, 0,0
238.161, 0,0
238.332, 0,0
238.502, 0,0
238.673, 0,0
238.844, 0,0
239.015, 0,0
239.186, 0,0
239.357, 0,0
239.528, 0,0
239.698, 0,0
239.869, 0,0
240.04, 0,0
240.211, 0,0
240.382, 0,0
240.553, 0,0
240.723, 0,0
240.894, 0,0
241.065, 0,0
241.236, 0,0
241.407, 0,0
241.578, 0,0
241.749, 0,0
241.919, 0,0
242.09, 0,0
242.261, 0,0
242.432, 0,0
242.603, 0,0
242.774, 0,0
242.945, 0,0
243.115, 0,0
243.286, 0,0
243.457, 0,0
243.628, 0,0
243.799, 0,0
243.97, 0,0
244.14, 0,0
244.311, 0,0
244.482, 0,0
244.653, 0,0
244.824, 0,0
244.995, 0,0
245.166, 0,0
245.336, 0,0
245.507, 0,0
245.678, 0,0
245.849, 0,0
246.02, 0,0
246.191, 0,0
246.361, 0,0
246.532, 0,0
246.703, 0,0
246.874, 0,0
247.045, 0,0
247.216, 0,0
247.387, 0,0
247.557, 0,0
247.728, 0,0
247.899, 0,0
248.07, 0,0
248.241, 0,0
248.412, 0,0
248.582, 0,0
248.753, 0,0
248.924, 0,0
249.095, 0,0
249.266, 0,0
249.437, 0,0
249.608, 0,0
249.778, 0,0
249.949, 0,0
250.12, 0,0
250.291, 0,0
250.462, 0,0
250.633, 0,0
250.803, 0,0
250.974, 0,0
251.145, 0,0
251.316, 0,0
251.487, 0,0
251.658, 0,0
251.829, 0,0
251.999, 0,0
252.17, 0,0
252.341, 0,0
252.512, 0,0
252.683, 0,0
252.854, 0,0
253.024, 0,0
253.195, 0,0
253.366, 0,0
253.537, 0,0
253.708, 0,0
253.879, 0,0
254.05, 0,0
254.22, 0,0
254.391, 0,0
254.562, 0,0
254.733, 0,0
254.904, 0,0
255.075, 0,0
255.245, 0,0
255.416, 0,0
255.587, 0,0
255.758, 0,0
255.929, 0,0
256.1, 0,0
256.271, 0,0
256.441, 0,0
256.612, 0,0
256.783, 0,0
256.954, 0,0
257.125, 0,0
257.296, 0,0
257.467, 0,0
257.637, 0,0
257.808, 0,0
257.979, 0,0
258.15, 0,0
258.321, 0,0
258.492, 0,0
258.662, 0,0
258.833, 0,0
259.004, 0,0
259.175, 0,0
259.346, 0,0
259.517, 0,0
259.688, 0,0
259.858, 0,0
260.029, 0,0
260.2, 0,0
260.371, 0,0
260.542, 0,0
260.713, 0,0
260.883, 0,0
261.054, 0,0
261.225, 0,0
261.396, 0,0
261.567, 0,0
261.738, 0,0
261.909, 0,0
262.079, 0,0
262.25, 0,0
262.421, 0,0
262.592, 0,0
262.763, 0,0
262.934, 0,0
263.104, 0,0
263.275, 0,0
263.446, 0,0
263.617, 0,0
263.788, 0,0
263.959, 0,0
264.13, 0,0
264.3, 0,0
264.471, 0,0
264.642, 0,0
264.813, 0,0
264.984, 0,0
265.155, 0,0
265.325, 0,0
265.496, 0,0
265.667, 0,0
265.838, 0,0
266.009, 0,0
266.18, 0,0
266.351, 0,0
266.521, 0,0
266.692, 0,0
266.863, 0,0
267.034, 0,0
267.205, 0,0
267.376, 0,0
267.546, 0,0
267.717, 0,0
267.888, 0,0
268.059, 0,0
268.23, 0,0
268.401, 0,0
268.572, 0,0
268.742, 0,0
268.913, 0,0
269.084, 0,0
269.255, 0,0
269.426, 0,0
269.597, 0,0
269.767, 0,0
269.938, 0,0
270.109, 0,0
270.28, 0,0
270.451, 0,0
270.622, 0,0
270.793, 0,0
270.963, 0,0
271.134, 0,0
271.305, 0,0
271.476, 0,0
271.647, 0,0
271.818, 0,0
271.989, 0,0
272.159, 0,0
272.33, 0,0
272.501, 0,0
272.672, 0,0
272.843, 0,0
273.014, 0,0
273.184, 0,0
273.355, 0,0
273.526, 0,0
273.697, 0,0
273.868, 0,0
274.039, 0,0
274.21, 0,0
274.38, 0,0
274.551, 0,0
274.722, 0,0
274.893, 0,0
275.064, 0,0
275.235, 0,0
275.405, 0,0
275.576, 0,0
275.747, 0,0
275.918, 0,0
276.089, 0,0
276.26, 0,0
276.431, 0,0
276.601, 0,0
276.772, 0,0
276.943, 0,0
277.114, 0,0
277.285, 0,0
277.456, 0,0
277.626, 0,0
277.797, 0,0
277.968, 0,0
278.139, 0,0
278.31, 0,0
278.481, 0,0
278.652, 0,0
278.822, 0,0
278.993, 0,0
279.164, 0,0
279.335, 0,0
279.506, 0,0
279.677, 0,0
279.847, 0,0
280.018, 0,0
280.189, 0,0
280.36, 0,0
280.531, 0,0
280.702, 0,0
280.873, 0,0
281.043, 0,0
281.214, 0,0
281.385, 0,0
281.556, 0,0
281.727, 0,0
281.898, 0,0
282.068, 0,0
282.239, 0,0
282.41, 0,0
282.581, 0,0
282.752, 0,0
282.923, 0,0
283.094, 0,0
283.264, 0,0
283.435, 0,0
283.606, 0,0
283.777, 0,0
283.948, 0,0
284.119, 0,0
284.289, 0,0
284.46, 0,0
284.631, 0,0
284.802, 0,0
284.973, 0,0
285.144, 0,0
285.315, 0,0
285.485, 0,0
285.656, 0,0
285.827, 0,0
285.998, 0,0
286.169, 0,0
286.34, 0,0
286.511, 0,0
286.681, 0,0
286.852, 0,0
287.023, 0,0
287.194, 0,0
287.365, 0,0
287.536, 0,0
287.706, 0,0
287.877, 0,0
288.048, 0,0
288.219, 0,0
288.39, 0,0
288.561, 0,0
288.732, 0,0
288.902, 0,0
289.073, 0,0
289.244, 0,0
289.415, 0,0
289.586, 0,0
289.757, 0,0
289.927, 0,0
290.098, 0,0
290.269, 0,0
290.44, 0,0
290.611, 0,0
290.782, 0,0
290.953, 0,0
291.123, 0,0
291.294, 0,0
291.465, 0,0
291.636, 0,0
291.807, 0,0
291.978, 0,0
292.148, 0,0
292.319, 0,0
292.49, 0,0
292.661, 0,0
292.832, 0,0
293.003, 0,0
293.174, 0,0
293.344, 0,0
293.515, 0,0
293.686, 0,0
293.857, 0,0
294.028, 0,0
294.199, 0,0
294.369, 0,0
294.54, 0,0
294.711, 0,0
294.882, 0,0
295.053, 0,0
295.224, 0,0
295.395, 0,0
295.565, 0,0
295.736, 0,0
295.907, 0,0
296.078, 0,0
296.249, 0,0
296.42, 0,0
296.59, 0,0
296.761, 0,0
296.932, 0,0
297.103, 0,0
297.274, 0,0
297.445, 0,0
297.616, 0,0
297.786, 0,0
297.957, 0,0
298.128, 0,0
298.299, 0,0
298.47, 0,0
298.641, 0,0
298.811, 0,0
298.982, 0,0
299.153, 0,0
299.324, 0,0
299.495, 0,0
299.666, 0,0
299.837, 0,0
300.007, 0,0
300.178, 0,0
300.349, 0,0
300.52, 0,0
300.691, 0,0
300.862, 0,0
301.033, 0,0
301.203, 0,0
301.374, 0,0
301.545, 0,0
301.716, 0,0
301.887, 0,0
302.058, 0,0
302.228, 0,0
302.399, 0,0
302.57, 0,0
302.741, 0,0
302.912, 0,0
303.083, 0,0
303.254, 0,0
303.424, 0,0
303.595, 0,0
303.766, 0,0
303.937, 0,0
304.108, 0,0
304.279, 0,0
304.449, 0,0
304.62, 0,0
304.791, 0,0
304.962, 0,0
305.133, 0,0
305.304, 0,0
305.475, 0,0
305.645, 0,0
305.816, 0,0
305.987, 0,0
306.158, 0,0
306.329, 0,0
306.5, 0,0
306.67, 0,0
306.841, 0,0
307.012, 0,0
307.183, 0,0
307.354, 0,0
307.525, 0,0
307.696, 0,0
307.866, 0,0
308.037, 0,0
308.208, 0,0
308.379, 0,0
308.55, 0,0
308.721, 0,0
308.891, 0,0
309.062, 0,0
309.233, 0,0
309.404, 0,0
309.575, 0,0
309.746, 0,0
309.917, 0,0
310.087, 0,0
310.258, 0,0
310.429, 0,0
310.6, 0,0
310.771, 0,0
310.942, 0,0
311.112, 0,0
311.283, 0,0
311.454, 0,0
311.625, 0,0
311.796, 0,0
311.967, 0,0
312.138, 0,0
312.308, 0,0
312.479, 0,0
312.65, 0,0
312.821, 0,0
312.992, 0,0
313.163, 0,0
313.333, 0,0
313.504, 0,0
313.675, 0,0
313.846, 0,0
314.017, 0,0
314.188, 0,0
314.359, 0,0
314.529, 0,0
314.7, 0,0
314.871, 0,0
315.042, 0,0
315.213, 0,0
315.384, 0,0
315.555, 0,0
315.725, 0,0
315.896, 0,0
316.067, 0,0
316.238, 0,0
316.409, 0,0
316.58, 0,0
316.75, 0,0
316.921, 0,0
317.092, 0,0
317.263, 0,0
317.434, 0,0
317.605, 0,0
317.776, 0,0
317.946, 0,0
318.117, 0,0
318.288, 0,0
318.459, 0,0
318.63, 0,0
318.801, 0,0
318.971, 0,0
319.142, 0,0
319.313, 0,0
319.484, 0,0
319.655, 0,0
319.826, 0,0
319.997, 0,0
320.167, 0,0
320.338, 0,0
320.509, 0,0
320.68, 0,0
320.851, 0,0
321.022, 0,0
321.192, 0,0
321.363, 0,0
321.534, 0,0
321.705, 0,0
321.876, 0,0
322.047, 0,0
322.218, 0,0
322.388, 0,0
322.559, 0,0
322.73, 0,0
322.901, 0,0
323.072, 0,0
323.243, 0,0
323.413, 0,0
323.584, 0,0
323.755, 0,0
323.926, 0,0
324.097, 0,0
324.268, 0,0
324.439, 0,0
324.609, 0,0
324.78, 0,0
324.951, 0,0
325.122, 0,0
325.293, 0,0
325.464, 0,0
325.634, 0,0
325.805, 0,0
325.976, 0,0
326.147, 0,0
326.318, 0,0
326.489, 0,0
326.66, 0,0
326.83, 0,0
327.001, 0,0
327.172, 0,0
327.343, 0,0
327.514, 0,0
327.685, 0,0
327.855, 0,0
328.026, 0,0
328.197, 0,0
328.368, 0,0
328.539, 0,0
328.71, 0,0
328.881, 0,0
329.051, 0,0
329.222, 0,0
329.393, 0,0
329.564, 0,0
329.735, 0,0
329.906, 0,0
330.077, 0,0
330.247, 0,0
330.418, 0,0
330.589, 0,0
330.76, 0,0
330.931, 0,0
331.102, 0,0
331.272, 0,0
331.443, 0,0
331.614, 0,0
331.785, 0,0
331.956, 0,0
332.127, 0,0
332.298, 0,0
332.468, 0,0
332.639, 0,0
332.81, 0,0
332.981, 0,0
333.152, 0,0
333.323, 0,0
333.493, 0,0
333.664, 0,0
333.835, 0,0
334.006, 0,0
334.177, 0,0
334.348, 0,0
334.519, 0,0
334.689, 0,0
334.86, 0,0
335.031, 0,0
335.202, 0,0
335.373, 0,0
335.544, 0,0
335.714, 0,0
335.885, 0,0
336.056, 0,0
336.227, 0,0
336.398, 0,0
336.569, 0,0
336.74, 0,0
336.91, 0,0
337.081, 0,0
337.252, 0,0
337.423, 0,0
337.594, 0,0
337.765, 0,0
337.935, 0,0
338.106, 0,0
338.277, 0,0
338.448, 0,0
338.619, 0,0
338.79, 0,0
338.961, 0,0
339.131, 0,0
339.302, 0,0
339.473, 0,0
339.644, 0,0
339.815, 0,0
339.986, 0,0
340.156, 0,0
340.327, 0,0
340.498, 0,0
340.669, 0,0
340.84, 0,0
341.011, 0,0
341.182, 0,0
341.352, 0,0
341.523, 0,0
341.694, 0,0
341.865, 0,0
342.036, 0,0
342.207, 0,0
342.377, 0,0
342.548, 0,0
342.719, 0,0
342.89, 0,0
343.061, 0,0
343.232, 0,0
343.403, 0,0
343.573, 0,0
343.744, 0,0
343.915, 0,0
344.086, 0,0
344.257, 0,0
344.428, 0,0
344.599, 0,0
344.769, 0,0
344.94, 0,0
345.111, 0,0
345.282, 0,0
345.453, 0,0
345.624, 0,0
345.794, 0,0
345.965, 0,0
346.136, 0,0
346.307, 0,0
346.478, 0,0
346.649, 0,0
346.82, 0,0
346.99, 0,0
347.161, 0,0
347.332, 0,0
347.503, 0,0
347.674, 0,0
347.845, 0,0
348.015, 0,0
348.186, 0,0
348.357, 0,0
348.528, 0,0
348.699, 0,0
348.87, 0,0
349.041, 0,0
349.211, 0,0
349.382, 0,0
349.553, 0,0
349.724, 0,0
349.895, 0,0
350.066, 0,0
350.236, 0,0
350.407, 0,0
350.578, 0,0
350.749, 0,0
350.92, 0,0
351.091, 0,0
351.262, 0,0
351.432, 0,0
351.603, 0,0
351.774, 0,0
351.945, 0,0
352.116, 0,0
352.287, 0,0
352.457, 0,0
352.628, 0,0
352.799, 0,0
352.97, 0,0
353.141, 0,0
353.312, 0,0
353.483, 0,0
353.653, 0,0
353.824, 0,0
353.995, 0,0
354.166, 0,0
354.337, 0,0
354.508, 0,0
354.678, 0,0
354.849, 0,0
355.02, 0,0
355.191, 0,0
355.362, 0,0
355.533, 0,0
355.704, 0,0
355.874, 0,0
356.045, 0,0
356.216, 0,0
356.387, 0,0
356.558, 0,0
356.729, 0,0
356.899, 0,0
357.07, 0,0
357.241, 0,0
357.412, 0,0
357.583, 0,0
357.754, 0,0
357.925, 0,0
358.095, 0,0
358.266, 0,0
358.437, 0,0
358.608, 0,0
358.779, 0,0
358.95, 0,0
359.121, 0,0
359.291, 0,0
359.462, 0,0
359.633, 0,0
359.804, 0,0
359.975, 0,0
360.146, 0,0
360.316, 0,0
360.487, 0,0
360.658, 0,0
360.829, 0,0
361, 0,0
361.171, 0,0
361.342, 0,0
361.512, 0,0
361.683, 0,0
361.854, 0,0
362.025, 0,0
362.196, 0,0
362.367, 0,0
362.537, 0,0
362.708, 0,0
362.879, 0,0
363.05, 0,0
363.221, 0,0
363.392, 0,0
363.563, 0,0
363.733, 0,0
363.904, 0,0
364.075, 0,0
364.246, 0,0
364.417, 0,0
364.588, 0,0
364.758, 0,0
364.929, 0,0
365.1, 0,0
365.271, 0,0
365.442, 0,0
365.613, 0,0
365.784, 0,0
365.954, 0,0
366.125, 0,0
366.296, 0,0
366.467, 0,0
366.638, 0,0
366.809, 0,0
366.979, 0,0
367.15, 0,0
367.321, 0,0
367.492, 0,0
367.663, 0,0
367.834, 0,0
368.005, 0,0
368.175, 0,0
368.346, 0,0
368.517, 0,0
368.688, 0,0
368.859, 0,0
369.03, 0,0
369.2, 0,0
369.371, 0,0
369.542, 0,0
369.713, 0,0
369.884, 0,0
370.055, 0,0
370.226, 0,0
370.396, 0,0
370.567, 0,0
370.738, 0,0
370.909, 0,0
371.08, 0,0
371.251, 0,0
371.421, 0,0
371.592, 0,0
371.763, 0,0
371.934, 0,0
372.105, 0,0
372.276, 0,0
372.447, 0,0
372.617, 0,0
372.788, 0,0
372.959, 0,0
373.13, 0,0
373.301, 0,0
373.472, 0,0
373.643, 0,0
373.813, 0,0
373.984, 0,0
374.155, 0,0
374.326, 0,0
374.497, 0,0
374.668, 0,0
374.838, 0,0
375.009, 0,0
375.18, 0,0
375.351, 0,0
375.522, 0,0
375.693, 0,0
375.864, 0,0
376.034, 0,0
376.205, 0,0
376.376, 0,0
376.547, 0,0
376.718, 0,0
376.889, 0,0
377.059, 0,0
377.23, 0,0
377.401, 0,0
377.572, 0,0
377.743, 0,0
377.914, 0,0
378.085, 0,0
378.255, 0,0
378.426, 0,0
378.597, 0,0
378.768, 0,0
378.939, 0,0
379.11, 0,0
379.28, 0,0
379.451, 0,0
379.622, 0,0
379.793, 0,0
379.964, 0,0
380.135, 0,0
380.306, 0,0
380.476, 0,0
380.647, 0,0
380.818, 0,0
380.989, 0,0
381.16, 0,0
381.331, 0,0
381.501, 0,0
381.672, 0,0
381.843, 0,0
382.014, 0,0
382.185, 0,0
382.356, 0,0
382.527, 0,0
382.697, 0,0
382.868, 0,0
383.039, 0,0
383.21, 0,0
383.381, 0,0
383.552, 0,0
383.722, 0,0
383.893, 0,0
384.064, 0,0
384.235, 0,0
384.406, 0,0
384.577, 0,0
384.748, 0,0
384.918, 0,0
385.089, 0,0
385.26, 0,0
385.431, 0,0
385.602, 0,0
385.773, 0,0
385.943, 0,0
386.114, 0,0
386.285, 0,0
386.456, 0,0
386.627, 0,0
386.798, 0,0
386.969, 0,0
387.139, 0,0
387.31, 0,0
387.481, 0,0
387.652, 0,0
387.823, 0,0
387.994, 0,0
388.165, 0,0
388.335, 0,0
388.506, 0,0
388.677, 0,0
388.848, 0,0
389.019, 0,0
389.19, 0,0
389.36, 0,0
389.531, 0,0
389.702, 0,0
389.873, 0,0
390.044, 0,0
390.215, 0,0
390.386, 0,0
390.556, 0,0
390.727, 0,0
390.898, 0,0
391.069, 0,0
391.24, 0,0
391.411, 0,0
391.581, 0,0
391.752, 0,0
391.923, 0,0
392.094, 0,0
392.265, 0,0
392.436, 0,0
392.607, 0,0
392.777, 0,0
392.948, 0,0
393.119, 0,0
393.29, 0,0
393.461, 0,0
393.632, 0,0
393.802, 0,0
393.973, 0,0
394.144, 0,0
394.315, 0,0
394.486, 0,0
394.657, 0,0
394.828, 0,0
394.998, 0,0
395.169, 0,0
395.34, 0,0
395.511, 0,0
395.682, 0,0
395.853, 0,0
396.023, 0,0
396.194, 0,0
396.365, 0,0
396.536, 0,0
396.707, 0,0
396.878, 0,0
397.049, 0,0
397.219, 0,0
397.39, 0,0
397.561, 0,0
397.732, 0,0
397.903, 0,0
398.074, 0,0
398.244, 0,0
398.415, 0,0
398.586, 0,0
398.757, 0,0
398.928, 0,0
399.099, 0,0
399.27, 0,0
399.44, 0,0
399.611, 0,0
399.782, 0,0
399.953, 0,0
400.124, 0,0
400.295, 0,0
400.465, 0,0
400.636, 0,0
400.807, 0,0
400.978, 0,0
401.149, 0,0
401.32, 0,0
401.491, 0,0
401.661, 0,0
401.832, 0,0
402.003, 0,0
402.174, 0,0
402.345, 0,0
402.516, 0,0
402.687, 0,0
402.857, 0,0
403.028, 0,0
403.199, 0,0
403.37, 0,0
403.541, 0,0
403.712, 0,0
403.882, 0,0
404.053, 0,0
404.224, 0,0
404.395, 0,0
404.566, 0,0
404.737, 0,0
404.908, 0,0
405.078, 0,0
405.249, 0,0
405.42, 0,0
405.591, 0,0
405.762, 0,0
405.933, 0,0
406.103, 0,0
406.274, 0,0
406.445, 0,0
406.616, 0,0
406.787, 0,0
406.958, 0,0
407.129, 0,0
407.299, 0,0
407.47, 0,0
407.641, 0,0
407.812, 0,0
407.983, 0,0
408.154, 0,0
408.324, 0,0
408.495, 0,0
408.666, 0,0
408.837, 0,0
409.008, 0,0
409.179, 0,0
409.35, 0,0
409.52, 0,0
409.691, 0,0
409.862, 0,0
410.033, 0,0
410.204, 0,0
410.375, 0,0
410.545, 0,0
410.716, 0,0
410.887, 0,0
411.058, 0,0
411.229, 0,0
411.4, 0,0
411.571, 0,0
411.741, 0,0
411.912, 0,0
412.083, 0,0
412.254, 0,0
412.425, 0,0
412.596, 0,0
412.766, 0,0
412.937, 0,0
413.108, 0,0
413.279, 0,0
413.45, 0,0
413.621, 0,0
413.792, 0,0
413.962, 0,0
414.133, 0,0
414.304, 0,0
414.475, 0,0
414.646, 0,0
414.817, 0,0
414.987, 0,0
415.158, 0,0
415.329, 0,0
415.5, 0,0
415.671, 0,0
415.842, 0,0
416.013, 0,0
416.183, 0,0
416.354, 0,0
416.525, 0,0
416.696, 0,0
416.867, 0,0
417.038, 0,0
417.209, 0,0
417.379, 0,0
417.55, 0,0
417.721, 0,0
417.892, 0,0
418.063, 0,0
418.234, 0,0
418.404, 0,0
418.575, 0,0
418.746, 0,0
418.917, 0,0
419.088, 0,0
419.259, 0,0
419.43, 0,0
419.6, 0,0
419.771, 0,0
419.942, 0,0
420.113, 0,0
420.284, 0,0
420.455, 0,0
420.625, 0,0
420.796, 0,0
420.967, 0,0
421.138, 0,0
421.309, 0,0
421.48, 0,0
421.651, 0,0
421.821, 0,0
421.992, 0,0
422.163, 0,0
422.334, 0,0
422.505, 0,0
422.676, 0,0
422.846, 0,0
423.017, 0,0
423.188, 0,0
423.359, 0,0
423.53, 0,0
423.701, 0,0
423.872, 0,0
424.042, 0,0
424.213, 0,0
424.384, 0,0
424.555, 0,0
424.726, 0,0
424.897, 0,0
425.067, 0,0
425.238, 0,0
425.409, 0,0
425.58, 0,0
425.751, 0,0
425.922, 0,0
426.093, 0,0
426.263, 0,0
426.434, 0,0
426.605, 0,0
426.776, 0,0
426.947, 0,0
427.118, 0,0
427.288, 0,0
427.459, 0,0
427.63, 0,0
427.801, 0,0
427.972, 0,0
428.143, 0,0
428.314, 0,0
428.484, 0,0
428.655, 0,0
428.826, 0,0
428.997, 0,0
429.168, 0,0
429.339, 0,0
429.509, 0,0
429.68, 0,0
429.851, 0,0
430.022, 0,0
430.193, 0,0
430.364, 0,0
430.535, 0,0
430.705, 0,0
430.876, 0,0
431.047, 0,0
431.218, 0,0
431.389, 0,0
431.56, 0,0
431.731, 0,0
431.901, 0,0
432.072, 0,0
432.243, 0,0
432.414, 0,0
432.585, 0,0
432.756, 0,0
432.926, 0,0
433.097, 0,0
433.268, 0,0
433.439, 0,0
433.61, 0,0
433.781, 0,0
433.952, 0,0
434.122, 0,0
434.293, 0,0
434.464, 0,0
434.635, 0,0
434.806, 0,0
434.977, 0,0
435.147, 0,0
435.318, 0,0
435.489, 0,0
435.66, 0,0
435.831, 0,0
436.002, 0,0
436.173, 0,0
436.343, 0,0
436.514, 0,0
436.685, 0,0
436.856, 0,0
437.027, 0,0
437.198, 0,0
437.368, 0,0
437.539, 0,0
437.71, 0,0
437.881, 0,0
438.052, 0,0
438.223, 0,0
438.394, 0,0
438.564, 0,0
438.735, 0,0
438.906, 0,0
439.077, 0,0
439.248, 0,0
439.419, 0,0
439.589, 0,0
439.76, 0,0
439.931, 0,0
440.102, 0,0
440.273, 0,0
440.444, 0,0
440.615, 0,0
440.785, 0,0
440.956, 0,0
441.127, 0,0
441.298, 0,0
441.469, 0,0
441.64, 0,0
441.81, 0,0
441.981, 0,0
442.152, 0,0
442.323, 0,0
442.494, 0,0
442.665, 0,0
442.836, 0,0
443.006, 0,0
443.177, 0,0
443.348, 0,0
443.519, 0,0
443.69, 0,0
443.861, 0,0
444.031, 0,0
444.202, 0,0
444.373, 0,0
444.544, 0,0
444.715, 0,0
444.886, 0,0
445.057, 0,0
445.227, 0,0
445.398, 0,0
445.569, 0,0
445.74, 0,0
445.911, 0,0
446.082, 0,0
446.252, 0,0
446.423, 0,0
446.594, 0,0
446.765, 0,0
446.936, 0,0
447.107, 0,0
447.278, 0,0
447.448, 0,0
447.619, 0,0
447.79, 0,0
447.961, 0,0
448.132, 0,0
448.303, 0,0
448.474, 0,0
448.644, 0,0
448.815, 0,0
448.986, 0,0
449.157, 0,0
449.328, 0,0
449.499, 0,0
449.669, 0,0
449.84, 0,0
450.011, 0,0
450.182, 0,0
450.353, 0,0
450.524, 0,0
450.695, 0,0
450.865, 0,0
451.036, 0,0
451.207, 0,0
451.378, 0,0
451.549, 0,0
451.72, 0,0
451.89, 0,0
452.061, 0,0
452.232, 0,0
452.403, 0,0
452.574, 0,0
452.745, 0,0
452.916, 0,0
453.086, 0,0
453.257, 0,0
453.428, 0,0
453.599, 0,0
453.77, 0,0
453.941, 0,0
454.111, 0,0
454.282, 0,0
454.453, 0,0
454.624, 0,0
454.795, 0,0
454.966, 0,0
455.137, 0,0
455.307, 0,0
455.478, 0,0
455.649, 0,0
455.82, 0,0
455.991, 0,0
456.162, 0,0
456.332, 0,0
456.503, 0,0
456.674, 0,0
456.845, 0,0
457.016, 0,0
457.187, 0,0
457.358, 0,0
457.528, 0,0
457.699, 0,0
457.87, 0,0
458.041, 0,0
458.212, 0,0
458.383, 0,0
458.553, 0,0
458.724, 0,0
458.895, 0,0
459.066, 0,0
459.237, 0,0
459.408, 0,0
459.579, 0,0
459.749, 0,0
459.92, 0,0
460.091, 0,0
460.262, 0,0
460.433, 0,0
460.604, 0,0
460.774, 0,0
460.945, 0,0
461.116, 0,0
461.287, 0,0
461.458, 0,0
461.629, 0,0
461.8, 0,0
461.97, 0,0
462.141, 0,0
462.312, 0,0
462.483, 0,0
462.654, 0,0
462.825, 0,0
462.996, 0,0
463.166, 0,0
463.337, 0,0
463.508, 0,0
463.679, 0,0
463.85, 0,0
464.021, 0,0
464.191, 0,0
464.362, 0,0
464.533, 0,0
464.704, 0,0
464.875, 0,0
465.046, 0,0
465.217, 0,0
465.387, 0,0
465.558, 0,0
465.729, 0,0
465.9, 0,0
466.071, 0,0
466.242, 0,0
466.412, 0,0
466.583, 0,0
466.754, 0,0
466.925, 0,0
467.096, 0,0
467.267, 0,0
467.438, 0,0
467.608, 0,0
467.779, 0,0
467.95, 0,0
468.121, 0,0
468.292, 0,0
468.463, 0,0
468.633, 0,0
468.804, 0,0
468.975, 0,0
469.146, 0,0
469.317, 0,0
469.488, 0,0
469.659, 0,0
469.829, 0,0
470, 0,0
470.171, 0,0
470.342, 0,0
470.513, 0,0
470.684, 0,0
470.854, 0,0
471.025, 0,0
471.196, 0,0
471.367, 0,0
471.538, 0,0
471.709, 0,0
471.88, 0,0
472.05, 0,0
472.221, 0,0
472.392, 0,0
472.563, 0,0
472.734, 0,0
472.905, 0,0
473.075, 0,0
473.246, 0,0
473.417, 0,0
473.588, 0,0
473.759, 0,0
473.93, 0,0
474.101, 0,0
474.271, 0,0
474.442, 0,0
474.613, 0,0
474.784, 0,0
474.955, 0,0
475.126, 0,0
475.296, 0,0
475.467, 0,0
475.638, 0,0
475.809, 0,0
475.98, 0,0
476.151, 0,0
476.322, 0,0
476.492, 0,0
476.663, 0,0
476.834, 0,0
477.005, 0,0
477.176, 0,0
477.347, 0,0
477.518, 0,0
477.688, 0,0
477.859, 0,0
478.03, 0,0
478.201, 0,0
478.372, 0,0
478.543, 0,0
478.713, 0,0
478.884, 0,0
479.055, 0,0
479.226, 0,0
479.397, 0,0
479.568, 0,0
479.739, 0,0
479.909, 0,0
480.08, 0,0
480.251, 0,0
480.422, 0,0
480.593, 0,0
480.764, 0,0
480.934, 0,0
481.105, 0,0
481.276, 0,0
481.447, 0,0
481.618, 0,0
481.789, 0,0
481.96, 0,0
482.13, 0,0
482.301, 0,0
482.472, 0,0
482.643, 0,0
482.814, 0,0
482.985, 0,0
483.155, 0,0
483.326, 0,0
483.497, 0,0
483.668, 0,0
483.839, 0,0
484.01, 0,0
484.181, 0,0
484.351, 0,0
484.522, 0,0
484.693, 0,0
484.864, 0,0
485.035, 0,0
485.206, 0,0
485.376, 0,0
485.547, 0,0
485.718, 0,0
485.889, 0,0
486.06, 0,0
486.231, 0,0
486.402, 0,0
486.572, 0,0
486.743, 0,0
486.914, 0,0
487.085, 0,0
487.256, 0,0
487.427, 0,0
487.597, 0,0
487.768, 0,0
487.939, 0,0
488.11, 0,0
488.281, 0,0
488.452, 0,0
488.623, 0,0
488.793, 0,0
488.964, 0,0
489.135, 0,0
489.306, 0,0
489.477, 0,0
489.648, 0,0
489.818, 0,0
489.989, 0,0
490.16, 0,0
490.331, 0,0
490.502, 0,0
490.673, 0,0
490.844, 0,0
491.014, 0,0
491.185, 0,0
491.356, 0,0
491.527, 0,0
491.698, 0,0
491.869, 0,0
492.04, 0,0
492.21, 0,0
492.381, 0,0
492.552, 0,0
492.723, 0,0
492.894, 0,0
493.065, 0,0
493.235, 0,0
493.406, 0,0
493.577, 0,0
493.748, 0,0
493.919, 0,0
494.09, 0,0
494.261, 0,0
494.431, 0,0
494.602, 0,0
494.773, 0,0
494.944, 0,0
495.115, 0,0
495.286, 0,0
495.456, 0,0
495.627, 0,0
495.798, 0,0
495.969, 0,0
496.14, 0,0
496.311, 0,0
496.482, 0,0
496.652, 0,0
496.823, 0,0
496.994, 0,0
497.165, 0,0
497.336, 0,0
497.507, 0,0
497.677, 0,0
497.848, 0,0
498.019, 0,0
498.19, 0,0
498.361, 0,0
498.532, 0,0
498.703, 0,0
498.873, 0,0
499.044, 0,0
499.215, 0,0
499.386, 0,0
499.557, 0,0
499.728, 0,0
499.898, 0,0
500.069, 0,0
500.24, 0,0
500.411, 0,0
500.582, 0,0
500.753, 0,0
500.924, 0,0
501.094, 0,0
501.265, 0,0
501.436, 0,0
501.607, 0,0
501.778, 0,0
501.949, 0,0
502.119, 0,0
502.29, 0,0
502.461, 0,0
502.632, 0,0
502.803, 0,0
502.974, 0,0
503.145, 0,0
503.315, 0,0
503.486, 0,0
503.657, 0,0
503.828, 0,0
503.999, 0,0
504.17, 0,0
504.34, 0,0
504.511, 0,0
504.682, 0,0
504.853, 0,0
505.024, 0,0
505.195, 0,0
505.366, 0,0
505.536, 0,0
505.707, 0,0
505.878, 0,0
506.049, 0,0
506.22, 0,0
506.391, 0,0
506.562, 0,0
506.732, 0,0
506.903, 0,0
507.074, 0,0
507.245, 0,0
507.416, 0,0
507.587, 0,0
507.757, 0,0
507.928, 0,0
508.099, 0,0
508.27, 0,0
508.441, 0,0
508.612, 0,0
508.783, 0,0
508.953, 0,0
509.124, 0,0
509.295, 0,0
509.466, 0,0
509.637, 0,0
509.808, 0,0
509.978, 0,0
510.149, 0,0
510.32, 0,0
510.491, 0,0
510.662, 0,0
510.833, 0,0
511.004, 0,0
511.174, 0,0
511.345, 0,0
511.516, 0,0
511.687, 0,0
511.858, 0,0
512.029, 0,0
512.199, 0,0
512.37, 0,0
512.541, 0,0
512.712, 0,0
512.883, 0,0
513.054, 0,0
513.225, 0,0
513.395, 0,0
513.566, 0,0
513.737, 0,0
513.908, 0,0
514.079, 0,0
514.25, 0,0
514.42, 0,0
514.591, 0,0
514.762, 0,0
514.933, 0,0
515.104, 0,0
515.275, 0,0
515.446, 0,0
515.616, 0,0
515.787, 0,0
515.958, 0,0
516.129, 0,0
516.3, 0,0
516.471, 0,0
516.641, 0,0
516.812, 0,0
516.983, 0,0
517.154, 0,0
517.325, 0,0
517.496, 0,0
517.667, 0,0
517.837, 0,0
518.008, 0,0
518.179, 0,0
518.35, 0,0
518.521, 0,0
518.692, 0,0
518.862, 0,0
519.033, 0,0
519.204, 0,0
519.375, 0,0
519.546, 0,0
519.717, 0,0
519.888, 0,0
520.058, 0,0
520.229, 0,0
520.4, 0,0
520.571, 0,0
520.742, 0,0
520.913, 0,0
521.084, 0,0
521.254, 0,0
521.425, 0,0
521.596, 0,0
521.767, 0,0
521.938, 0,0
522.109, 0,0
522.279, 0,0
522.45, 0,0
522.621, 0,0
522.792, 0,0
522.963, 0,0
523.134, 0,0
523.305, 0,0
523.475, 0,0
523.646, 0,0
523.817, 0,0
523.988, 0,0
524.159, 0,0
524.33, 0,0
524.5, 0,0
524.671, 0,0
524.842, 0,0
525.013, 0,0
525.184, 0,0
525.355, 0,0
525.526, 0,0
525.696, 0,0
525.867, 0,0
526.038, 0,0
526.209, 0,0
526.38, 0,0
526.551, 0,0
526.721, 0,0
526.892, 0,0
527.063, 0,0
527.234, 0,0
527.405, 0,0
527.576, 0,0
527.747, 0,0
527.917, 0,0
528.088, 0,0
528.259, 0,0
528.43, 0,0
528.601, 0,0
528.772, 0,0
528.942, 0,0
529.113, 0,0
529.284, 0,0
529.455, 0,0
529.626, 0,0
529.797, 0,0
529.968, 0,0
530.138, 0,0
530.309, 0,0
530.48, 0,0
530.651, 0,0
530.822, 0,0
530.993, 0,0
531.163, 0,0
531.334, 0,0
531.505, 0,0
531.676, 0,0
531.847, 0,0
532.018, 0,0
532.189, 0,0
532.359, 0,0
532.53, 0,0
532.701, 0,0
532.872, 0,0
533.043, 0,0
533.214, 0,0
533.384, 0,0
533.555, 0,0
533.726, 0,0
533.897, 0,0
534.068, 0,0
534.239, 0,0
534.41, 0,0
534.58, 0,0
534.751, 0,0
534.922, 0,0
535.093, 0,0
535.264, 0,0
535.435, 0,0
535.606, 0,0
535.776, 0,0
535.947, 0,0
536.118, 0,0
536.289, 0,0
536.46, 0,0
536.631, 0,0
536.801, 0,0
536.972, 0,0
537.143, 0,0
537.314, 0,0
537.485, 0,0
537.656, 0,0
537.827, 0,0
537.997, 0,0
538.168, 0,0
538.339, 0,0
538.51, 0,0
538.681, 0,0
538.852, 0,0
539.022, 0,0
539.193, 0,0
539.364, 0,0
539.535, 0,0
539.706, 0,0
539.877, 0,0
540.048, 0,0
540.218, 0,0
540.389, 0,0
540.56, 0,0
540.731, 0,0
540.902, 0,0
541.073, 0,0
541.243, 0,0
541.414, 0,0
541.585, 0,0
541.756, 0,0
541.927, 0,0
542.098, 0,0
542.269, 0,0
542.439, 0,0
542.61, 0,0
542.781, 0,0
542.952, 0,0
543.123, 0,0
543.294, 0,0
543.464, 0,0
543.635, 0,0
543.806, 0,0
543.977, 0,0
544.148, 0,0
544.319, 0,0
544.49, 0,0
544.66, 0,0
544.831, 0,0
545.002, 0,0
545.173, 0,0
545.344, 0,0
545.515, 0,0
545.685, 0,0
545.856, 0,0
546.027, 0,0
546.198, 0,0
546.369, 0,0
546.54, 0,0
546.711, 0,0
546.881, 0,0
547.052, 0,0
547.223, 0,0
547.394, 0,0
547.565, 0,0
547.736, 0,0
547.906, 0,0
548.077, 0,0
548.248, 0,0
548.419, 0,0
548.59, 0,0
548.761, 0,0
548.932, 0,0
549.102, 0,0
549.273, 0,0
549.444, 0,0
549.615, 0,0
549.786, 0,0
549.957, 0,0
550.128, 0,0
550.298, 0,0
550.469, 0,0
550.64, 0,0
550.811, 0,0
550.982, 0,0
551.153, 0,0
551.323, 0,0
551.494, 0,0
551.665, 0,0
551.836, 0,0
552.007, 0,0
552.178, 0,0
552.349, 0,0
552.519, 0,0
552.69, 0,0
552.861, 0,0
553.032, 0,0
553.203, 0,0
553.374, 0,0
553.544, 0,0
553.715, 0,0
553.886, 0,0
554.057, 0,0
554.228, 0,0
554.399, 0,0
554.57, 0,0
554.74, 0,0
554.911, 0,0
555.082, 0,0
555.253, 0,0
555.424, 0,0
555.595, 0,0
555.765, 0,0
555.936, 0,0
556.107, 0,0
556.278, 0,0
556.449, 0,0
556.62, 0,0
556.791, 0,0
556.961, 0,0
557.132, 0,0
557.303, 0,0
557.474, 0,0
557.645, 0,0
557.816, 0,0
557.986, 0,0
558.157, 0,0
558.328, 0,0
558.499, 0,0
558.67, 0,0
558.841, 0,0
559.012, 0,0
559.182, 0,0
559.353, 0,0
559.524, 0,0
559.695, 0,0
559.866, 0,0
560.037, 0,0
560.207, 0,0
560.378, 0,0
560.549, 0,0
560.72, 0,0
560.891, 0,0
561.062, 0,0
561.233, 0,0
561.403, 0,0
561.574, 0,0
561.745, 0,0
561.916, 0,0
562.087, 0,0
562.258, 0,0
562.428, 0,0
562.599, 0,0
562.77, 0,0
562.941, 0,0
563.112, 0,0
563.283, 0,0
563.454, 0,0
563.624, 0,0
563.795, 0,0
563.966, 0,0
564.137, 0,0
564.308, 0,0
564.479, 0,0
564.65, 0,0
564.82, 0,0
564.991, 0,0
565.162, 0,0
565.333, 0,0
565.504, 0,0
565.675, 0,0
565.845, 0,0
566.016, 0,0
566.187, 0,0
566.358, 0,0
566.529, 0,0
566.7, 0,0
566.871, 0,0
567.041, 0,0
567.212, 0,0
567.383, 0,0
567.554, 0,0
567.725, 0,0
567.896, 0,0
568.066, 0,0
568.237, 0,0
568.408, 0,0
568.579, 0,0
568.75, 0,0
568.921, 0,0
569.092, 0,0
569.262, 0,0
569.433, 0,0
569.604, 0,0
569.775, 0,0
569.946, 0,0
570.117, 0,0
570.287, 0,0
570.458, 0,0
570.629, 0,0
570.8, 0,0
570.971, 0,0
571.142, 0,0
571.313, 0,0
571.483, 0,0
571.654, 0,0
571.825, 0,0
571.996, 0,0
572.167, 0,0
572.338, 0,0
572.508, 0,0
572.679, 0,0
572.85, 0,0
573.021, 0,0
573.192, 0,0
573.363, 0,0
573.534, 0,0
573.704, 0,0
573.875, 0,0
574.046, 0,0
574.217, 0,0
574.388, 0,0
574.559, 0,0
574.729, 0,0
574.9, 0,0
575.071, 0,0
575.242, 0,0
575.413, 0,0
575.584, 0,0
575.755, 0,0
575.925, 0,0
576.096, 0,0
576.267, 0,0
576.438, 0,0
576.609, 0,0
576.78, 0,0
576.95, 0,0
577.121, 0,0
577.292, 0,0
577.463, 0,0
577.634, 0,0
577.805, 0,0
577.976, 0,0
578.146, 0,0
578.317, 0,0
578.488, 0,0
578.659, 0,0
578.83, 0,0
579.001, 0,0
579.172, 0,0
579.342, 0,0
579.513, 0,0
579.684, 0,0
579.855, 0,0
580.026, 0,0
580.197, 0,0
580.367, 0,0
580.538, 0,0
580.709, 0,0
580.88, 0,0
581.051, 0,0
581.222, 0,0
581.393, 0,0
581.563, 0,0
581.734, 0,0
581.905, 0,0
582.076, 0,0
582.247, 0,0
582.418, 0,0
582.588, 0,0
582.759, 0,0
582.93, 0,0
583.101, 0,0
583.272, 0,0
583.443, 0,0
583.614, 0,0
583.784, 0,0
583.955, 0,0
584.126, 0,0
584.297, 0,0
584.468, 0,0
584.639, 0,0
584.809, 0,0
584.98, 0,0
585.151, 0,0
585.322, 0,0
585.493, 0,0
585.664, 0,0
585.835, 0,0
586.005, 0,0
586.176, 0,0
586.347, 0,0
586.518, 0,0
586.689, 0,0
586.86, 0,0
587.03, 0,0
587.201, 0,0
587.372, 0,0
587.543, 0,0
587.714, 0,0
587.885, 0,0
588.056, 0,0
588.226, 0,0
588.397, 0,0
588.568, 0,0
588.739, 0,0
588.91, 0,0
589.081, 0,0
589.251, 0,0
589.422, 0,0
589.593, 0,0
589.764, 0,0
589.935, 0,0
590.106, 0,0
590.277, 0,0
590.447, 0,0
590.618, 0,0
590.789, 0,0
590.96, 0,0
591.131, 0,0
591.302, 0,0
591.472, 0,0
591.643, 0,0
591.814, 0,0
591.985, 0,0
592.156, 0,0
592.327, 0,0
592.498, 0,0
592.668, 0,0
592.839, 0,0
593.01, 0,0
593.181, 0,0
593.352, 0,0
593.523, 0,0
593.694, 0,0
593.864, 0,0
594.035, 0,0
594.206, 0,0
594.377, 0,0
594.548, 0,0
594.719, 0,0
594.889, 0,0
595.06, 0,0
595.231, 0,0
595.402, 0,0
595.573, 0,0
595.744, 0,0
595.915, 0,0
596.085, 0,0
596.256, 0,0
596.427, 0,0
596.598, 0,0
596.769, 0,0
596.94, 0,0
597.11, 0,0
597.281, 0,0
597.452, 0,0
597.623, 0,0
597.794, 0,0
597.965, 0,0
598.136, 0,0
598.306, 0,0
598.477, 0,0
598.648, 0,0
598.819, 0,0
598.99, 0,0
599.161, 0,0
599.331, 0,0
599.502, 0,0
599.673, 0,0
599.844, 0,0
600.015, 0,0
600.186, 0,0
600.357, 0,0
600.527, 0,0
600.698, 0,0
600.869, 0,0
601.04, 0,0
601.211, 0,0
601.382, 0,0
601.552, 0,0
601.723, 0,0
601.894, 0,0
602.065, 0,0
602.236, 0,0
602.407, 0,0
602.578, 0,0
602.748, 0,0
602.919, 0,0
603.09, 0,0
603.261, 0,0
603.432, 0,0
603.603, 0,0
603.773, 0,0
603.944, 0,0
604.115, 0,0
604.286, 0,0
604.457, 0,0
604.628, 0,0
604.799, 0,0
604.969, 0,0
605.14, 0,0
605.311, 0,0
605.482, 0,0
605.653, 0,0
605.824, 0,0
605.994, 0,0
606.165, 0,0
606.336, 0,0
606.507, 0,0
606.678, 0,0
606.849, 0,0
607.02, 0,0
607.19, 0,0
607.361, 0,0
607.532, 0,0
607.703, 0,0
607.874, 0,0
608.045, 0,0
608.216, 0,0
608.386, 0,0
608.557, 0,0
608.728, 0,0
608.899, 0,0
609.07, 0,0
609.241, 0,0
609.411, 0,0
609.582, 0,0
609.753, 0,0
609.924, 0,0
610.095, 0,0
610.266, 0,0
610.437, 0,0
610.607, 0,0
610.778, 0,0
610.949, 0,0
611.12, 0,0
611.291, 0,0
611.462, 0,0
611.632, 0,0
611.803, 0,0
611.974, 0,0
612.145, 0,0
612.316, 0,0
612.487, 0,0
612.658, 0,0
612.828, 0,0
612.999, 0,0
613.17, 0,0
613.341, 0,0
613.512, 0,0
613.683, 0,0
613.853, 0,0
614.024, 0,0
614.195, 0,0
614.366, 0,0
614.537, 0,0
614.708, 0,0
614.879, 0,0
615.049, 0,0
615.22, 0,0
615.391, 0,0
615.562, 0,0
615.733, 0,0
615.904, 0,0
616.074, 0,0
616.245, 0,0
616.416, 0,0
616.587, 0,0
616.758, 0,0
616.929, 0,0
617.1, 0,0
617.27, 0,0
617.441, 0,0
617.612, 0,0
617.783, 0,0
617.954, 0,0
618.125, 0,0
618.295, 0,0
618.466, 0,0
618.637, 0,0
618.808, 0,0
618.979, 0,0
619.15, 0,0
619.321, 0,0
619.491, 0,0
619.662, 0,0
619.833, 0,0
620.004, 0,0
620.175, 0,0
620.346, 0,0
620.516, 0,0
620.687, 0,0
620.858, 0,0
621.029, 0,0
621.2, 0,0
621.371, 0,0
621.542, 0,0
621.712, 0,0
621.883, 0,0
622.054, 0,0
622.225, 0,0
622.396, 0,0
622.567, 0,0
622.738, 0,0
622.908, 0,0
623.079, 0,0
623.25, 0,0
623.421, 0,0
623.592, 0,0
623.763, 0,0
623.933, 0,0
624.104, 0,0
624.275, 0,0
624.446, 0,0
624.617, 0,0
624.788, 0,0
624.959, 0,0
625.129, 0,0
625.3, 0,0
625.471, 0,0
625.642, 0,0
625.813, 0,0
625.984, 0,0
626.154, 0,0
626.325, 0,0
626.496, 0,0
626.667, 0,0
626.838, 0,0
627.009, 0,0
627.18, 0,0
627.35, 0,0
627.521, 0,0
627.692, 0,0
627.863, 0,0
628.034, 0,0
628.205, 0,0
628.375, 0,0
628.546, 0,0
628.717, 0,0
628.888, 0,0
629.059, 0,0
629.23, 0,0
629.401, 0,0
629.571, 0,0
629.742, 0,0
629.913, 0,0
630.084, 0,0
630.255, 0,0
630.426, 0,0
630.596, 0,0
630.767, 0,0
630.938, 0,0
631.109, 0,0
631.28, 0,0
631.451, 0,0
631.622, 0,0
631.792, 0,0
631.963, 0,0
632.134, 0,0
632.305, 0,0
632.476, 0,0
632.647, 0,0
632.817, 0,0
632.988, 0,0
633.159, 0,0
633.33, 0,0
633.501, 0,0
633.672, 0,0
633.843, 0,0
634.013, 0,0
634.184, 0,0
634.355, 0,0
634.526, 0,0
634.697, 0,0
634.868, 0,0
635.038, 0,0
635.209, 0,0
635.38, 0,0
635.551, 0,0
635.722, 0,0
635.893, 0,0
636.064, 0,0
636.234, 0,0
636.405, 0,0
636.576, 0,0
636.747, 0,0
636.918, 0,0
637.089, 0,0
637.26, 0,0
637.43, 0,0
637.601, 0,0
637.772, 0,0
637.943, 0,0
638.114, 0,0
638.285, 0,0
638.455, 0,0
638.626, 0,0
638.797, 0,0
638.968, 0,0
639.139, 0,0
639.31, 0,0
639.481, 0,0
639.651, 0,0
639.822, 0,0
639.993, 0,0
640.164, 0,0
640.335, 0,0
640.506, 0,0
640.676, 0,0
640.847, 0,0
641.018, 0,0
641.189, 0,0
641.36, 0,0
641.531, 0,0
641.702, 0,0
641.872, 0,0
642.043, 0,0
642.214, 0,0
642.385, 0,0
642.556, 0,0
642.727, 0,0
642.897, 0,0
643.068, 0,0
643.239, 0,0
643.41, 0,0
643.581, 0,0
643.752, 0,0
643.923, 0,0
644.093, 0,0
644.264, 0,0
644.435, 0,0
644.606, 0,0
644.777, 0,0
644.948, 0,0
645.118, 0,0
645.289, 0,0
645.46, 0,0
645.631, 0,0
645.802, 0,0
645.973, 0,0
646.144, 0,0
646.314, 0,0
646.485, 0,0
646.656, 0,0
646.827, 0,0
646.998, 0,0
647.169, 0,0
647.339, 0,0
647.51, 0,0
647.681, 0,0
647.852, 0,0
648.023, 0,0
648.194, 0,0
648.365, 0,0
648.535, 0,0
648.706, 0,0
648.877, 0,0
649.048, 0,0
649.219, 0,0
649.39, 0,0
649.56, 0,0
649.731, 0,0
649.902, 0,0
650.073, 0,0
650.244, 0,0
650.415, 0,0
650.586, 0,0
650.756, 0,0
650.927, 0,0
651.098, 0,0
651.269, 0,0
651.44, 0,0
651.611, 0,0
651.782, 0,0
651.952, 0,0
652.123, 0,0
652.294, 0,0
652.465, 0,0
652.636, 0,0
652.807, 0,0
652.977, 0,0
653.148, 0,0
653.319, 0,0
653.49, 0,0
653.661, 0,0
653.832, 0,0
654.003, 0,0
654.173, 0,0
654.344, 0,0
654.515, 0,0
654.686, 0,0
654.857, 0,0
655.028, 0,0
655.198, 0,0
655.369, 0,0
655.54, 0,0
655.711, 0,0
655.882, 0,0
656.053, 0,0
656.224, 0,0
656.394, 0,0
656.565, 0,0
656.736, 0,0
656.907, 0,0
657.078, 0,0
657.249, 0,0
657.419, 0,0
657.59, 0,0
657.761, 0,0
657.932, 0,0
658.103, 0,0
658.274, 0,0
658.445, 0,0
658.615, 0,0
658.786, 0,0
658.957, 0,0
659.128, 0,0
659.299, 0,0
659.47, 0,0
659.64, 0,0
659.811, 0,0
659.982, 0,0
660.153, 0,0
660.324, 0,0
660.495, 0,0
660.666, 0,0
660.836, 0,0
661.007, 0,0
661.178, 0,0
661.349, 0,0
661.52, 0,0
661.691, 0,0
661.861, 0,0
662.032, 0,0
662.203, 0,0
662.374, 0,0
662.545, 0,0
662.716, 0,0
662.887, 0,0
663.057, 0,0
663.228, 0,0
663.399, 0,0
663.57, 0,0
663.741, 0,0
663.912, 0,0
664.082, 0,0
664.253, 0,0
664.424, 0,0
664.595, 0,0
664.766, 0,0
664.937, 0,0
665.108, 0,0
665.278, 0,0
665.449, 0,0
665.62, 0,0
665.791, 0,0
665.962, 0,0
666.133, 0,0
666.304, 0,0
666.474, 0,0
666.645, 0,0
666.816, 0,0
666.987, 0,0
667.158, 0,0
667.329, 0,0
667.499, 0,0
667.67, 0,0
667.841, 0,0
668.012, 0,0
668.183, 0,0
668.354, 0,0
668.525, 0,0
668.695, 0,0
668.866, 0,0
669.037, 0,0
669.208, 0,0
669.379, 0,0
669.55, 0,0
669.72, 0,0
669.891, 0,0
670.062, 0,0
670.233, 0,0
670.404, 0,0
670.575, 0,0
670.746, 0,0
670.916, 0,0
671.087, 0,0
671.258, 0,0
671.429, 0,0
671.6, 0,0
671.771, 0,0
671.941, 0,0
672.112, 0,0
672.283, 0,0
672.454, 0,0
672.625, 0,0
672.796, 0,0
672.967, 0,0
673.137, 0,0
673.308, 0,0
673.479, 0,0
673.65, 0,0
673.821, 0,0
673.992, 0,0
674.162, 0,0
674.333, 0,0
674.504, 0,0
674.675, 0,0
674.846, 0,0
675.017, 0,0
675.188, 0,0
675.358, 0,0
675.529, 0,0
675.7, 0,0
675.871, 0,0
676.042, 0,0
676.213, 0,0
676.383, 0,0
676.554, 0,0
676.725, 0,0
676.896, 0,0
677.067, 0,0
677.238, 0,0
677.409, 0,0
677.579, 0,0
677.75, 0,0
677.921, 0,0
678.092, 0,0
678.263, 0,0
678.434, 0,0
678.604, 0,0
678.775, 0,0
678.946, 0,0
679.117, 0,0
679.288, 0,0
679.459, 0,0
679.63, 0,0
679.8, 0,0
679.971, 0,0
680.142, 0,0
680.313, 0,0
680.484, 0,0
680.655, 0,0
680.826, 0,0
680.996, 0,0
681.167, 0,0
681.338, 0,0
681.509, 0,0
681.68, 0,0
681.851, 0,0
682.021, 0,0
682.192, 0,0
682.363, 0,0
682.534, 0,0
682.705, 0,0
682.876, 0,0
683.047, 0,0
683.217, 0,0
683.388, 0,0
683.559, 0,0
683.73, 0,0
683.901, 0,0
684.072, 0,0
684.242, 0,0
684.413, 0,0
684.584, 0,0
684.755, 0,0
684.926, 0,0
685.097, 0,0
685.268, 0,0
685.438, 0,0
685.609, 0,0
685.78, 0,0
685.951, 0,0
686.122, 0,0
686.293, 0,0
686.463, 0,0
686.634, 0,0
686.805, 0,0
686.976, 0,0
687.147, 0,0
687.318, 0,0
687.489, 0,0
687.659, 0,0
687.83, 0,0
688.001, 0,0
688.172, 0,0
688.343, 0,0
688.514, 0,0
688.684, 0,0
688.855, 0,0
689.026, 0,0
689.197, 0,0
689.368, 0,0
689.539, 0,0
689.71, 0,0
689.88, 0,0
690.051, 0,0
690.222, 0,0
690.393, 0,0
690.564, 0,0
690.735, 0,0
690.905, 0,0
691.076, 0,0
691.247, 0,0
691.418, 0,0
691.589, 0,0
691.76, 0,0
691.931, 0,0
692.101, 0,0
692.272, 0,0
692.443, 0,0
692.614, 0,0
692.785, 0,0
692.956, 0,0
693.126, 0,0
693.297, 0,0
693.468, 0,0
693.639, 0,0
693.81, 0,0
693.981, 0,0
694.152, 0,0
694.322, 0,0
694.493, 0,0
694.664, 0,0
694.835, 0,0
695.006, 0,0
695.177, 0,0
695.348, 0,0
695.518, 0,0
695.689, 0,0
695.86, 0,0
696.031, 0,0
696.202, 0,0
696.373, 0,0
696.543, 0,0
696.714, 0,0
696.885, 0,0
697.056, 0,0
697.227, 0,0
697.398, 0,0
697.569, 0,0
697.739, 0,0
697.91, 0,0
698.081, 0,0
698.252, 0,0
698.423, 0,0
698.594, 0,0
698.764, 0,0
698.935, 0,0
699.106, 0,0
699.277, 0,0
699.448, 0,0
699.619, 0,0
699.79, 0,0
699.96, 0,0
700.131, 0,0
700.302, 0,0
700.473, 0,0
700.644, 0,0
700.815, 0,0
700.985, 0,0
701.156, 0,0
701.327, 0,0
701.498, 0,0
701.669, 0,0
701.84, 0,0
702.011, 0,0
702.181, 0,0
702.352, 0,0
702.523, 0,0
702.694, 0,0
702.865, 0,0
703.036, 0,0
703.206, 0,0
703.377, 0,0
703.548, 0,0
703.719, 0,0
703.89, 0,0
704.061, 0,0
704.232, 0,0
704.402, 0,0
704.573, 0,0
704.744, 0,0
704.915, 0,0
705.086, 0,0
705.257, 0,0
705.427, 0,0
705.598, 0,0
705.769, 0,0
705.94, 0,0
706.111, 0,0
706.282, 0,0
706.453, 0,0
706.623, 0,0
706.794, 0,0
706.965, 0,0
707.136, 0,0
707.307, 0,0
707.478, 0,0
707.648, 0,0
707.819, 0,0
707.99, 0,0
708.161, 0,0
708.332, 0,0
708.503, 0,0
708.674, 0,0
708.844, 0,0
709.015, 0,0
709.186, 0,0
709.357, 0,0
709.528, 0,0
709.699, 0,0
709.87, 0,0
710.04, 0,0
710.211, 0,0
710.382, 0,0
710.553, 0,0
710.724, 0,0
710.895, 0,0
711.065, 0,0
711.236, 0,0
711.407, 0,0
711.578, 0,0
711.749, 0,0
711.92, 0,0
712.091, 0,0
712.261, 0,0
712.432, 0,0
712.603, 0,0
712.774, 0,0
712.945, 0,0
713.116, 0,0
713.286, 0,0
713.457, 0,0
713.628, 0,0
713.799, 0,0
713.97, 0,0
714.141, 0,0
714.312, 0,0
714.482, 0,0
714.653, 0,0
714.824, 0,0
714.995, 0,0
715.166, 0,0
715.337, 0,0
715.507, 0,0
715.678, 0,0
715.849, 0,0
716.02, 0,0
716.191, 0,0
716.362, 0,0
716.533, 0,0
716.703, 0,0
716.874, 0,0
717.045, 0,0
717.216, 0,0
717.387, 0,0
717.558, 0,0
717.728, 0,0
717.899, 0,0
718.07, 0,0
718.241, 0,0
718.412, 0,0
718.583, 0,0
718.754, 0,0
718.924, 0,0
719.095, 0,0
719.266, 0,0
719.437, 0,0
719.608, 0,0
719.779, 0,0
719.949, 0,0
720.12, 0,0
720.291, 0,0
720.462, 0,0
720.633, 0,0
720.804, 0,0
720.975, 0,0
721.145, 0,0
721.316, 0,0
721.487, 0,0
721.658, 0,0
721.829, 0,0
722, 0,0
722.17, 0,0
722.341, 0,0
722.512, 0,0
722.683, 0,0
722.854, 0,0
723.025, 0,0
723.196, 0,0
723.366, 0,0
723.537, 0,0
723.708, 0,0
723.879, 0,0
724.05, 0,0
724.221, 0,0
724.392, 0,0
724.562, 0,0
724.733, 0,0
724.904, 0,0
725.075, 0,0
725.246, 0,0
725.417, 0,0
725.587, 0,0
725.758, 0,0
725.929, 0,0
726.1, 0,0
726.271, 0,0
726.442, 0,0
726.613, 0,0
726.783, 0,0
726.954, 0,0
727.125, 0,0
727.296, 0,0
727.467, 0,0
727.638, 0,0
727.808, 0,0
727.979, 0,0
728.15, 0,0
728.321, 0,0
728.492, 0,0
728.663, 0,0
728.834, 0,0
729.004, 0,0
729.175, 0,0
729.346, 0,0
729.517, 0,0
729.688, 0,0
729.859, 0,0
730.029, 0,0
730.2, 0,0
730.371, 0,0
730.542, 0,0
730.713, 0,0
730.884, 0,0
731.055, 0,0
731.225, 0,0
731.396, 0,0
731.567, 0,0
731.738, 0,0
731.909, 0,0
732.08, 0,0
732.25, 0,0
732.421, 0,0
732.592, 0,0
732.763, 0,0
732.934, 0,0
733.105, 0,0
733.276, 0,0
733.446, 0,0
733.617, 0,0
733.788, 0,0
733.959, 0,0
734.13, 0,0
734.301, 0,0
734.471, 0,0
734.642, 0,0
734.813, 0,0
734.984, 0,0
735.155, 0,0
735.326, 0,0
735.497, 0,0
735.667, 0,0
735.838, 0,0
736.009, 0,0
736.18, 0,0
736.351, 0,0
736.522, 0,0
736.692, 0,0
736.863, 0,0
737.034, 0,0
737.205, 0,0
737.376, 0,0
737.547, 0,0
737.718, 0,0
737.888, 0,0
738.059, 0,0
738.23, 0,0
738.401, 0,0
738.572, 0,0
738.743, 0,0
738.913, 0,0
739.084, 0,0
739.255, 0,0
739.426, 0,0
739.597, 0,0
739.768, 0,0
739.939, 0,0
740.109, 0,0
740.28, 0,0
740.451, 0,0
740.622, 0,0
740.793, 0,0
740.964, 0,0
741.135, 0,0
741.305, 0,0
741.476, 0,0
741.647, 0,0
741.818, 0,0
741.989, 0,0
742.16, 0,0
742.33, 0,0
742.501, 0,0
742.672, 0,0
742.843, 0,0
743.014, 0,0
743.185, 0,0
743.356, 0,0
743.526, 0,0
743.697, 0,0
743.868, 0,0
744.039, 0,0
744.21, 0,0
744.381, 0,0
744.551, 0,0
744.722, 0,0
744.893, 0,0
745.064, 0,0
745.235, 0,0
745.406, 0,0
745.577, 0,0
745.747, 0,0
745.918, 0,0
746.089, 0,0
746.26, 0,0
746.431, 0,0
746.602, 0,0
746.772, 0,0
746.943, 0,0
747.114, 0,0
747.285, 0,0
747.456, 0,0
747.627, 0,0
747.798, 0,0
747.968, 0,0
748.139, 0,0
748.31, 0,0
748.481, 0,0
748.652, 0,0
748.823, 0,0
748.993, 0,0
749.164, 0,0
749.335, 0,0
749.506, 0,0
749.677, 0,0
749.848, 0,0
750.019, 0,0
750.189, 0,0
750.36, 0,0
750.531, 0,0
750.702, 0,0
750.873, 0,0
751.044, 0,0
751.214, 0,0
751.385, 0,0
751.556, 0,0
751.727, 0,0
751.898, 0,0
752.069, 0,0
752.24, 0,0
752.41, 0,0
752.581, 0,0
752.752, 0,0
752.923, 0,0
753.094, 0,0
753.265, 0,0
753.435, 0,0
753.606, 0,0
753.777, 0,0
753.948, 0,0
754.119, 0,0
754.29, 0,0
754.461, 0,0
754.631, 0,0
754.802, 0,0
754.973, 0,0
755.144, 0,0
755.315, 0,0
755.486, 0,0
755.657, 0,0
755.827, 0,0
755.998, 0,0
756.169, 0,0
756.34, 0,0
756.511, 0,0
756.682, 0,0
756.852, 0,0
757.023, 0,0
757.194, 0,0
757.365, 0,0
757.536, 0,0
757.707, 0,0
757.878, 0,0
758.048, 0,0
758.219, 0,0
758.39, 0,0
758.561, 0,0
758.732, 0,0
758.903, 0,0
759.073, 0,0
759.244, 0,0
759.415, 0,0
759.586, 0,0
759.757, 0,0
759.928, 0,0
760.099, 0,0
760.269, 0,0
760.44, 0,0
760.611, 0,0
760.782, 0,0
760.953, 0,0
761.124, 0,0
761.294, 0,0
761.465, 0,0
761.636, 0,0
761.807, 0,0
761.978, 0,0
762.149, 0,0
762.32, 0,0
762.49, 0,0
762.661, 0,0
762.832, 0,0
763.003, 0,0
763.174, 0,0
763.345, 0,0
763.515, 0,0
763.686, 0,0
763.857, 0,0
764.028, 0,0
764.199, 0,0
764.37, 0,0
764.541, 0,0
764.711, 0,0
764.882, 0,0
765.053, 0,0
765.224, 0,0
765.395, 0,0
765.566, 0,0
765.736, 0,0
765.907, 0,0
766.078, 0,0
766.249, 0,0
766.42, 0,0
766.591, 0,0
766.762, 0,0
766.932, 0,0
767.103, 0,0
767.274, 0,0
767.445, 0,0
767.616, 0,0
767.787, 0,0
767.957, 0,0
768.128, 0,0
768.299, 0,0
768.47, 0,0
768.641, 0,0
768.812, 0,0
768.983, 0,0
769.153, 0,0
769.324, 0,0
769.495, 0,0
769.666, 0,0
769.837, 0,0
770.008, 0,0
770.179, 0,0
770.349, 0,0
770.52, 0,0
770.691, 0,0
770.862, 0,0
771.033, 0,0
771.204, 0,0
771.374, 0,0
771.545, 0,0
771.716, 0,0
771.887, 0,0
772.058, 0,0
772.229, 0,0
772.4, 0,0
772.57, 0,0
772.741, 0,0
772.912, 0,0
773.083, 0,0
773.254, 0,0
773.425, 0,0
773.595, 0,0
773.766, 0,0
773.937, 0,0
774.108, 0,0
774.279, 0,0
774.45, 0,0
774.621, 0,0
774.791, 0,0
774.962, 0,0
775.133, 0,0
775.304, 0,0
775.475, 0,0
775.646, 0,0
775.816, 0,0
775.987, 0,0
776.158, 0,0
776.329, 0,0
776.5, 0,0
776.671, 0,0
776.842, 0,0
777.012, 0,0
777.183, 0,0
777.354, 0,0
777.525, 0,0
777.696, 0,0
777.867, 0,0
778.037, 0,0
778.208, 0,0
778.379, 0,0
778.55, 0,0
778.721, 0,0
778.892, 0,0
779.063, 0,0
779.233, 0,0
779.404, 0,0
779.575, 0,0
779.746, 0,0
779.917, 0,0
780.088, 0,0
780.258, 0,0
780.429, 0,0
780.6, 0,0
780.771, 0,0
780.942, 0,0
781.113, 0,0
781.284, 0,0
781.454, 0,0
781.625, 0,0
781.796, 0,0
781.967, 0,0
782.138, 0,0
782.309, 0,0
782.479, 0,0
782.65, 0,0
782.821, 0,0
782.992, 0,0
783.163, 0,0
783.334, 0,0
783.505, 0,0
783.675, 0,0
783.846, 0,0
784.017, 0,0
784.188, 0,0
784.359, 0,0
784.53, 0,0
784.701, 0,0
784.871, 0,0
785.042, 0,0
785.213, 0,0
785.384, 0,0
785.555, 0,0
785.726, 0,0
785.896, 0,0
786.067, 0,0
786.238, 0,0
786.409, 0,0
786.58, 0,0
786.751, 0,0
786.922, 0,0
787.092, 0,0
787.263, 0,0
787.434, 0,0
787.605, 0,0
787.776, 0,0
787.947, 0,0
788.117, 0,0
788.288, 0,0
788.459, 0,0
788.63, 0,0
788.801, 0,0
788.972, 0,0
789.143, 0,0
789.313, 0,0
789.484, 0,0
789.655, 0,0
789.826, 0,0
789.997, 0,0
790.168, 0,0
790.338, 0,0
790.509, 0,0
790.68, 0,0
790.851, 0,0
791.022, 0,0
791.193, 0,0
791.364, 0,0
791.534, 0,0
791.705, 0,0
791.876, 0,0
792.047, 0,0
792.218, 0,0
792.389, 0,0
792.559, 0,0
792.73, 0,0
792.901, 0,0
793.072, 0,0
793.243, 0,0
793.414, 0,0
793.585, 0,0
793.755, 0,0
793.926, 0,0
794.097, 0,0
794.268, 0,0
794.439, 0,0
794.61, 0,0
794.78, 0,0
794.951, 0,0
795.122, 0,0
795.293, 0,0
795.464, 0,0
795.635, 0,0
795.806, 0,0
795.976, 0,0
796.147, 0,0
796.318, 0,0
796.489, 0,0
796.66, 0,0
796.831, 0,0
797.001, 0,0
797.172, 0,0
797.343, 0,0
797.514, 0,0
797.685, 0,0
797.856, 0,0
798.027, 0,0
798.197, 0,0
798.368, 0,0
798.539, 0,0
798.71, 0,0
798.881, 0,0
799.052, 0,0
799.223, 0,0
799.393, 0,0
799.564, 0,0
799.735, 0,0
799.906, 0,0
800.077, 0,0
800.248, 0,0
800.418, 0,0
800.589, 0,0
800.76, 0,0
800.931, 0,0
801.102, 0,0
801.273, 0,0
801.444, 0,0
801.614, 0,0
801.785, 0,0
801.956, 0,0
802.127, 0,0
802.298, 0,0
802.469, 0,0
802.639, 0,0
802.81, 0,0
802.981, 0,0
803.152, 0,0
803.323, 0,0
803.494, 0,0
803.665, 0,0
803.835, 0,0
804.006, 0,0
804.177, 0,0
804.348, 0,0
804.519, 0,0
804.69, 0,0
804.86, 0,0
805.031, 0,0
805.202, 0,0
805.373, 0,0
805.544, 0,0
805.715, 0,0
805.886, 0,0
806.056, 0,0
806.227, 0,0
806.398, 0,0
806.569, 0,0
806.74, 0,0
806.911, 0,0
807.081, 0,0
807.252, 0,0
807.423, 0,0
807.594, 0,0
807.765, 0,0
807.936, 0,0
808.107, 0,0
808.277, 0,0
808.448, 0,0
808.619, 0,0
808.79, 0,0
808.961, 0,0
809.132, 0,0
809.302, 0,0
809.473, 0,0
809.644, 0,0
809.815, 0,0
809.986, 0,0
810.157, 0,0
810.328, 0,0
810.498, 0,0
810.669, 0,0
810.84, 0,0
811.011, 0,0
811.182, 0,0
811.353, 0,0
811.523, 0,0
811.694, 0,0
811.865, 0,0
812.036, 0,0
812.207, 0,0
812.378, 0,0
812.549, 0,0
812.719, 0,0
812.89, 0,0
813.061, 0,0
813.232, 0,0
813.403, 0,0
813.574, 0,0
813.745, 0,0
813.915, 0,0
814.086, 0,0
814.257, 0,0
814.428, 0,0
814.599, 0,0
814.77, 0,0
814.94, 0,0
815.111, 0,0
815.282, 0,0
815.453, 0,0
815.624, 0,0
815.795, 0,0
815.966, 0,0
816.136, 0,0
816.307, 0,0
816.478, 0,0
816.649, 0,0
816.82, 0,0
816.991, 0,0
817.161, 0,0
817.332, 0,0
817.503, 0,0
817.674, 0,0
817.845, 0,0
818.016, 0,0
818.187, 0,0
818.357, 0,0
818.528, 0,0
818.699, 0,0
818.87, 0,0
819.041, 0,0
819.212, 0,0
819.382, 0,0
819.553, 0,0
819.724, 0,0
819.895, 0,0
820.066, 0,0
820.237, 0,0
820.408, 0,0
820.578, 0,0
820.749, 0,0
820.92, 0,0
821.091, 0,0
821.262, 0,0
821.433, 0,0
821.603, 0,0
821.774, 0,0
821.945, 0,0
822.116, 0,0
822.287, 0,0
822.458, 0,0
822.629, 0,0
822.799, 0,0
822.97, 0,0
823.141, 0,0
823.312, 0,0
823.483, 0,0
823.654, 0,0
823.824, 0,0
823.995, 0,0
824.166, 0,0
824.337, 0,0
824.508, 0,0
824.679, 0,0
824.85, 0,0
825.02, 0,0
825.191, 0,0
825.362, 0,0
825.533, 0,0
825.704, 0,0
825.875, 0,0
826.045, 0,0
826.216, 0,0
826.387, 0,0
826.558, 0,0
826.729, 0,0
826.9, 0,0
827.071, 0,0
827.241, 0,0
827.412, 0,0
827.583, 0,0
827.754, 0,0
827.925, 0,0
828.096, 0,0
828.267, 0,0
828.437, 0,0
828.608, 0,0
828.779, 0,0
828.95, 0,0
829.121, 0,0
829.292, 0,0
829.462, 0,0
829.633, 0,0
829.804, 0,0
829.975, 0,0
830.146, 0,0
830.317, 0,0
830.488, 0,0
830.658, 0,0
830.829, 0,0
831, 0,0
831.171, 0,0
831.342, 0,0
831.513, 0,0
831.683, 0,0
831.854, 0,0
832.025, 0,0
832.196, 0,0
832.367, 0,0
832.538, 0,0
832.709, 0,0
832.879, 0,0
833.05, 0,0
833.221, 0,0
833.392, 0,0
833.563, 0,0
833.734, 0,0
833.904, 0,0
834.075, 0,0
834.246, 0,0
834.417, 0,0
834.588, 0,0
834.759, 0,0
834.93, 0,0
835.1, 0,0
835.271, 0,0
835.442, 0,0
835.613, 0,0
835.784, 0,0
835.955, 0,0
836.125, 0,0
836.296, 0,0
836.467, 0,0
836.638, 0,0
836.809, 0,0
836.98, 0,0
837.151, 0,0
837.321, 0,0
837.492, 0,0
837.663, 0,0
837.834, 0,0
838.005, 0,0
838.176, 0,0
838.346, 0,0
838.517, 0,0
838.688, 0,0
838.859, 0,0
839.03, 0,0
839.201, 0,0
839.372, 0,0
839.542, 0,0
839.713, 0,0
839.884, 0,0
840.055, 0,0
840.226, 0,0
840.397, 0,0
840.567, 0,0
840.738, 0,0
840.909, 0,0
841.08, 0,0
841.251, 0,0
841.422, 0,0
841.593, 0,0
841.763, 0,0
841.934, 0,0
842.105, 0,0
842.276, 0,0
842.447, 0,0
842.618, 0,0
842.789, 0,0
842.959, 0,0
843.13, 0,0
843.301, 0,0
843.472, 0,0
843.643, 0,0
843.814, 0,0
843.984, 0,0
844.155, 0,0
844.326, 0,0
844.497, 0,0
844.668, 0,0
844.839, 0,0
845.01, 0,0
845.18, 0,0
845.351, 0,0
845.522, 0,0
845.693, 0,0
845.864, 0,0
846.035, 0,0
846.205, 0,0
846.376, 0,0
846.547, 0,0
846.718, 0,0
846.889, 0,0
847.06, 0,0
847.231, 0,0
847.401, 0,0
847.572, 0,0
847.743, 0,0
847.914, 0,0
848.085, 0,0
848.256, 0,0
848.426, 0,0
848.597, 0,0
848.768, 0,0
848.939, 0,0
849.11, 0,0
849.281, 0,0
849.452, 0,0
849.622, 0,0
849.793, 0,0
849.964, 0,0
850.135, 0,0
850.306, 0,0
850.477, 0,0
850.647, 0,0
850.818, 0,0
850.989, 0,0
851.16, 0,0
851.331, 0,0
851.502, 0,0
851.673, 0,0
851.843, 0,0
852.014, 0,0
852.185, 0,0
852.356, 0,0
852.527, 0,0
852.698, 0,0
852.868, 0,0
853.039, 0,0
853.21, 0,0
853.381, 0,0
853.552, 0,0
853.723, 0,0
853.894, 0,0
854.064, 0,0
854.235, 0,0
854.406, 0,0
854.577, 0,0
854.748, 0,0
854.919, 0,0
855.089, 0,0
855.26, 0,0
855.431, 0,0
855.602, 0,0
855.773, 0,0
855.944, 0,0
856.115, 0,0
856.285, 0,0
856.456, 0,0
856.627, 0,0
856.798, 0,0
856.969, 0,0
857.14, 0,0
857.311, 0,0
857.481, 0,0
857.652, 0,0
857.823, 0,0
857.994, 0,0
858.165, 0,0
858.336, 0,0
858.506, 0,0
858.677, 0,0
858.848, 0,0
859.019, 0,0
859.19, 0,0
859.361, 0,0
859.532, 0,0
859.702, 0,0
859.873, 0,0
860.044, 0,0
860.215, 0,0
860.386, 0,0
860.557, 0,0
860.727, 0,0
860.898, 0,0
861.069, 0,0
861.24, 0,0
861.411, 0,0
861.582, 0,0
861.753, 0,0
861.923, 0,0
862.094, 0,0
862.265, 0,0
862.436, 0,0
862.607, 0,0
862.778, 0,0
862.948, 0,0
863.119, 0,0
863.29, 0,0
863.461, 0,0
863.632, 0,0
863.803, 0,0
863.974, 0,0
864.144, 0,0
864.315, 0,0
864.486, 0,0
864.657, 0,0
864.828, 0,0
864.999, 0,0
865.169, 0,0
865.34, 0,0
865.511, 0,0
865.682, 0,0
865.853, 0,0
866.024, 0,0
866.195, 0,0
866.365, 0,0
866.536, 0,0
866.707, 0,0
866.878, 0,0
867.049, 0,0
867.22, 0,0
867.39, 0,0
867.561, 0,0
867.732, 0,0
867.903, 0,0
868.074, 0,0
868.245, 0,0
868.416, 0,0
868.586, 0,0
868.757, 0,0
868.928, 0,0
869.099, 0,0
869.27, 0,0
869.441, 0,0
869.611, 0,0
869.782, 0,0
869.953, 0,0
870.124, 0,0
870.295, 0,0
870.466, 0,0
870.637, 0,0
870.807, 0,0
870.978, 0,0
871.149, 0,0
871.32, 0,0
871.491, 0,0
871.662, 0,0
871.833, 0,0
872.003, 0,0
872.174, 0,0
872.345, 0,0
872.516, 0,0
872.687, 0,0
872.858, 0,0
873.028, 0,0
873.199, 0,0
873.37, 0,0
873.541, 0,0
873.712, 0,0
873.883, 0,0
874.054, 0,0
874.224, 0,0
874.395, 0,0
874.566, 0,0
874.737, 0,0
874.908, 0,0
875.079, 0,0
875.249, 0,0
875.42, 0,0
875.591, 0,0
875.762, 0,0
875.933, 0,0
876.104, 0,0
876.275, 0,0
876.445, 0,0
876.616, 0,0
876.787, 0,0
876.958, 0,0
877.129, 0,0
877.3, 0,0
877.47, 0,0
877.641, 0,0
877.812, 0,0
877.983, 0,0
878.154, 0,0
878.325, 0,0
878.496, 0,0
878.666, 0,0
878.837, 0,0
879.008, 0,0
879.179, 0,0
879.35, 0,0
879.521, 0,0
879.691, 0,0
879.862, 0,0
880.033, 0,0
880.204, 0,0
880.375, 0,0
880.546, 0,0
880.717, 0,0
880.887, 0,0
881.058, 0,0
881.229, 0,0
881.4, 0,0
881.571, 0,0
881.742, 0,0
881.912, 0,0
882.083, 0,0
882.254, 0,0
882.425, 0,0
882.596, 0,0
882.767, 0,0
882.938, 0,0
883.108, 0,0
883.279, 0,0
883.45, 0,0
883.621, 0,0
883.792, 0,0
883.963, 0,0
884.133, 0,0
884.304, 0,0
884.475, 0,0
884.646, 0,0
884.817, 0,0
884.988, 0,0
885.159, 0,0
885.329, 0,0
885.5, 0,0
885.671, 0,0
885.842, 0,0
886.013, 0,0
886.184, 0,0
886.355, 0,0
886.525, 0,0
886.696, 0,0
886.867, 0,0
887.038, 0,0
887.209, 0,0
887.38, 0,0
887.55, 0,0
887.721, 0,0
887.892, 0,0
888.063, 0,0
888.234, 0,0
888.405, 0,0
888.576, 0,0
888.746, 0,0
888.917, 0,0
889.088, 0,0
889.259, 0,0
889.43, 0,0
889.601, 0,0
889.771, 0,0
889.942, 0,0
890.113, 0,0
890.284, 0,0
890.455, 0,0
890.626, 0,0
890.797, 0,0
890.967, 0,0
891.138, 0,0
891.309, 0,0
891.48, 0,0
891.651, 0,0
891.822, 0,0
891.992, 0,0
892.163, 0,0
892.334, 0,0
892.505, 0,0
892.676, 0,0
892.847, 0,0
893.018, 0,0
893.188, 0,0
893.359, 0,0
893.53, 0,0
893.701, 0,0
893.872, 0,0
894.043, 0,0
894.213, 0,0
894.384, 0,0
894.555, 0,0
894.726, 0,0
894.897, 0,0
895.068, 0,0
895.239, 0,0
895.409, 0,0
895.58, 0,0
895.751, 0,0
895.922, 0,0
896.093, 0,0
896.264, 0,0
896.434, 0,0
896.605, 0,0
896.776, 0,0
896.947, 0,0
897.118, 0,0
897.289, 0,0
897.46, 0,0
897.63, 0,0
897.801, 0,0
897.972, 0,0
898.143, 0,0
898.314, 0,0
898.485, 0,0
898.655, 0,0
898.826, 0,0
898.997, 0,0
899.168, 0,0
899.339, 0,0
899.51, 0,0
899.681, 0,0
899.851, 0,0
900.022, 0,0
900.193, 0,0
900.364, 0,0
900.535, 0,0
900.706, 0,0
900.877, 0,0
901.047, 0,0
901.218, 0,0
901.389, 0,0
901.56, 0,0
901.731, 0,0
901.902, 0,0
902.072, 0,0
902.243, 0,0
902.414, 0,0
902.585, 0,0
902.756, 0,0
902.927, 0,0
903.098, 0,0
903.268, 0,0
903.439, 0,0
903.61, 0,0
903.781, 0,0
903.952, 0,0
904.123, 0,0
904.293, 0,0
904.464, 0,0
904.635, 0,0
904.806, 0,0
904.977, 0,0
905.148, 0,0
905.319, 0,0
905.489, 0,0
905.66, 0,0
905.831, 0,0
906.002, 0,0
906.173, 0,0
906.344, 0,0
906.514, 0,0
906.685, 0,0
906.856, 0,0
907.027, 0,0
907.198, 0,0
907.369, 0,0
907.54, 0,0
907.71, 0,0
907.881, 0,0
908.052, 0,0
908.223, 0,0
908.394, 0,0
908.565, 0,0
908.735, 0,0
908.906, 0,0
909.077, 0,0
909.248, 0,0
909.419, 0,0
909.59, 0,0
909.761, 0,0
909.931, 0,0
910.102, 0,0
910.273, 0,0
910.444, 0,0
910.615, 0,0
910.786, 0,0
910.956, 0,0
911.127, 0,0
911.298, 0,0
911.469, 0,0
911.64, 0,0
911.811, 0,0
911.982, 0,0
912.152, 0,0
912.323, 0,0
912.494, 0,0
912.665, 0,0
912.836, 0,0
913.007, 0,0
913.177, 0,0
913.348, 0,0
913.519, 0,0
913.69, 0,0
913.861, 0,0
914.032, 0,0
914.203, 0,0
914.373, 0,0
914.544, 0,0
914.715, 0,0
914.886, 0,0
915.057, 0,0
915.228, 0,0
915.399, 0,0
915.569, 0,0
915.74, 0,0
915.911, 0,0
916.082, 0,0
916.253, 0,0
916.424, 0,0
916.594, 0,0
916.765, 0,0
916.936, 0,0
917.107, 0,0
917.278, 0,0
917.449, 0,0
917.62, 0,0
917.79, 0,0
917.961, 0,0
918.132, 0,0
918.303, 0,0
918.474, 0,0
918.645, 0,0
918.815, 0,0
918.986, 0,0
919.157, 0,0
919.328, 0,0
919.499, 0,0
919.67, 0,0
919.841, 0,0
920.011, 0,0
920.182, 0,0
920.353, 0,0
920.524, 0,0
920.695, 0,0
920.866, 0,0
921.036, 0,0
921.207, 0,0
921.378, 0,0
921.549, 0,0
921.72, 0,0
921.891, 0,0
922.062, 0,0
922.232, 0,0
922.403, 0,0
922.574, 0,0
922.745, 0,0
922.916, 0,0
923.087, 0,0
923.257, 0,0
923.428, 0,0
923.599, 0,0
923.77, 0,0
923.941, 0,0
924.112, 0,0
924.283, 0,0
924.453, 0,0
924.624, 0,0
924.795, 0,0
924.966, 0,0
925.137, 0,0
925.308, 0,0
925.478, 0,0
925.649, 0,0
925.82, 0,0
925.991, 0,0
926.162, 0,0
926.333, 0,0
926.504, 0,0
926.674, 0,0
926.845, 0,0
927.016, 0,0
927.187, 0,0
927.358, 0,0
927.529, 0,0
927.699, 0,0
927.87, 0,0
928.041, 0,0
928.212, 0,0
928.383, 0,0
928.554, 0,0
928.725, 0,0
928.895, 0,0
929.066, 0,0
929.237, 0,0
929.408, 0,0
929.579, 0,0
929.75, 0,0
929.921, 0,0
930.091, 0,0
930.262, 0,0
930.433, 0,0
930.604, 0,0
930.775, 0,0
930.946, 0,0
931.116, 0,0
931.287, 0,0
931.458, 0,0
931.629, 0,0
931.8, 0,0
931.971, 0,0
932.142, 0,0
932.312, 0,0
932.483, 0,0
932.654, 0,0
932.825, 0,0
932.996, 0,0
933.167, 0,0
933.337, 0,0
933.508, 0,0
933.679, 0,0
933.85, 0,0
934.021, 0,0
934.192, 0,0
934.363, 0,0
934.533, 0,0
934.704, 0,0
934.875, 0,0
935.046, 0,0
935.217, 0,0
935.388, 0,0
935.558, 0,0
935.729, 0,0
935.9, 0,0
936.071, 0,0
936.242, 0,0
936.413, 0,0
936.584, 0,0
936.754, 0,0
936.925, 0,0
937.096, 0,0
937.267, 0,0
937.438, 0,0
937.609, 0,0
937.779, 0,0
937.95, 0,0
938.121, 0,0
938.292, 0,0
938.463, 0,0
938.634, 0,0
938.805, 0,0
938.975, 0,0
939.146, 0,0
939.317, 0,0
939.488, 0,0
939.659, 0,0
939.83, 0,0
940, 0,0
940.171, 0,0
940.342, 0,0
940.513, 0,0
940.684, 0,0
940.855, 0,0
941.026, 0,0
941.196, 0,0
941.367, 0,0
941.538, 0,0
941.709, 0,0
941.88, 0,0
942.051, 0,0
942.221, 0,0
942.392, 0,0
942.563, 0,0
942.734, 0,0
942.905, 0,0
943.076, 0,0
943.247, 0,0
943.417, 0,0
943.588, 0,0
943.759, 0,0
943.93, 0,0
944.101, 0,0
944.272, 0,0
944.443, 0,0
944.613, 0,0
944.784, 0,0
944.955, 0,0
945.126, 0,0
945.297, 0,0
945.468, 0,0
945.638, 0,0
945.809, 0,0
945.98, 0,0
946.151, 0,0
946.322, 0,0
946.493, 0,0
946.664, 0,0
946.834, 0,0
947.005, 0,0
947.176, 0,0
947.347, 0,0
947.518, 0,0
947.689, 0,0
947.859, 0,0
948.03, 0,0
948.201, 0,0
948.372, 0,0
948.543, 0,0
948.714, 0,0
948.885, 0,0
949.055, 0,0
949.226, 0,0
949.397, 0,0
949.568, 0,0
949.739, 0,0
949.91, 0,0
950.08, 0,0
950.251, 0,0
950.422, 0,0
950.593, 0,0
950.764, 0,0
950.935, 0,0
951.106, 0,0
951.276, 0,0
951.447, 0,0
951.618, 0,0
951.789, 0,0
951.96, 0,0
952.131, 0,0
952.301, 0,0
952.472, 0,0
952.643, 0,0
952.814, 0,0
952.985, 0,0
953.156, 0,0
953.327, 0,0
953.497, 0,0
953.668, 0,0
953.839, 0,0
954.01, 0,0
954.181, 0,0
954.352, 0,0
954.522, 0,0
954.693, 0,0
954.864, 0,0
955.035, 0,0
955.206, 0,0
955.377, 0,0
955.548, 0,0
955.718, 0,0
955.889, 0,0
956.06, 0,0
956.231, 0,0
956.402, 0,0
956.573, 0,0
956.743, 0,0
956.914, 0,0
957.085, 0,0
957.256, 0,0
957.427, 0,0
957.598, 0,0
957.769, 0,0
957.939, 0,0
958.11, 0,0
958.281, 0,0
958.452, 0,0
958.623, 0,0
958.794, 0,0
958.965, 0,0
959.135, 0,0
959.306, 0,0
959.477, 0,0
959.648, 0,0
959.819, 0,0
959.99, 0,0
960.16, 0,0
960.331, 0,0
960.502, 0,0
960.673, 0,0
960.844, 0,0
961.015, 0,0
961.186, 0,0
961.356, 0,0
961.527, 0,0
961.698, 0,0
961.869, 0,0
962.04, 0,0
962.211, 0,0
962.381, 0,0
962.552, 0,0
962.723, 0,0
962.894, 0,0
963.065, 0,0
963.236, 0,0
963.407, 0,0
963.577, 0,0
963.748, 0,0
963.919, 0,0
964.09, 0,0
964.261, 0,0
964.432, 0,0
964.602, 0,0
964.773, 0,0
964.944, 0,0
965.115, 0,0
965.286, 0,0
965.457, 0,0
965.628, 0,0
965.798, 0,0
965.969, 0,0
966.14, 0,0
966.311, 0,0
966.482, 0,0
966.653, 0,0
966.823, 0,0
966.994, 0,0
967.165, 0,0
967.336, 0,0
967.507, 0,0
967.678, 0,0
967.849, 0,0
968.019, 0,0
968.19, 0,0
968.361, 0,0
968.532, 0,0
968.703, 0,0
968.874, 0,0
969.044, 0,0
969.215, 0,0
969.386, -0.00285337,-0.00274224
969.557, -0.00629612,0.00693591
969.728, 0.0101403,0.000563057
969.899, 0.000346642,0.000248161
970.07, -0.00402531,-0.00254627
970.24, 0.000906566,0.00494809
970.411, 0.00231356,-0.00165646
970.582, 0.00146256,-0.00367847
970.753, -0.00137689,-0.00480766
970.924, -0.00168301,0.00378978
971.095, -0.00415494,-5.33994e-05
971.265, 0.00269104,0.00459595
971.436, -0.000854623,-0.000139421
971.607, 0.0057772,-0.00276518
971.778, -0.00703781,0.00157948
971.949, 0.00357186,-0.000250096
972.12, 0.00199875,0.000929829
972.291, -0.000423342,-0.000276262
972.461, 0.00338341,-0.00597561
972.632, -0.00753072,-0.000951302
972.803, -0.00217503,0.00578129
972.974, 0.00224243,0.00175251
973.145, 0.00455939,6.43784e-06
973.316, -0.0014832,-0.00179431
973.487, -0.00128486,-0.00218204
973.657, -0.00423338,0.00533163
973.828, 0.0103635,-0.00224874
973.999, -0.000610287,-0.000862281
974.17, -0.00339562,-0.00686719
974.341, -0.00592106,0.00441811
974.512, 0.00235946,0.00270023
974.682, -0.00174688,0.00137871
974.853, 0.00362466,-0.00307587
975.024, -0.000527016,0.00135078
975.195, -0.000993373,0.00212522
975.366, 0.00595398,-0.00209672
975.537, -0.000895264,0.004765
975.708, -0.000302232,-0.0100011
975.878, -0.00169113,-0.00354013
976.049, -0.00772126,0.0123733
976.22, 0.00402143,-0.000936458
976.391, 0.00247292,-0.00355283
976.562, 0.00173778,0.00142717
976.733, -0.00449979,-0.00282189
976.903, 0.000409007,0.006274
977.074, 0.00660707,-0.00126016
977.245, -0.00219328,-0.00522308
977.416, -0.000143174,-0.00264133
977.587, -0.00136458,-2.81812e-05
977.758, -0.00875451,0.00556262
977.929, 0.00737322,0.000454686
978.099, 0.00134766,-0.00141266
978.27, 0.00323959,0.000692001
978.441, -0.00813208,-0.00129419
978.612, 0.00404968,0.00619268
978.783, 0.00615288,-0.0038645
978.954, -0.00596291,-0.00319037
979.124, 0.000849221,-0.00200427
979.295, -0.00195843,0.000709181
979.466, -0.00346844,0.00746143
979.637, 0.00497222,-0.0054244
979.808, 0.000820731,-0.00107944
979.979, -0.00378782,0.00270594
980.15, 0.00245786,0.00403945
980.32, 0.000510387,-0.00715618
980.491, 0.00534234,0.00842909
980.662, -0.00302198,-0.0126378
980.833, -0.00412623,0.00108664
981.004, -0.00281232,0.0094692
981.175, 0.00203556,-0.00355772
981.345, 0.00373001,-0.00111244
981.516, -0.00191631,-0.00277196
981.687, -0.00427413,0.00512544
981.858, 0.00488064,0.00414262
982.029, 0.00312872,-0.00604629
982.2, 0.00156765,0.0019391
982.371, -0.00603115,-0.00270385
982.541, -0.00316833,-0.00520639
982.712, 0.00406208,0.00808838
982.883, -0.00159895,-0.000759427
983.054, 0.00455188,2.68885e-05
983.225, -0.00294807,-0.00251369
983.396, -0.00305508,0.00541762
983.566, 0.00447553,-0.00111561
983.737, 0.00133777,-0.0026134
983.908, 0.00552679,-0.0033994
984.079, -0.00706944,-0.00194478
984.25, -0.00231452,0.00160231
984.421, 0.00325206,0.00174042
984.592, 0.0141412,-0.00672515
984.762, -0.0749275,-0.007263
984.933, 0.0619201,0.0500054
985.104, 0.00793898,-0.0246011
985.275, -0.00138358,-0.0067103
985.446, 0.00161848,-0.00535651
985.617, -0.00543262,-0.00440038
985.787, -0.00619915,0.000829346
985.958, -0.00403322,0.00315349
986.129, 0.00479038,0.00194747
986.3, -0.0013002,-0.00167116
986.471, -0.00346744,0.000960972
986.642, 0.00199669,-0.00273624
986.813, 0.00305607,0.0115063
986.983, -0.00235521,-0.000985617
987.154, 0.00513802,-0.0107478
987.325, -0.00057894,0.00587149
987.496, -0.00802336,-0.004736
987.667, 0.0041248,0.000842565
987.838, 0.00211144,0.00863055
988.009, -0.0010949,-0.00954339
988.179, -0.00268402,0.00365756
988.35, 0.000379588,-0.000208403
988.521, 0.00178701,0.00819479
988.692, 0.00736505,-0.0068182
988.863, -0.000141663,-0.00499238
989.034, -0.00744329,-0.000673767
989.204, -0.00259207,0.00212873
989.375, 0.00397403,0.00275895
989.546, -0.00148096,0.00129489
989.717, -0.00133661,-0.00779824
989.888, -0.00125485,0.00497936
990.059, 0.00156264,0.0051909
990.23, 0.00472263,-0.00121427
990.4, 3.03902e-05,-0.00315072
990.571, -0.000541927,-0.00402834
990.742, -0.00480326,0.00366394
990.913, -0.00276308,0.000430853
991.084, 0.00832318,0.00295848
991.255, -0.00364458,-0.00530662
991.425, -0.00010174,0.00182257
991.596, -0.00697234,0.000248795
991.767, 0.0127962,0.00715108
991.938, -0.00520962,-0.00348261
992.109, 0.0065114,-0.00581898
992.28, -0.00445279,-0.00110429
992.451, -0.00662497,0.0011206
992.621, 0.00586136,0.00245363
992.792, 0.00111318,0.00183316
992.963, -0.00308758,-0.00535293
993.134, -0.00330149,-0.00103663
993.305, 0.00262994,0.00768029
993.476, 0.000785454,0.00222161
993.646, 0.00348266,-0.00657919
993.817, -0.000435103,-0.000382802
993.988, -0.00297126,-0.00263275
994.159, -0.00165602,0.00301978
994.33, -0.000957446,0.0029931
994.501, 0.0056637,-0.00347967
994.672, -0.00288745,0.00509872
994.842, -0.00719585,-0.00492848
995.013, 0.00700284,0.00524021
995.184, 0.00483826,0.0030692
995.355, 0.00123757,-0.0102587
995.526, -0.00503825,0.0023066
995.697, 0.0013861,-0.001105
995.867, -0.00346789,0.00525367
996.038, 0.00188559,-0.00747461
996.209, 0.00364754,0.000132138
996.38, -0.0068365,0.00424305
996.551, -0.00301153,0.00022655
996.722, 0.00718871,0.00400143
996.893, 0.0023034,-0.00455716
997.063, -0.00255227,-0.00331466
997.234, -0.00211069,-0.00153129
997.405, -0.00382243,0.00254069
997.576, 0.00438616,0.00463984
997.747, -0.00111024,-0.00384166
997.918, 0.00132364,-0.00238643
998.088, -0.00847043,0.00363947
998.259, 0.00357771,0.00713554
998.43, 0.00218388,-0.00122619
998.601, 0.0076377,-0.000632494
998.772, -0.00470463,-0.00771315
998.943, -0.00294248,0.00740478
999.114, 0.0217439,-0.00160443
