0.,0.0014930508640704175
0.034482758620689655,5.687335931464751e-6
0.06896551724137931,0.000012752557839186576
0.10344827586206896,0.000025566054007638828
0.13793103448275862,0.00005956103758486211
0.1724137931034483,0.0008075246989908013
0.20689655172413793,0.0000885862292697752
0.2413793103448276,0.000047412224224301235
0.27586206896551724,0.00003497847372001382
0.3103448275862069,0.00002849293251238772
0.3448275862068966,0.00002520765075305229
0.3793103448275862,0.000022544699102763543
0.41379310344827586,0.000021136164861649264
0.4482758620689655,0.000020408967484644023
0.4827586206896552,0.00001990040942100986
0.5172413793103449,0.000020094431819028795
0.5517241379310345,0.000021888223887260905
0.5862068965517241,0.00002262381299408425
0.6206896551724138,0.0001023988082684222
0.6551724137931034,0.0002582741674324785
0.6896551724137931,0.0006588338314102509
0.7241379310344828,0.0009921209083587513
0.7586206896551724,0.0017247289843576126
0.7931034482758621,0.0020983531858119677
0.8275862068965517,0.0019750014406159197
0.8620689655172413,0.0010986434206823612
0.896551724137931,0.0008093791620063911
0.9310344827586207,0.0018218971845687167
0.9655172413793104,0.0039191371799511794
1.,0.003981521399799395
1.0344827586206897,0.002962695968629622
1.0689655172413792,0.003578054991293052
1.103448275862069,0.0025736313606108353
1.1379310344827587,0.003720249351627608
1.1724137931034482,0.0050376038661999805
1.206896551724138,0.00551292245600601
1.2413793103448276,0.0036122452900432477
1.2758620689655173,0.0017753148988222593
1.3103448275862069,0.00034331330086672296
1.3448275862068966,0.004274688936316829
1.3793103448275863,0.0078098203770006385
1.4137931034482758,0.010850111628585277
1.4482758620689655,0.014272440711085745
1.4827586206896552,0.016029317201681447
1.5172413793103448,0.0217685417939511
1.5517241379310345,0.019779221172945
1.5862068965517242,0.02063114927797735
1.6206896551724137,0.00789283963168301
1.6551724137931034,0.0022440469312079263
1.6896551724137931,0.0009852259390214675
1.7241379310344827,0.000727016741181279
1.7586206896551724,0.0020587682674521584
1.793103448275862,0.002796562317392611
1.8275862068965518,0.0020340869912765847
1.8620689655172413,0.0017198523626855845
1.896551724137931,0.0019727222906508334
1.9310344827586208,0.0017199862631813714
1.9655172413793103,0.0004889308251451665
2.,0.0005046636501242415
2.0344827586206895,0.000662553563344336
2.0689655172413794,0.001204578388223444
2.103448275862069,0.0010017287954024498
2.1379310344827585,0.0009728301756881285
2.1724137931034484,0.0009925204555707161
2.206896551724138,0.0005711763477342339
2.2413793103448274,0.0008244332047538632
2.2758620689655173,0.0007784007170733293
2.310344827586207,0.0006325960762905161
2.3448275862068964,0.00022852014604516217
2.3793103448275863,0.00014062756075236226
2.413793103448276,0.0000332323749416669
2.4482758620689653,0.00022477073363605767
2.4827586206896552,0.00035657117422922705
2.5172413793103448,0.0004696018874225896
2.5517241379310347,0.0004642149496983331
2.586206896551724,0.0005271122212780325
2.6206896551724137,0.0005135570879521833
2.6551724137931036,0.00016358270638213454
2.689655172413793,0.00013295576708816304
2.7241379310344827,0.000028032364634551623
2.7586206896551726,0.00021230018968961765
2.793103448275862,0.00039067126629738967
2.8275862068965516,0.0003421096879651186
2.8620689655172415,0.0004964159803342543
2.896551724137931,0.0004203715230124193
2.9310344827586206,0.00029121578324516317
2.9655172413793105,0.00036424092463628735
3.,0.00028951654534584663
3.0344827586206895,0.00018221647291241747
3.0689655172413794,0.0002015827032922184
3.103448275862069,0.00018610275335715636
3.1379310344827585,0.00017820737994563954
3.1724137931034484,0.00021190197862822649
3.206896551724138,0.000016183577940303495
3.2413793103448274,0.000020633298404046133
3.2758620689655173,0.0000767271123266119
3.310344827586207,0.0000645605767251699
3.3448275862068964,0.00002048480932251729
3.3793103448275863,0.00010870979634423958
3.413793103448276,0.000054555460644674215
3.4482758620689653,0.000017426459326114638
3.4827586206896552,0.00008465235633482451
3.5172413793103448,0.000016541804411294895
3.5517241379310347,0.00010198273103056219
3.586206896551724,0.00012245641375185402
3.6206896551724137,0.00013832586690386585
3.6551724137931036,0.00017940458498440839
3.689655172413793,0.0001797940845127983
3.7241379310344827,0.00016011263714829312
3.7586206896551726,0.0001969020781944031
3.793103448275862,0.00009200411163168956
3.8275862068965516,0.00012118470738826054
3.8620689655172415,0.00005352337268597569
3.896551724137931,0.00008438091603170965
3.9310344827586206,0.00015251088927906536
3.9655172413793105,0.00005725859460836002
4.,0.0001272214702889159
4.0344827586206895,0.00013329402600138562
4.068965517241379,0.0001091159900113134
4.103448275862069,0.0001715705320872668
4.137931034482759,0.0002664674372885986
4.172413793103448,0.00026834642043251306
4.206896551724138,0.0001804691671578958
4.241379310344827,0.00022244055149608132
4.275862068965517,0.00014854505086739128
4.310344827586207,0.00023934122814703098
4.344827586206897,0.0005682645806819071
4.379310344827586,0.0005480936978979786
4.413793103448276,0.0005430550431840194
4.448275862068965,0.00028540606488728493
4.482758620689655,0.00012856754346321378
4.517241379310345,0.000030758884754156256
4.551724137931035,0.000023839801373757036
4.586206896551724,0.0001156331082423485
4.620689655172414,0.00010302978513845042
4.655172413793103,0.00014241168630478525
4.689655172413793,0.0001527324472432615
4.724137931034483,0.00007756664091961001
4.758620689655173,0.000029154667063747425
4.793103448275862,0.000010475413805886772
4.827586206896552,0.000023664937303493744
4.862068965517241,0.00004881263818439503
4.896551724137931,0.00006298165046606697
4.931034482758621,0.000036655402181682774
4.9655172413793105,0.00002570707724237396
5.,6.218621459658673e-6
5.0344827586206895,5.701353086800042e-6
5.068965517241379,0.000010663037237862078
5.103448275862069,0.00003493697179749399
5.137931034482759,0.000021374576922385433
5.172413793103448,0.000025126400216165868
5.206896551724138,0.000014908110411272195
5.241379310344827,0.00003263988843444063
5.275862068965517,0.00002634024159168855
5.310344827586207,0.000021588558454333403
5.344827586206897,0.000014000701911089237
5.379310344827586,7.5293223787388615e-6
5.413793103448276,0.000012495084337613593
5.448275862068965,0.000018343253173927166
5.482758620689655,0.00002491774954412453
5.517241379310345,0.0000255155841019666
5.551724137931035,0.000016496579636299573
5.586206896551724,7.257511649577913e-6
5.620689655172414,7.024536247953297e-6
5.655172413793103,0.000015893914813754953
5.689655172413793,0.00002265876614196975
5.724137931034483,0.000021337347758832536
5.758620689655173,0.000016065595230643274
5.793103448275862,4.281883197719199e-6
5.827586206896552,5.832822692007092e-6
5.862068965517241,0.000012233875395400556
5.896551724137931,0.000014358365330414922
5.931034482758621,0.0000163466122315175
5.9655172413793105,0.00001529176045444749
6.,6.346065630656803e-6
6.0344827586206895,0.000022248293128404678
6.068965517241379,0.000025108752079632933
6.103448275862069,0.000010219539785453475
6.137931034482759,0.000010880768755558824
6.172413793103448,0.000017422236984673954
6.206896551724138,0.000015376793156105017
6.241379310344827,9.179662913612726e-6
6.275862068965517,5.115808796913394e-6
6.310344827586207,0.000010964718117350248
6.344827586206897,0.000016147189221082816
6.379310344827586,8.585677112516742e-6
6.413793103448276,2.675526448598185e-6
6.448275862068965,0.000016826568431033886
6.482758620689655,0.00001521971627736886
6.517241379310345,0.000011063496272596813
6.551724137931035,8.09319014313283e-6
6.586206896551724,7.150065560637245e-6
6.620689655172414,1.77468396987724e-6
6.655172413793103,0.000011876521304286195
6.689655172413793,0.000016362295073995294
6.724137931034483,0.000015616539916762226
6.758620689655173,8.970712921442505e-6
6.793103448275862,0.000015424901975534382
6.827586206896552,8.04601896431994e-6
6.862068965517241,5.741622570339691e-7
6.896551724137931,6.877999678024347e-6
6.931034482758621,0.000012990047204693312
6.9655172413793105,0.000016148967027472708
7.,8.962562973206296e-6
7.0344827586206895,3.2792405843651645e-6
7.068965517241379,7.957946558254152e-6
7.103448275862069,7.907552902624743e-6
7.137931034482759,7.665033365364533e-6
7.172413793103448,9.523624486613685e-6
7.206896551724138,7.964365299163426e-6
7.241379310344827,0.000012553785618452906
7.275862068965517,8.324191341906978e-6
7.310344827586207,3.6680130083516716e-6
7.344827586206897,8.818463386479776e-6
7.379310344827586,8.671942779310312e-6
7.413793103448276,0.000011564206263060305
7.448275862068965,0.000012498346799650196
7.482758620689655,0.000014136907500040458
7.517241379310345,0.000010368629510617472
7.551724137931035,3.210585257044853e-6
7.586206896551724,2.0286096379456933e-6
7.620689655172414,9.85827019435799e-6
7.655172413793103,0.000013171772358113434
7.689655172413793,8.529290904154675e-6
7.724137931034483,5.107290244817968e-6
7.758620689655173,0.000018156110388217495
7.793103448275862,0.00001817056177374665
7.827586206896552,6.405936980322691e-6
7.862068965517241,0.000018047046589974847
7.896551724137931,0.00002006877222754014
7.931034482758621,0.000020032356364222603
7.9655172413793105,4.349989854642162e-6
8.,3.368682634981293e-6
8.03448275862069,0.00001478612096047694
8.068965517241379,0.00001648921027926979
8.10344827586207,0.000010265631434403088
8.137931034482758,3.5897543851218105e-6
8.172413793103448,0.0000132896071420642
8.206896551724139,2.65967247137212e-6
8.241379310344827,2.860852742181838e-6
8.275862068965518,4.514369207429176e-6
8.310344827586206,6.674508229322909e-6
8.344827586206897,0.000015909342431839814
8.379310344827585,0.000017376178537824466
8.413793103448276,0.000010306252358738005
8.448275862068966,6.530373203748857e-6
8.482758620689655,3.946821547870075e-6
8.517241379310345,7.79018106278609e-6
8.551724137931034,5.860396253404231e-6
8.586206896551724,7.330489818882327e-6
8.620689655172415,0.000012358702588103752
8.655172413793103,0.000012912615579815018
8.689655172413794,4.550722543561517e-6
8.724137931034482,5.0549197749933575e-6
8.758620689655173,0.00001592714619143549
8.793103448275861,0.000017537692649886806
8.827586206896552,0.00001191389204738605
8.862068965517242,1.260463842303458e-6
8.89655172413793,8.129358320377755e-6
8.931034482758621,8.409376308609538e-6
8.96551724137931,1.6372626117016363e-6
9.,5.645769208124541e-6
9.03448275862069,0.00001257955957372094
9.068965517241379,0.000012947965554221523
9.10344827586207,3.828590182258436e-6
9.137931034482758,5.227628349622605e-6
9.172413793103448,9.058122570793969e-6
9.206896551724139,6.9482889545742456e-6
9.241379310344827,3.761313483925365e-6
9.275862068965518,8.580289030843758e-6
9.310344827586206,8.129675952393791e-6
9.344827586206897,6.637381467627378e-6
9.379310344827585,4.9647602711758685e-6
9.413793103448276,6.69433525766451e-6
9.448275862068966,4.756984139235671e-6
9.482758620689655,4.600690499619078e-6
9.517241379310345,6.198438735077331e-6
9.551724137931034,6.098628507138904e-6
9.586206896551724,5.572919196058043e-6
9.620689655172415,6.568520333994275e-6
9.655172413793103,7.387921098276277e-6
9.689655172413794,5.477978821560029e-6
9.724137931034482,2.7097979301274664e-6
9.758620689655173,6.189078451071192e-6
9.793103448275861,6.44691123550719e-6
9.827586206896552,5.881828188082056e-6
9.862068965517242,6.1834689501297675e-6
9.89655172413793,6.07146574504136e-6
9.931034482758621,6.016618480936774e-6
9.96551724137931,4.906982326355241e-6
10.,4.351143886482398e-6
10.03448275862069,5.367497443968931e-6
10.068965517241379,5.381359048815329e-6
10.10344827586207,6.14865318229099e-6
10.137931034482758,5.924507326467514e-6
10.172413793103448,5.187689265689109e-6
10.206896551724139,4.475454608517841e-6
10.241379310344827,6.215841208932385e-6
10.275862068965518,4.9874273887966215e-6
10.310344827586206,4.954491757205519e-6
10.344827586206897,5.67178027869118e-6
10.379310344827585,6.360394745352781e-6
10.413793103448276,4.678803488674956e-6
10.448275862068966,5.2078195579002385e-6
10.482758620689655,5.976304554679097e-6
10.517241379310345,6.214667416429528e-6
10.551724137931034,4.741126240265285e-6
10.586206896551724,3.881762483860587e-6
10.620689655172415,4.60801425406041e-6
10.655172413793103,4.9907618280291605e-6
10.689655172413794,4.598760754937088e-6
10.724137931034482,4.6530925967642696e-6
10.758620689655173,6.4562991491894395e-6
10.793103448275861,6.563119037849673e-6
10.827586206896552,6.134256792706522e-6
10.862068965517242,5.293981579481912e-6
10.89655172413793,4.6102859147271745e-6
10.931034482758621,3.846287813591493e-6
10.96551724137931,4.382265682800063e-6
11.,4.544212438061955e-6
11.03448275862069,5.724653101141717e-6
11.068965517241379,5.622262193350304e-6
11.10344827586207,5.03710195828998e-6
11.137931034482758,4.323270364851233e-6
11.172413793103448,4.780003051505576e-6
11.206896551724139,4.5223500370043716e-6
11.241379310344827,4.2662773409910045e-6
11.275862068965518,4.298052454961706e-6
11.310344827586206,5.724982571260631e-6
11.344827586206897,5.722881778785918e-6
11.379310344827585,5.298231792499956e-6
11.413793103448276,5.44472258807104e-6
11.448275862068966,5.1209956854127855e-6
11.482758620689655,4.154496728211074e-6
11.517241379310345,4.7622771302729385e-6
11.551724137931034,3.87602949934792e-6
11.586206896551724,4.231293369640494e-6
11.620689655172415,4.657263285156003e-6
11.655172413793103,5.549249533720682e-6
11.689655172413794,4.969554002424214e-6
11.724137931034482,4.350938691046745e-6
11.758620689655173,5.274480248001352e-6
11.793103448275861,5.213897289330546e-6
11.827586206896552,4.113577072534602e-6
11.862068965517242,3.4499253976109343e-6
11.89655172413793,4.302390826635586e-6
11.931034482758621,5.335285141757149e-6
11.96551724137931,4.9556820576431964e-6
12.,4.428124558022678e-6
12.03448275862069,4.6387294464578e-6
12.068965517241379,4.5049288176854145e-6
12.10344827586207,4.971234430445908e-6
12.137931034482758,4.470714207839482e-6
12.172413793103448,3.95980935330564e-6
12.206896551724139,4.185858300282004e-6
12.241379310344827,5.204349266718744e-6
12.275862068965518,4.611850445747958e-6
12.310344827586206,3.945511042115997e-6
12.344827586206897,4.188914173988756e-6
12.379310344827585,4.396889611140994e-6
12.413793103448276,4.7977559290803425e-6
12.448275862068966,4.866704515012712e-6
12.482758620689655,4.699299007384713e-6
12.517241379310345,3.6204501133814965e-6
12.551724137931034,4.1279200392496116e-6
12.586206896551724,3.904416741879448e-6
12.620689655172415,4.082234404850307e-6
12.655172413793103,4.255310415359059e-6
12.689655172413794,4.3362348874763986e-6
12.724137931034482,4.368243636890542e-6
12.758620689655173,4.33830803886767e-6
12.793103448275861,4.266201938934282e-6
12.827586206896552,4.316502559365817e-6
12.862068965517242,3.980165808589426e-6
12.89655172413793,4.538147644073659e-6
12.931034482758621,5.14331795124189e-6
12.96551724137931,3.903166877877605e-6
13.,3.914962721318762e-6
13.03448275862069,4.716712578975218e-6
13.068965517241379,4.6038235675860565e-6
13.10344827586207,3.845791401399267e-6
13.137931034482758,3.5832265310646477e-6
13.172413793103448,4.365476370904502e-6
13.206896551724139,5.178051683701302e-6
13.241379310344827,3.4687491002535967e-6
13.275862068965518,3.046174611342307e-6
13.310344827586206,4.115161743011143e-6
13.344827586206897,5.068439900826695e-6
13.379310344827585,4.002407398152002e-6
13.413793103448276,4.4709791219296085e-6
13.448275862068966,4.0091606129999964e-6
13.482758620689655,3.830847064814334e-6
13.517241379310345,3.8773414026066045e-6
13.551724137931034,3.6555369421783923e-6
13.586206896551724,3.7191696160617506e-6
13.620689655172415,4.482194034135254e-6
13.655172413793103,4.724967334515153e-6
13.689655172413794,3.7865736024264252e-6
13.724137931034482,3.5147779379674087e-6
13.758620689655173,3.966366283656879e-6
13.793103448275861,4.395852777534279e-6
13.827586206896552,3.7651081599430245e-6
13.862068965517242,3.7674119360940637e-6
13.89655172413793,4.370353428138472e-6
13.931034482758621,4.554613451112643e-6
13.96551724137931,3.5960302920815533e-6
14.,3.5967450177099673e-6
14.03448275862069,3.936012945889869e-6
14.068965517241379,3.606898143313345e-6
14.10344827586207,3.995951810255806e-6
14.137931034482758,3.933140965375277e-6
14.172413793103448,4.220841002349559e-6
14.206896551724139,3.944829527294731e-6
14.241379310344827,3.5575431199721034e-6
14.275862068965518,3.5569984113177914e-6
14.310344827586206,3.925201626843769e-6
14.344827586206897,3.9908482860101365e-6
14.379310344827585,3.7511623853595045e-6
14.413793103448276,3.7388484969352686e-6
14.448275862068966,3.810849609707262e-6
14.482758620689655,3.844057430751329e-6
14.517241379310345,3.4097235644901548e-6
14.551724137931034,3.6809836507568097e-6
14.586206896551724,3.977407145710811e-6
14.620689655172415,3.7483236889757702e-6
14.655172413793103,3.6629171631225163e-6
14.689655172413794,3.722448573142172e-6
14.724137931034482,3.906225071323476e-6
14.758620689655173,3.873744076687567e-6
14.793103448275861,3.52352638190161e-6
14.827586206896552,3.509380325683673e-6
14.862068965517242,3.8082336177439085e-6
14.89655172413793,3.959508997922313e-6
14.931034482758621,3.703518629661354e-6
14.96551724137931,3.4505524013425944e-6
15.,3.50785273963009e-6
15.03448275862069,3.6962082844000844e-6
15.068965517241379,3.653541223466959e-6
15.10344827586207,3.513672260847013e-6
15.137931034482758,3.573014442846527e-6
15.172413793103448,3.6380158248697804e-6
15.206896551724139,3.423248542683581e-6
15.241379310344827,3.5630674416229645e-6
15.275862068965518,3.4618703951623242e-6
15.310344827586206,3.53876190096289e-6
15.344827586206897,3.638869301177926e-6
15.379310344827585,3.508020877655883e-6
15.413793103448276,3.5983781663702067e-6
15.448275862068966,3.666809581447573e-6
15.482758620689655,3.634053273867466e-6
15.517241379310345,3.4336754158879304e-6
15.551724137931034,3.464946805305142e-6
15.586206896551724,3.604639172826785e-6
15.620689655172415,3.4924264352004123e-6
15.655172413793103,3.410503122851779e-6
15.689655172413794,3.4231037702175945e-6
15.724137931034482,3.5218893756780823e-6
15.758620689655173,3.4970490629559576e-6
15.793103448275861,3.435140400008836e-6
15.827586206896552,3.4084797705718207e-6
15.862068965517242,3.406789343913426e-6
15.89655172413793,3.4563245044170157e-6
15.931034482758621,3.3804779958921226e-6
15.96551724137931,3.390943520039173e-6
16.,3.4605372012714253e-6
16.03448275862069,3.3845001750974213e-6
16.06896551724138,3.4023883949812134e-6
16.103448275862068,3.2995812155466593e-6
16.137931034482758,3.356106092314262e-6
16.17241379310345,3.425341992777583e-6
16.20689655172414,3.4393086628675935e-6
16.24137931034483,3.3952583791722118e-6
16.275862068965516,3.3106686009619918e-6
16.310344827586206,3.3989411390245305e-6
16.344827586206897,3.4172433675292507e-6
16.379310344827587,3.2285077937235507e-6
16.413793103448278,3.1948746550609734e-6
16.448275862068964,3.3515084571253953e-6
16.482758620689655,3.3538665296191237e-6
16.517241379310345,3.2790634957109333e-6
16.551724137931036,3.2676344023369416e-6
16.586206896551722,3.2654060767329174e-6
16.620689655172413,3.3282134622552585e-6
16.655172413793103,3.3081103049837494e-6
16.689655172413794,3.2646775313579372e-6
16.724137931034484,3.2301341019045924e-6
16.75862068965517,3.2094356872491006e-6
16.79310344827586,3.2336918086115963e-6
16.82758620689655,3.17288578658334e-6
16.862068965517242,3.2607012515750544e-6
16.896551724137932,3.281024064077608e-6
16.93103448275862,3.2260353080542667e-6
16.96551724137931,3.1696177713219135e-6
17.,3.2303211345217846e-6
17.03448275862069,3.2818216393661142e-6
17.06896551724138,3.1528906687290725e-6
17.103448275862068,3.122090642601374e-6
17.137931034482758,3.1903954565003665e-6
17.17241379310345,3.266388509825401e-6
17.20689655172414,3.1822835778331107e-6
17.24137931034483,3.0896785739388737e-6
17.275862068965516,3.1561976463142036e-6
17.310344827586206,3.170901885814867e-6
17.344827586206897,3.1202004758004473e-6
17.379310344827587,3.0997888217546856e-6
17.413793103448278,3.109611027950651e-6
17.448275862068964,3.171757683696356e-6
17.482758620689655,3.124892028072328e-6
17.517241379310345,3.065258227897702e-6
17.551724137931036,3.0722010919069155e-6
17.586206896551722,3.1030610831485128e-6
17.620689655172413,3.139928960326175e-6
17.655172413793103,3.0771967312245332e-6
17.689655172413794,3.025824957115819e-6
17.724137931034484,3.0958799179584108e-6
17.75862068965517,3.1327180604795223e-6
17.79310344827586,3.086869096542007e-6
17.82758620689655,3.027864803083753e-6
17.862068965517242,3.0628029919042366e-6
17.896551724137932,3.0838885817898152e-6
17.93103448275862,3.032297173362181e-6
17.96551724137931,2.9624676670773525e-6
18.,3.007664884720493e-6
18.03448275862069,3.045196830375235e-6
18.06896551724138,3.054070549309638e-6
18.103448275862068,3.0082126219382616e-6
18.137931034482758,3.000221522262058e-6
18.17241379310345,2.9806943626607617e-6
18.20689655172414,2.941473753029164e-6
18.24137931034483,2.9871966478006094e-6
18.275862068965516,3.025551872046408e-6
18.310344827586206,2.966917715102572e-6
18.344827586206897,2.9772323929942196e-6
18.379310344827587,2.9867204112341446e-6
18.413793103448278,2.9496471511090247e-6
18.448275862068964,2.9479711820359483e-6
18.482758620689655,2.9453905790862483e-6
18.517241379310345,2.9167837749311187e-6
18.551724137931036,2.903903909796208e-6
18.586206896551722,2.936175250283592e-6
18.620689655172413,2.9365471771483037e-6
18.655172413793103,2.9128074553567118e-6
18.689655172413794,2.9620318506152287e-6
18.724137931034484,2.955527588175769e-6
18.75862068965517,2.8956972720074165e-6
18.79310344827586,2.876432962167531e-6
18.82758620689655,2.8760429146279895e-6
18.862068965517242,2.860538217728052e-6
18.896551724137932,2.849939379533874e-6
18.93103448275862,2.870841450070453e-6
18.96551724137931,2.869405189154633e-6
19.,2.8670511472796195e-6
19.03448275862069,2.912186186621437e-6
19.06896551724138,2.8909937707696387e-6
19.103448275862068,2.855388121208604e-6
19.137931034482758,2.8781625007240664e-6
19.17241379310345,2.8666485750337097e-6
19.20689655172414,2.8314883962705836e-6
19.24137931034483,2.7999968289116508e-6
19.275862068965516,2.8213410907010567e-6
19.310344827586206,2.8120674121203275e-6
19.344827586206897,2.7797141658942125e-6
19.379310344827587,2.789539312519259e-6
19.413793103448278,2.7946608420095915e-6
19.448275862068964,2.8260508455832807e-6
19.482758620689655,2.826995002703439e-6
19.517241379310345,2.7986892102154763e-6
19.551724137931036,2.806423213813027e-6
19.586206896551722,2.8068873364189264e-6
19.620689655172413,2.8025279409156655e-6
19.655172413793103,2.7673722047158893e-6
19.689655172413794,2.748473195956264e-6
19.724137931034484,2.760455009858965e-6
19.75862068965517,2.7459764259654058e-6
19.79310344827586,2.733620421638295e-6
19.82758620689655,2.7415342271361043e-6
19.862068965517242,2.766923974914077e-6
19.896551724137932,2.7782847823568196e-6
19.93103448275862,2.7467678479691574e-6
19.96551724137931,2.7423571654117344e-6
20.,2.7420723799882717e-6
20.03448275862069,2.727539975938372e-6
20.06896551724138,2.705675722064866e-6
20.103448275862068,2.6946031343154352e-6
20.137931034482758,2.6943709450206955e-6
20.17241379310345,2.6906066029489862e-6
20.20689655172414,2.696956313805582e-6
20.24137931034483,2.702929041371951e-6
20.275862068965516,2.69526165328541e-6
20.310344827586206,2.700522068668534e-6
20.344827586206897,2.7054317156942044e-6
20.379310344827587,2.688469080819352e-6
20.413793103448278,2.6752624818692597e-6
20.448275862068964,2.6902089182262167e-6
20.482758620689655,2.6722673996056123e-6
20.517241379310345,2.6494294857212482e-6
20.551724137931036,2.6512689409468603e-6
20.586206896551722,2.66055721944276e-6
20.620689655172413,2.652432947097412e-6
20.655172413793103,2.637452756888481e-6
20.689655172413794,2.6492566089770562e-6
20.724137931034484,2.644359045184078e-6
20.75862068965517,2.6343339394502724e-6
20.79310344827586,2.623429419005535e-6
20.82758620689655,2.6197626575974075e-6
20.862068965517242,2.6243961912149897e-6
20.896551724137932,2.6213770621816263e-6
20.93103448275862,2.6076471319135566e-6
20.96551724137931,2.602955606813572e-6
21.,2.6063384729158257e-6
21.03448275862069,2.5987787813363843e-6
21.06896551724138,2.592966053118202e-6
21.103448275862068,2.594393331275511e-6
21.137931034482758,2.6001119038443317e-6
21.17241379310345,2.5934876294611986e-6
21.20689655172414,2.582139744997477e-6
21.24137931034483,2.5763455151709976e-6
21.275862068965516,2.5732228246985764e-6
21.310344827586206,2.5671877679502583e-6
21.344827586206897,2.5576736168738717e-6
21.379310344827587,2.5609119054814444e-6
21.413793103448278,2.559973259220155e-6
21.448275862068964,2.5521839645674182e-6
21.482758620689655,2.549016359501654e-6
21.517241379310345,2.5439392593063232e-6
21.551724137931036,2.5423838702450074e-6
21.586206896551722,2.5384842246685016e-6
21.620689655172413,2.5355968078503278e-6
21.655172413793103,2.5337948858230413e-6
21.689655172413794,2.5291463991967254e-6
21.724137931034484,2.522921797357237e-6
21.75862068965517,2.5168456353202346e-6
21.79310344827586,2.5099338369546593e-6
21.82758620689655,2.5097140558513635e-6
21.862068965517242,2.5095733941858834e-6
21.896551724137932,2.503714933479812e-6
21.93103448275862,2.495973137613101e-6
21.96551724137931,2.4940142306814223e-6
22.,2.495295474594545e-6
22.03448275862069,2.4873715037582645e-6
22.06896551724138,2.4821976848246507e-6
22.103448275862068,2.4841182672083273e-6
22.137931034482758,2.4797620737349704e-6
22.17241379310345,2.4739925367797827e-6
22.20689655172414,2.4664252210635128e-6
22.24137931034483,2.4643171109853855e-6
22.275862068965516,2.462386961853963e-6
22.310344827586206,2.4592325407239167e-6
22.344827586206897,2.4561759436462717e-6
22.379310344827587,2.454804735735802e-6
22.413793103448278,2.4507843957853204e-6
22.448275862068964,2.4457765536909145e-6
22.482758620689655,2.442095783412885e-6
22.517241379310345,2.437927547234791e-6
22.551724137931036,2.4319600848101178e-6
22.586206896551722,2.4307135394603022e-6
22.620689655172413,2.4280637925053306e-6
22.655172413793103,2.4230048913901328e-6
22.689655172413794,2.417944451790041e-6
22.724137931034484,2.416354394003491e-6
22.75862068965517,2.413826783146374e-6
22.79310344827586,2.4084411463017496e-6
22.82758620689655,2.4056312401742712e-6
22.862068965517242,2.4029017929237403e-6
22.896551724137932,2.3994316578480907e-6
22.93103448275862,2.394469886096221e-6
22.96551724137931,2.394142492855898e-6
23.,2.390352326851623e-6
23.03448275862069,2.3858930101000174e-6
23.06896551724138,2.3824355695555672e-6
23.103448275862068,2.3782267352951864e-6
23.137931034482758,2.3746534613072413e-6
23.17241379310345,2.373053268467581e-6
23.20689655172414,2.3715188493142502e-6
23.24137931034483,2.3661903449757875e-6
23.275862068965516,2.360145175420337e-6
23.310344827586206,2.3601367521391412e-6
23.344827586206897,2.3559836232121076e-6
23.379310344827587,2.3540372617852146e-6
23.413793103448278,2.349633650737954e-6
23.448275862068964,2.3451109796706603e-6
23.482758620689655,2.3436479466756337e-6
23.517241379310345,2.3392026087017237e-6
23.551724137931036,2.3322081463101792e-6
23.586206896551722,2.3326153683882606e-6
23.620689655172413,2.330743264059176e-6
23.655172413793103,2.326612949566696e-6
23.689655172413794,2.324465148205983e-6
23.724137931034484,2.3220818039869864e-6
23.75862068965517,2.31858142216089e-6
23.79310344827586,2.3138248661148377e-6
23.82758620689655,2.311172924901388e-6
23.862068965517242,2.3061687026858534e-6
23.896551724137932,2.303078427402274e-6
23.93103448275862,2.30178505114056e-6
23.96551724137931,2.297502903495191e-6
24.,2.2947026364985594e-6
24.03448275862069,2.2921695158405857e-6
24.06896551724138,2.2896833497910093e-6
24.103448275862068,2.2858182576311592e-6
24.137931034482758,2.2819077923143013e-6
24.17241379310345,2.2801770468617406e-6
24.20689655172414,2.2768385763038334e-6
24.24137931034483,2.2729507173220893e-6
24.275862068965516,2.2706779929625656e-6
24.310344827586206,2.266882271352498e-6
24.344827586206897,2.2622065638688723e-6
24.379310344827587,2.2602377555302454e-6
24.413793103448278,2.2587339867113073e-6
24.448275862068964,2.2564548854851195e-6
24.482758620689655,2.2521564310239865e-6
24.517241379310345,2.2485596560322115e-6
24.551724137931036,2.2455724331912334e-6
24.586206896551722,2.24326983518242e-6
24.620689655172413,2.2393674923458714e-6
24.655172413793103,2.235638762732078e-6
24.689655172413794,2.2344616842276743e-6
24.724137931034484,2.232491472733334e-6
24.75862068965517,2.228730975178223e-6
24.79310344827586,2.224699072919561e-6
24.82758620689655,2.2215697624319447e-6
24.862068965517242,2.2189624317344496e-6
24.896551724137932,2.215668768148241e-6
24.93103448275862,2.2127578439540605e-6
24.96551724137931,2.210634159975643e-6
25.,2.207283531298394e-6
25.03448275862069,2.2045905306411745e-6
25.06896551724138,2.201854273763574e-6
25.103448275862068,2.1993372041303153e-6
25.137931034482758,2.196069213508117e-6
25.17241379310345,2.193189928952692e-6
25.20689655172414,2.1909323635326637e-6
25.24137931034483,2.1883980416509318e-6
25.275862068965516,2.1842813920392323e-6
25.310344827586206,2.180230364486697e-6
25.344827586206897,2.1789576651217714e-6
25.379310344827587,2.176926223836626e-6
25.413793103448278,2.1735133094200342e-6
25.448275862068964,2.1700312362069007e-6
25.482758620689655,2.1686778986119294e-6
25.517241379310345,2.1666548714908313e-6
25.551724137931036,2.162458985581255e-6
25.586206896551722,2.1579143653956296e-6
25.620689655172413,2.1560434153496127e-6
25.655172413793103,2.154700062097282e-6
25.689655172413794,2.1521182815164244e-6
25.724137931034484,2.148904249217941e-6
25.75862068965517,2.146556304494082e-6
25.79310344827586,2.143779102306642e-6
25.82758620689655,2.13980051751994e-6
25.862068965517242,2.1373655082056243e-6
25.896551724137932,2.136073255754997e-6
25.93103448275862,2.132557140322764e-6
25.96551724137931,2.1291278894696894e-6
26.,2.1272824524172898e-6
26.03448275862069,2.1228412968093642e-6
26.06896551724138,2.123679666614104e-6
26.103448275862068,2.1190960310243906e-6
26.137931034482758,2.116603633544897e-6
26.17241379310345,2.1151187023174923e-6
26.20689655172414,2.112879313531461e-6
26.24137931034483,2.109554225527937e-6
26.275862068965516,2.1056936802128555e-6
26.310344827586206,2.1028025395188217e-6
26.344827586206897,2.100079854216084e-6
26.379310344827587,2.0983860445635673e-6
26.413793103448278,2.0951715921444536e-6
26.448275862068964,2.0936424843491335e-6
26.482758620689655,2.0931330153293395e-6
26.517241379310345,2.088849577215348e-6
26.551724137931036,2.0857043069267645e-6
26.586206896551722,2.0834186937938352e-6
26.620689655172413,2.081208964870522e-6
26.655172413793103,2.078209550174352e-6
26.689655172413794,2.075884143435017e-6
26.724137931034484,2.0731736323324206e-6
26.75862068965517,2.070589114323584e-6
26.79310344827586,2.068650017100724e-6
26.82758620689655,2.0660626293814933e-6
26.862068965517242,2.062620901153e-6
26.896551724137932,2.0612687270884677e-6
26.93103448275862,2.0590978008092925e-6
26.96551724137931,2.0560931356029243e-6
27.,2.053544907619565e-6
27.03448275862069,2.05050185090925e-6
27.06896551724138,2.048579071908024e-6
27.103448275862068,2.0464891734791397e-6
27.137931034482758,2.0437734768630746e-6
27.17241379310345,2.0413619679609172e-6
27.20689655172414,2.039711088867274e-6
27.24137931034483,2.037299155030928e-6
27.275862068965516,2.0341092150373514e-6
27.310344827586206,2.032230557841429e-6
27.344827586206897,2.030461162423651e-6
27.379310344827587,2.0278596699277647e-6
27.413793103448278,2.024512195311714e-6
27.448275862068964,2.0230588783862736e-6
27.482758620689655,2.021565884206704e-6
27.517241379310345,2.0180484789454424e-6
27.551724137931036,2.0158525923818785e-6
27.586206896551722,2.013187449557538e-6
27.620689655172413,2.0100001549375606e-6
27.655172413793103,2.0077459682396186e-6
27.689655172413794,2.0058404183471774e-6
27.724137931034484,2.003283164921781e-6
27.75862068965517,2.0018871399606517e-6
27.79310344827586,2.000751632865371e-6
27.82758620689655,1.998714323133163e-6
27.862068965517242,1.9954075589348157e-6
27.896551724137932,1.9915855030979015e-6
27.93103448275862,1.9896809410405597e-6
27.96551724137931,1.989500228315456e-6
28.,1.985719512904343e-6
28.03448275862069,1.9826550935117846e-6
28.06896551724138,1.9824243014949373e-6
28.103448275862068,1.980518892621738e-6
28.137931034482758,1.976546605229566e-6
28.17241379310345,1.9742277542332116e-6
28.20689655172414,1.9737964488471e-6
28.24137931034483,1.9717189170172693e-6
28.275862068965516,1.9693339535992315e-6
28.310344827586206,1.9663255964542365e-6
28.344827586206897,1.9631980668105293e-6
28.379310344827587,1.960726300842082e-6
28.413793103448278,1.959205996968686e-6
28.448275862068964,1.956773195071012e-6
28.482758620689655,1.9552793625669107e-6
28.517241379310345,1.953035801449991e-6
28.551724137931036,1.9512575968859268e-6
28.586206896551722,1.948660704528565e-6
28.620689655172413,1.9454422974531356e-6
28.655172413793103,1.946000163907754e-6
28.689655172413794,1.9442227932792794e-6
28.724137931034484,1.940693088276892e-6
28.75862068965517,1.9389619479114584e-6
28.79310344827586,1.936960165712437e-6
28.82758620689655,1.933547966183836e-6
28.862068965517242,1.9294497876897626e-6
28.896551724137932,1.92706049410388e-6
28.93103448275862,1.9278796075749313e-6
28.96551724137931,1.9264352673180296e-6
29.,1.9234959400035423e-6
29.03448275862069,1.920666025408864e-6
29.06896551724138,1.9221940119518444e-6
29.103448275862068,1.918967151567069e-6
29.137931034482758,1.913745454576382e-6
29.17241379310345,1.912350513853323e-6
29.20689655172414,1.9153414331223225e-6
29.24137931034483,1.9098414296815496e-6
29.275862068965516,1.906848364610515e-6
29.310344827586206,1.9032722968707214e-6
29.344827586206897,1.903358557653115e-6
29.379310344827587,1.9025169353304861e-6
29.413793103448278,1.8982318632326225e-6
29.448275862068964,1.8972151068151557e-6
29.482758620689655,1.897991594879186e-6
29.517241379310345,1.8951494647531107e-6
29.551724137931036,1.8889133425155292e-6
29.586206896551722,1.8884938193352102e-6
29.620689655172413,1.8875075755182205e-6
29.655172413793103,1.881921523142223e-6
29.689655172413794,1.8797248542713162e-6
29.724137931034484,1.879917339039224e-6
29.75862068965517,1.8781708656364484e-6
29.79310344827586,1.8771587734803e-6
29.82758620689655,1.8771658494585139e-6
29.862068965517242,1.8754164898961112e-6
29.896551724137932,1.874614654979285e-6
29.93103448275862,1.8725662699620393e-6
29.96551724137931,1.868915531139994e-6
30.,1.8642525381160506e-6
30.03448275862069,1.8624640729120695e-6
30.06896551724138,1.861052580843393e-6
30.103448275862068,1.8566716630131927e-6
30.137931034482758,1.8533326236944556e-6
30.17241379310345,1.8553117031590536e-6
30.20689655172414,1.8562945249601084e-6
30.24137931034483,1.855141299162574e-6
30.275862068965516,1.8509200068940425e-6
30.310344827586206,1.8497124982282375e-6
30.344827586206897,1.8485998913160988e-6
30.379310344827587,1.8436974400528583e-6
30.413793103448278,1.840316246093613e-6
30.448275862068964,1.8381497406854411e-6
30.482758620689655,1.8378785605412883e-6
30.517241379310345,1.8355408799462141e-6
30.551724137931036,1.8316430017916272e-6
30.586206896551722,1.8335893272525188e-6
30.620689655172413,1.8328540626628629e-6
30.655172413793103,1.833032065871594e-6
30.689655172413794,1.830141669787402e-6
30.724137931034484,1.825532992133814e-6
30.75862068965517,1.8266779113758366e-6
30.79310344827586,1.8239148102127202e-6
30.82758620689655,1.8187660335708233e-6
30.862068965517242,1.8160433877589555e-6
30.896551724137932,1.8160889361215799e-6
30.93103448275862,1.8135783715159872e-6
30.96551724137931,1.8088197801828932e-6
31.,1.8101450486333477e-6
31.03448275862069,1.8096921532796768e-6
31.06896551724138,1.8075032792587038e-6
31.103448275862068,1.8076164867689553e-6
31.137931034482758,1.8062920836692517e-6
31.17241379310345,1.8039383039435603e-6
31.20689655172414,1.8017860631986165e-6
31.24137931034483,1.8001901494001122e-6
31.275862068965516,1.7961211574791435e-6
31.310344827586206,1.791057795491225e-6
31.344827586206897,1.792689262574161e-6
31.379310344827587,1.7921135509399717e-6
31.413793103448278,1.7888012844128703e-6
31.448275862068964,1.7885818212268614e-6
31.482758620689655,1.78834861574299e-6
31.517241379310345,1.7851857068824081e-6
31.551724137931036,1.7826897308175656e-6
31.586206896551722,1.781412463812397e-6
31.620689655172413,1.7782911629693137e-6
31.655172413793103,1.7768070932478495e-6
31.689655172413794,1.7757677151522022e-6
31.724137931034484,1.772024240684792e-6
31.75862068965517,1.7723027463159865e-6
31.79310344827586,1.773065285236809e-6
31.82758620689655,1.7692338932330668e-6
31.862068965517242,1.767474708521553e-6
31.896551724137932,1.7668887766370187e-6
31.93103448275862,1.7612264042640352e-6
31.96551724137931,1.7633792203824412e-6
32.,1.758685183293904e-6
32.03448275862069,1.7592272751554818e-6
32.06896551724138,1.761186432394278e-6
32.10344827586207,1.7546711155013294e-6
32.13793103448276,1.7523361383744292e-6
32.172413793103445,1.75287988647865e-6
32.206896551724135,1.7521172843363324e-6
32.241379310344826,1.7451179228736794e-6
32.275862068965516,1.7435835521389968e-6
32.310344827586206,1.7486813164757893e-6
32.3448275862069,1.744800105651489e-6
32.37931034482759,1.7408041091314927e-6
32.41379310344828,1.738550439534092e-6
32.44827586206897,1.7397230054692376e-6
32.48275862068966,1.7388412155063706e-6
32.51724137931034,1.7366739658512517e-6
32.55172413793103,1.7326561840494437e-6
32.58620689655172,1.7318383061926394e-6
32.62068965517241,1.7320645568958602e-6
32.6551724137931,1.7296324665319034e-6
32.689655172413794,1.7271644280939583e-6
32.724137931034484,1.7249712221656945e-6
32.758620689655174,1.72645977543369e-6
32.793103448275865,1.7236096089009113e-6
32.827586206896555,1.717066997055419e-6
32.86206896551724,1.718060470896806e-6
32.89655172413793,1.7200428434601497e-6
32.93103448275862,1.718675918962639e-6
32.96551724137931,1.711958619189361e-6
33.,1.7104545479628524e-6
33.03448275862069,1.712959038939213e-6
33.06896551724138,1.7101383119546753e-6
33.10344827586207,1.7066553638071297e-6
33.13793103448276,1.7058273835073968e-6
33.172413793103445,1.7068727767154873e-6
33.206896551724135,1.70437126663883e-6
33.241379310344826,1.7027162190604465e-6
33.275862068965516,1.7016603117542677e-6
33.310344827586206,1.6998161021706722e-6
33.3448275862069,1.6952816765376227e-6
33.37931034482759,1.6939241948765333e-6
33.41379310344828,1.6944543001676063e-6
33.44827586206897,1.6937655940456569e-6
33.48275862068966,1.6917909852397667e-6
33.51724137931034,1.6885392681766925e-6
33.55172413793103,1.6871438672350507e-6
33.58620689655172,1.6896624384357307e-6
33.62068965517241,1.6877662189718913e-6
33.6551724137931,1.6806468443879662e-6
33.689655172413794,1.6800768324816952e-6
33.724137931034484,1.680945974135448e-6
33.758620689655174,1.6779171603085807e-6
33.793103448275865,1.675891749395776e-6
33.827586206896555,1.675156228667379e-6
33.86206896551724,1.6759970523543592e-6
33.89655172413793,1.6749484797166933e-6
33.93103448275862,1.6712978580206935e-6
33.96551724137931,1.6699952067450903e-6
34.,1.6672427764731772e-6
34.03448275862069,1.6679167755943483e-6
34.06896551724138,1.6667382509569767e-6
34.10344827586207,1.6637128735451198e-6
34.13793103448276,1.6633315270899294e-6
34.172413793103445,1.6621292844803196e-6
34.206896551724135,1.6593385811114765e-6
34.241379310344826,1.6568136040939497e-6
34.275862068965516,1.6559540775574462e-6
34.310344827586206,1.657173597571042e-6
34.3448275862069,1.655200678062862e-6
34.37931034482759,1.651428225593008e-6
34.41379310344828,1.6490651695995329e-6
34.44827586206897,1.6507457542443344e-6
34.48275862068966,1.6486193435155453e-6
34.51724137931034,1.6437653062988404e-6
34.55172413793103,1.6440888529200248e-6
34.58620689655172,1.6448053722413395e-6
34.62068965517241,1.6440001470192379e-6
34.6551724137931,1.6404258079347162e-6
34.689655172413794,1.6418141738850706e-6
34.724137931034484,1.640421656201723e-6
34.758620689655174,1.6374593299524383e-6
34.793103448275865,1.6372382858131877e-6
34.827586206896555,1.6327108026974222e-6
34.86206896551724,1.6334763022027379e-6
34.89655172413793,1.6317230410716478e-6
34.93103448275862,1.6287531586393569e-6
34.96551724137931,1.628146218703347e-6
35.,1.6290625452906716e-6
35.03448275862069,1.6264343951232667e-6
35.06896551724138,1.621261293439957e-6
35.10344827586207,1.6201176423188916e-6
35.13793103448276,1.6232226850589258e-6
35.172413793103445,1.6221146494674372e-6
35.206896551724135,1.6181872729332486e-6
35.241379310344826,1.6146336750659685e-6
35.275862068965516,1.6167888851134954e-6
35.310344827586206,1.6160621725369321e-6
35.3448275862069,1.613298549098187e-6
35.37931034482759,1.6120002374671513e-6
35.41379310344828,1.6108097787583058e-6
35.44827586206897,1.6115595766514916e-6
35.48275862068966,1.609081163389903e-6
35.51724137931034,1.6058784672064394e-6
35.55172413793103,1.606090319381818e-6
35.58620689655172,1.604201706754219e-6
35.62068965517241,1.6022879403200355e-6
35.6551724137931,1.601145965623787e-6
35.689655172413794,1.6011541505384249e-6
35.724137931034484,1.6002319757837304e-6
35.758620689655174,1.5962147514039565e-6
35.793103448275865,1.5936461009114793e-6
35.827586206896555,1.5933562467214963e-6
35.86206896551724,1.5944692701002305e-6
35.89655172413793,1.5929366217511694e-6
35.93103448275862,1.5911433127308807e-6
35.96551724137931,1.5891833816746462e-6
36.,1.5898726157685273e-6
36.03448275862069,1.5856771185474576e-6
36.06896551724138,1.5827558626328557e-6
36.10344827586207,1.584771244208653e-6
36.13793103448276,1.5849187243848272e-6
36.172413793103445,1.5805448787916117e-6
36.206896551724135,1.5801603012681133e-6
36.241379310344826,1.5806973895266905e-6
36.275862068965516,1.578720072565634e-6
36.310344827586206,1.5747234022082783e-6
36.3448275862069,1.5730370485799556e-6
36.37931034482759,1.575625497074326e-6
36.41379310344828,1.5753370570307522e-6
36.44827586206897,1.5719983752114407e-6
36.48275862068966,1.5690711962298132e-6
36.51724137931034,1.5685991667325328e-6
36.55172413793103,1.567317444701891e-6
36.58620689655172,1.564692757515717e-6
36.62068965517241,1.5650513992371411e-6
36.6551724137931,1.5639236287575726e-6
36.689655172413794,1.5657020760481013e-6
36.724137931034484,1.562186676518399e-6
36.758620689655174,1.5585553453741557e-6
36.793103448275865,1.5567458057646904e-6
36.827586206896555,1.5586356369538867e-6
36.86206896551724,1.556888214670422e-6
36.89655172413793,1.554805143892102e-6
36.93103448275862,1.5527111260177865e-6
36.96551724137931,1.5526644980048818e-6
37.,1.5524237675450306e-6
37.03448275862069,1.550114946112594e-6
37.06896551724138,1.5470675659916659e-6
37.10344827586207,1.5486918873255518e-6
37.13793103448276,1.5483020116992493e-6
37.172413793103445,1.5451577558061327e-6
37.206896551724135,1.5443736584009017e-6
37.241379310344826,1.5434481703558525e-6
37.275862068965516,1.5419961687198233e-6
37.310344827586206,1.5408583707488651e-6
37.3448275862069,1.5399309512090496e-6
37.37931034482759,1.5384988184881223e-6
37.41379310344828,1.537648819020372e-6
37.44827586206897,1.5358578639468995e-6
37.48275862068966,1.5342384910924372e-6
37.51724137931034,1.5314999769196713e-6
37.55172413793103,1.5317442036510738e-6
37.58620689655172,1.531302656437261e-6
37.62068965517241,1.530643395551397e-6
37.6551724137931,1.529171996078054e-6
37.689655172413794,1.5272835407940622e-6
37.724137931034484,1.5253989880850594e-6
37.758620689655174,1.5253678264731276e-6
37.793103448275865,1.525513429033765e-6
37.827586206896555,1.5223707266503027e-6
37.86206896551724,1.5210554600752393e-6
37.89655172413793,1.5203487886326794e-6
37.93103448275862,1.5198736745364502e-6
37.96551724137931,1.518033459825066e-6
38.,1.5175932537982505e-6
38.03448275862069,1.5151881489998596e-6
38.06896551724138,1.5158263229428423e-6
38.10344827586207,1.5156395393090348e-6
38.13793103448276,1.5125026166807215e-6
38.172413793103445,1.5090049469571153e-6
38.206896551724135,1.5088987723966525e-6
38.241379310344826,1.5099165159046e-6
38.275862068965516,1.508228553733406e-6
38.310344827586206,1.506072384453605e-6
38.3448275862069,1.5068407048965725e-6
38.37931034482759,1.5057941055941163e-6
38.41379310344828,1.5040203680810101e-6
38.44827586206897,1.5011533627441063e-6
38.48275862068966,1.5003701360500168e-6
38.51724137931034,1.4993243907986372e-6
38.55172413793103,1.497675716921113e-6
38.58620689655172,1.498590489999135e-6
38.62068965517241,1.4972354997293622e-6
38.6551724137931,1.4967997289550446e-6
38.689655172413794,1.4959741697485225e-6
38.724137931034484,1.493688172864054e-6
38.758620689655174,1.4909500403377974e-6
38.793103448275865,1.4906752339399074e-6
38.827586206896555,1.4897017910715183e-6
38.86206896551724,1.4882049076867166e-6
38.89655172413793,1.4873424624092256e-6
38.93103448275862,1.4875042758961449e-6
38.96551724137931,1.4872309679384885e-6
39.,1.484471361082691e-6
39.03448275862069,1.4828049573638029e-6
39.06896551724138,1.4811379931916551e-6
39.10344827586207,1.4804099844232582e-6
39.13793103448276,1.4805393171460571e-6
39.172413793103445,1.4798391211629483e-6
39.206896551724135,1.479272913519793e-6
39.241379310344826,1.478005873546879e-6
39.275862068965516,1.4754325838028333e-6
39.310344827586206,1.4741493754451561e-6
39.3448275862069,1.4733798737941003e-6
39.37931034482759,1.4724790536024848e-6
39.41379310344828,1.4707209363639547e-6
39.44827586206897,1.469934452659176e-6
39.48275862068966,1.4698266281892508e-6
39.51724137931034,1.4689772074237893e-6
39.55172413793103,1.4675645228381732e-6
39.58620689655172,1.4659244651057139e-6
39.62068965517241,1.4657987789968693e-6
39.6551724137931,1.4640976473827135e-6
39.689655172413794,1.4629082593038909e-6
39.724137931034484,1.4619924483241765e-6
39.758620689655174,1.4613005186050097e-6
39.793103448275865,1.4592874965972234e-6
39.827586206896555,1.4588480754650555e-6
39.86206896551724,1.458332636887115e-6
39.89655172413793,1.457145491033942e-6
39.93103448275862,1.4555340538640495e-6
39.96551724137931,1.454589925451231e-6
40.,1.4535428400501055e-6
40.03448275862069,1.452844408883563e-6
40.06896551724138,1.4518971109240633e-6
40.10344827586207,1.4515999865068778e-6
40.13793103448276,1.4495281831949388e-6
40.172413793103445,1.4480527469633e-6
40.206896551724135,1.4474328683011368e-6
40.241379310344826,1.4462145475798442e-6
40.275862068965516,1.4448682838253563e-6
40.310344827586206,1.4448377947037652e-6
40.3448275862069,1.445049067814167e-6
40.37931034482759,1.442544126385016e-6
40.41379310344828,1.4401221446161797e-6
40.44827586206897,1.4414599569664499e-6
40.48275862068966,1.4391733319636032e-6
40.51724137931034,1.4388662899215722e-6
40.55172413793103,1.4384387539580099e-6
40.58620689655172,1.436222715015914e-6
40.62068965517241,1.4354107023640856e-6
40.6551724137931,1.4356374077225612e-6
40.689655172413794,1.4337596601844109e-6
40.724137931034484,1.4320420067432216e-6
40.758620689655174,1.4316335059973689e-6
40.793103448275865,1.4311997864489927e-6
40.827586206896555,1.4295772163635715e-6
40.86206896551724,1.4281706713194383e-6
40.89655172413793,1.427778951718414e-6
40.93103448275862,1.4271828280378978e-6
40.96551724137931,1.4256229794088283e-6
41.,1.424501406706483e-6
41.03448275862069,1.424613546344955e-6
41.06896551724138,1.4233269030139253e-6
41.10344827586207,1.4214293181357786e-6
41.13793103448276,1.4211193685658853e-6
41.172413793103445,1.4204571819963473e-6
41.206896551724135,1.4186792864880681e-6
41.241379310344826,1.4179338588940717e-6
41.275862068965516,1.4174895992964874e-6
41.310344827586206,1.4163659978461403e-6
41.3448275862069,1.4151741776819999e-6
41.37931034482759,1.4142297534722882e-6
41.41379310344828,1.4135769105549707e-6
41.44827586206897,1.4123656575657577e-6
41.48275862068966,1.4112850666053232e-6
41.51724137931034,1.4109867291960447e-6
41.55172413793103,1.4098070328534934e-6
41.58620689655172,1.4081111020958508e-6
41.62068965517241,1.4076056768920038e-6
41.6551724137931,1.4068845273660147e-6
41.689655172413794,1.4055816072958597e-6
41.724137931034484,1.4049931575673092e-6
41.758620689655174,1.4042067611932367e-6
41.793103448275865,1.4032421924244816e-6
41.827586206896555,1.4019548471008629e-6
41.86206896551724,1.400941411178932e-6
41.89655172413793,1.40042685703411e-6
41.93103448275862,1.3996711989619097e-6
41.96551724137931,1.398425982225481e-6
42.,1.3973104803193916e-6
42.03448275862069,1.396349024755682e-6
42.06896551724138,1.395778013697834e-6
42.10344827586207,1.3947068022612009e-6
42.13793103448276,1.3932397582620028e-6
42.172413793103445,1.3931541145964106e-6
42.206896551724135,1.3924004389913022e-6
42.241379310344826,1.3910186753990832e-6
42.275862068965516,1.3901543283189894e-6
42.310344827586206,1.3893110326742145e-6
42.3448275862069,1.3885940675621767e-6
42.37931034482759,1.3876278829475965e-6
42.41379310344828,1.3864011395961608e-6
42.44827586206897,1.3859419663539043e-6
42.48275862068966,1.3850298172786177e-6
42.51724137931034,1.3839702370811016e-6
42.55172413793103,1.3829834820850495e-6
42.58620689655172,1.3819690806388267e-6
42.62068965517241,1.3814176116752863e-6
42.6551724137931,1.3806866345264708e-6
42.689655172413794,1.3796299550955043e-6
42.724137931034484,1.3784627470882253e-6
42.758620689655174,1.377460418053104e-6
42.793103448275865,1.3768690147000803e-6
42.827586206896555,1.375757311064217e-6
42.86206896551724,1.375101567429897e-6
42.89655172413793,1.3743320539407159e-6
42.93103448275862,1.373470447304469e-6
42.96551724137931,1.3723334211107315e-6
43.,1.3715874061126844e-6
43.03448275862069,1.3709439877136959e-6
43.06896551724138,1.370106606748993e-6
43.10344827586207,1.3690868924271162e-6
43.13793103448276,1.3681167961983006e-6
43.172413793103445,1.3666514151245818e-6
43.206896551724135,1.3674107944875397e-6
43.241379310344826,1.3654159740983272e-6
43.275862068965516,1.3641378814473167e-6
43.310344827586206,1.3640346499165775e-6
43.3448275862069,1.3636277646567306e-6
43.37931034482759,1.3623584383862077e-6
43.41379310344828,1.361163999028999e-6
43.44827586206897,1.3604267145121725e-6
43.48275862068966,1.3596116539467839e-6
43.51724137931034,1.3587821158680566e-6
43.55172413793103,1.3579440073789585e-6
43.58620689655172,1.3571207171595319e-6
43.62068965517241,1.3562863251303671e-6
43.6551724137931,1.35541255691956e-6
43.689655172413794,1.3545526155903905e-6
43.724137931034484,1.3535986283302723e-6
43.758620689655174,1.3529976118698784e-6
43.793103448275865,1.3521839093298964e-6
43.827586206896555,1.3513188930898398e-6
43.86206896551724,1.3504070512264946e-6
43.89655172413793,1.3494704007598052e-6
43.93103448275862,1.3488889413152402e-6
43.96551724137931,1.348127241573212e-6
44.,1.3470284020354294e-6
44.03448275862069,1.3462175049158587e-6
44.06896551724138,1.3455273829142733e-6
44.10344827586207,1.344715926097885e-6
44.13793103448276,1.3437646582253134e-6
44.172413793103445,1.343000724624779e-6
44.206896551724135,1.342266164144345e-6
44.241379310344826,1.3414665879557191e-6
44.275862068965516,1.3406395674757663e-6
44.310344827586206,1.339846968655575e-6
44.3448275862069,1.3389689988646682e-6
44.37931034482759,1.3380501344861695e-6
44.41379310344828,1.3372190047257916e-6
44.44827586206897,1.336490290972106e-6
44.48275862068966,1.3358988282343617e-6
44.51724137931034,1.335086276392598e-6
44.55172413793103,1.3341506566765653e-6
44.58620689655172,1.3333555642667406e-6
44.62068965517241,1.332603005718492e-6
44.6551724137931,1.3319179675475468e-6
44.689655172413794,1.3308680640469456e-6
44.724137931034484,1.3299378995648923e-6
44.758620689655174,1.3293681361656595e-6
44.793103448275865,1.3287170502009479e-6
44.827586206896555,1.3277535069609668e-6
44.86206896551724,1.3268236726505622e-6
44.89655172413793,1.3262042446136998e-6
44.93103448275862,1.325512793862215e-6
44.96551724137931,1.3246503898636421e-6
45.,1.323750412125898e-6
45.03448275862069,1.3231375799686007e-6
45.06896551724138,1.322428935977011e-6
45.10344827586207,1.3215225501374654e-6
45.13793103448276,1.3206486876633126e-6
45.172413793103445,1.3199358534655733e-6
45.206896551724135,1.319245081800836e-6
45.241379310344826,1.3185251873536733e-6
45.275862068965516,1.3175919117493803e-6
45.310344827586206,1.3167553500179495e-6
45.3448275862069,1.3161409060773935e-6
45.37931034482759,1.3153872495522318e-6
45.41379310344828,1.3145086342601675e-6
45.44827586206897,1.313684499893804e-6
45.48275862068966,1.3130984635071995e-6
45.51724137931034,1.3124701234121852e-6
45.55172413793103,1.3114273885185945e-6
45.58620689655172,1.3106344700282194e-6
45.62068965517241,1.3101191749970586e-6
45.6551724137931,1.3093700827963878e-6
45.689655172413794,1.3085085867572806e-6
45.724137931034484,1.3077339728449384e-6
45.758620689655174,1.3071456227062955e-6
45.793103448275865,1.3063999180175268e-6
45.827586206896555,1.3054510468162405e-6
45.86206896551724,1.3047966080784403e-6
45.89655172413793,1.3040532293905226e-6
45.93103448275862,1.3032220404952487e-6
45.96551724137931,1.302648401220582e-6
46.,1.3020655109289711e-6
46.03448275862069,1.3011129898098619e-6
46.06896551724138,1.30036358422424e-6
46.10344827586207,1.299711146952807e-6
46.13793103448276,1.2987281050321067e-6
46.172413793103445,1.2977557074375832e-6
46.206896551724135,1.2976924363020896e-6
46.241379310344826,1.2974720503871202e-6
46.275862068965516,1.2958200618284516e-6
46.310344827586206,1.294620143773964e-6
46.3448275862069,1.2955492493886665e-6
46.37931034482759,1.2935842088524263e-6
46.41379310344828,1.2928766598842982e-6
46.44827586206897,1.2921088133122415e-6
46.48275862068966,1.2917243123937949e-6
46.51724137931034,1.2912950899840762e-6
46.55172413793103,1.2904149420199232e-6
46.58620689655172,1.2891357061356873e-6
46.62068965517241,1.288679492019135e-6
46.6551724137931,1.2883552321378134e-6
46.689655172413794,1.2876811659621137e-6
46.724137931034484,1.2867601131387139e-6
46.758620689655174,1.2861407844369553e-6
46.793103448275865,1.2852541370519432e-6
46.827586206896555,1.2842528947871847e-6
46.86206896551724,1.2834987445873017e-6
46.89655172413793,1.2832724864473848e-6
46.93103448275862,1.2828693884734217e-6
46.96551724137931,1.2817043172892963e-6
47.,1.2810378464825159e-6
47.03448275862069,1.2801971188062243e-6
47.06896551724138,1.2795139388957496e-6
47.10344827586207,1.2791822388995373e-6
47.13793103448276,1.278194943669414e-6
47.172413793103445,1.2774657167566327e-6
47.206896551724135,1.2768705630227658e-6
47.241379310344826,1.2762755715602102e-6
47.275862068965516,1.275352019827702e-6
47.310344827586206,1.2743839125333998e-6
47.3448275862069,1.2740410659845002e-6
47.37931034482759,1.2737611923847686e-6
47.41379310344828,1.2726673235873166e-6
47.44827586206897,1.2719462428774472e-6
47.48275862068966,1.2714565349061454e-6
47.51724137931034,1.2708876077799566e-6
47.55172413793103,1.269951616286746e-6
47.58620689655172,1.269066515240966e-6
47.62068965517241,1.2686105555454618e-6
47.6551724137931,1.2682713057382587e-6
47.689655172413794,1.2673148297984173e-6
47.724137931034484,1.2664078884844684e-6
47.758620689655174,1.2656954144053488e-6
47.793103448275865,1.265317372124493e-6
47.827586206896555,1.2646093672252628e-6
47.86206896551724,1.2637805412315152e-6
47.89655172413793,1.2633052096916826e-6
47.93103448275862,1.2628163345639954e-6
47.96551724137931,1.2617885767970036e-6
48.,1.2611476339220703e-6
48.03448275862069,1.2606506485575255e-6
48.06896551724138,1.2598508856599962e-6
48.10344827586207,1.259234306555779e-6
48.13793103448276,1.2585620993705106e-6
48.172413793103445,1.2579145949767415e-6
48.206896551724135,1.2573658223218976e-6
48.241379310344826,1.2566661621117963e-6
48.275862068965516,1.2558480278404705e-6
48.310344827586206,1.255332114678468e-6
48.3448275862069,1.2546201691114863e-6
48.37931034482759,1.2541870836269056e-6
48.41379310344828,1.2535072902928433e-6
48.44827586206897,1.2524051533838228e-6
48.48275862068966,1.2520659312514684e-6
48.51724137931034,1.251605180856536e-6
48.55172413793103,1.2506398197625675e-6
48.58620689655172,1.2500254503627744e-6
48.62068965517241,1.2495549830565584e-6
48.6551724137931,1.2488963051024792e-6
48.689655172413794,1.248224350939577e-6
48.724137931034484,1.2473129323243778e-6
48.758620689655174,1.2466768524119208e-6
48.793103448275865,1.2465563408218126e-6
48.827586206896555,1.24561913634589e-6
48.86206896551724,1.2447220014786894e-6
48.89655172413793,1.2446932472465589e-6
48.93103448275862,1.2439390261160778e-6
48.96551724137931,1.2426076306972082e-6
49.,1.2423867410065533e-6
49.03448275862069,1.2420913987110595e-6
49.06896551724138,1.2408966413490579e-6
49.10344827586207,1.241863835009205e-6
49.13793103448276,1.2389700489110232e-6
49.172413793103445,1.2384862655925672e-6
49.206896551724135,1.239621983307199e-6
49.241379310344826,1.2383435738530308e-6
49.275862068965516,1.2372257389962602e-6
49.310344827586206,1.236848615858802e-6
49.3448275862069,1.2364139755599806e-6
49.37931034482759,1.235194656625683e-6
49.41379310344828,1.2347706456840773e-6
49.44827586206897,1.2349112660160121e-6
49.48275862068966,1.2337016287193973e-6
49.51724137931034,1.2328811894294592e-6
49.55172413793103,1.2324653681495424e-6
49.58620689655172,1.2318580017244834e-6
49.62068965517241,1.2313187096573198e-6
49.6551724137931,1.2309481833863488e-6
49.689655172413794,1.2301597067629074e-6
49.724137931034484,1.229299191227586e-6
49.758620689655174,1.2287791314507096e-6
49.793103448275865,1.2282406296678527e-6
49.827586206896555,1.2276444320329861e-6
49.86206896551724,1.22720379663253e-6
49.89655172413793,1.2264186119569116e-6
49.93103448275862,1.2257974210394203e-6
49.96551724137931,1.225129423564733e-6
50.,1.2247817448649684e-6
50.03448275862069,1.2242752876257571e-6
50.06896551724138,1.223511743600453e-6
50.10344827586207,1.2228442145575936e-6
50.13793103448276,1.2221886497329083e-6
50.172413793103445,1.221796889615798e-6
50.206896551724135,1.2211352632338154e-6
50.241379310344826,1.2205750978123848e-6
50.275862068965516,1.219925338118551e-6
50.310344827586206,1.2191529066624028e-6
50.3448275862069,1.2186263853076188e-6
50.37931034482759,1.2182514651371874e-6
50.41379310344828,1.2176600586287438e-6
50.44827586206897,1.2170983992600082e-6
50.48275862068966,1.2164493840355357e-6
50.51724137931034,1.215632855578936e-6
50.55172413793103,1.215019408550241e-6
50.58620689655172,1.214925303907528e-6
50.62068965517241,1.2141337885771707e-6
50.6551724137931,1.2132520755840125e-6
50.689655172413794,1.21292396152894e-6
50.724137931034484,1.212325670448835e-6
50.758620689655174,1.21146109390429e-6
50.793103448275865,1.2111486144871465e-6
50.827586206896555,1.211349249159753e-6
50.86206896551724,1.209864548923442e-6
50.89655172413793,1.208624173188927e-6
50.93103448275862,1.2094373777508157e-6
50.96551724137931,1.2082298090924062e-6
51.,1.2078997785669434e-6
51.03448275862069,1.2072792746441265e-6
51.06896551724138,1.2063211780807351e-6
51.10344827586207,1.2060399751221826e-6
51.13793103448276,1.2056261039558547e-6
51.172413793103445,1.204755939377434e-6
51.206896551724135,1.2042806491681922e-6
51.241379310344826,1.2040112173287392e-6
51.275862068965516,1.2032697313368984e-6
51.310344827586206,1.2025452777343402e-6
51.3448275862069,1.202003809226682e-6
51.37931034482759,1.2014466158142723e-6
51.41379310344828,1.2010832244030434e-6
51.44827586206897,1.2005173316936824e-6
51.48275862068966,1.1997783575944072e-6
51.51724137931034,1.1993607243553722e-6
51.55172413793103,1.198904769011442e-6
51.58620689655172,1.1979466921114363e-6
51.62068965517241,1.1975162921300325e-6
51.6551724137931,1.197145843140924e-6
51.689655172413794,1.1966264152129146e-6
51.724137931034484,1.1962041852575922e-6
51.758620689655174,1.1953264667809456e-6
51.793103448275865,1.1948300696764129e-6
51.827586206896555,1.194515149131198e-6
51.86206896551724,1.193880168723285e-6
51.89655172413793,1.1931921328930591e-6
51.93103448275862,1.1927022523904995e-6
51.96551724137931,1.1922003634678664e-6
52.,1.1917368823992358e-6
52.03448275862069,1.1910235100650247e-6
52.06896551724138,1.1904233124643684e-6
52.10344827586207,1.1902295952373102e-6
52.13793103448276,1.189682031196951e-6
52.172413793103445,1.1891023794615404e-6
52.206896551724135,1.1886022246799976e-6
52.241379310344826,1.1880861061430288e-6
52.275862068965516,1.1872505476527193e-6
52.310344827586206,1.186537412022028e-6
52.3448275862069,1.1859641091962636e-6
52.37931034482759,1.185868118413686e-6
52.41379310344828,1.1854114850831305e-6
52.44827586206897,1.1845318065006168e-6
52.48275862068966,1.1838469943975556e-6
52.51724137931034,1.1839357924519268e-6
52.55172413793103,1.183557949095944e-6
52.58620689655172,1.1825354835405518e-6
52.62068965517241,1.1820315968458002e-6
52.6551724137931,1.1820612169701257e-6
52.689655172413794,1.1813464703647913e-6
52.724137931034484,1.1801566330108501e-6
52.758620689655174,1.1796685254678086e-6
52.793103448275865,1.1795691735293983e-6
52.827586206896555,1.1790270691877234e-6
52.86206896551724,1.1782859922135336e-6
52.89655172413793,1.1776695606394867e-6
52.93103448275862,1.177798700508289e-6
52.96551724137931,1.176959399688154e-6
53.,1.1764043415050735e-6
53.03448275862069,1.1759399146242152e-6
53.06896551724138,1.1750306119474971e-6
53.10344827586207,1.1752643353683754e-6
53.13793103448276,1.174860735729008e-6
53.172413793103445,1.1736604607579924e-6
53.206896551724135,1.1728682613569352e-6
53.241379310344826,1.1724907363701348e-6
53.275862068965516,1.1723281229726362e-6
53.310344827586206,1.1716770816158725e-6
53.3448275862069,1.171383695152566e-6
53.37931034482759,1.1714115207740162e-6
53.41379310344828,1.170595136817904e-6
53.44827586206897,1.1694980992680959e-6
53.48275862068966,1.169290505010563e-6
53.51724137931034,1.1692551125645127e-6
53.55172413793103,1.168744060988838e-6
53.58620689655172,1.167690513153797e-6
53.62068965517241,1.1668182345246891e-6
53.6551724137931,1.1663113855494708e-6
53.689655172413794,1.166804564493276e-6
53.724137931034484,1.1655592341100214e-6
53.758620689655174,1.1649627043393403e-6
53.793103448275865,1.1654208297694913e-6
53.827586206896555,1.1649959749535262e-6
53.86206896551724,1.163652132246393e-6
53.89655172413793,1.1631963812280025e-6
53.93103448275862,1.1629631614313621e-6
53.96551724137931,1.1623147178643478e-6
54.,1.1616612583925063e-6
54.03448275862069,1.161659307702611e-6
54.06896551724138,1.1611140050177005e-6
54.10344827586207,1.1602822517544622e-6
54.13793103448276,1.1600738327158179e-6
54.172413793103445,1.1597167332731579e-6
54.206896551724135,1.1587878641871903e-6
54.241379310344826,1.158414786965518e-6
54.275862068965516,1.1580914989489647e-6
54.310344827586206,1.1574618251728098e-6
54.3448275862069,1.1570776734667148e-6
54.37931034482759,1.1568169935751375e-6
54.41379310344828,1.156401897436973e-6
54.44827586206897,1.15536641943294e-6
54.48275862068966,1.1547566840646573e-6
54.51724137931034,1.1548040236498814e-6
54.55172413793103,1.1544017712932207e-6
54.58620689655172,1.153558681183233e-6
54.62068965517241,1.1530958272870004e-6
54.6551724137931,1.1529352861261462e-6
54.689655172413794,1.152577776464901e-6
54.724137931034484,1.1516682622368276e-6
54.758620689655174,1.151128126802206e-6
54.793103448275865,1.1510522967923596e-6
54.827586206896555,1.150624858526096e-6
54.86206896551724,1.1500750992828895e-6
54.89655172413793,1.1493106703390867e-6
54.93103448275862,1.1488453822059643e-6
54.96551724137931,1.1487405719545642e-6
55.,1.1483134875881403e-6
55.03448275862069,1.1475612721073686e-6
55.06896551724138,1.1470399010064309e-6
55.10344827586207,1.1468323848997342e-6
55.13793103448276,1.1464938170601712e-6
55.172413793103445,1.1454500650942893e-6
55.206896551724135,1.145067410933234e-6
55.241379310344826,1.1451827589234967e-6
55.275862068965516,1.1447435472477581e-6
55.310344827586206,1.1437577579114972e-6
55.3448275862069,1.1430365093200528e-6
55.37931034482759,1.1431668692699836e-6
55.41379310344828,1.142781700480603e-6
55.44827586206897,1.1420618906325361e-6
55.48275862068966,1.141596496708345e-6
55.51724137931034,1.1415296074216318e-6
55.55172413793103,1.1412872310055584e-6
55.58620689655172,1.1404222579603171e-6
55.62068965517241,1.1399255085728641e-6
55.6551724137931,1.1393055511606423e-6
55.689655172413794,1.1387950019528659e-6
55.724137931034484,1.1384422852913757e-6
55.758620689655174,1.1381441671478953e-6
55.793103448275865,1.1379299398139144e-6
55.827586206896555,1.1373744371553512e-6
55.86206896551724,1.1368310234408322e-6
55.89655172413793,1.1361606837898394e-6
55.93103448275862,1.136004270511167e-6
55.96551724137931,1.135879623114232e-6
56.,1.1349686662548656e-6
56.03448275862069,1.1340917313933727e-6
56.06896551724138,1.1342578490041121e-6
56.10344827586207,1.1340406171589336e-6
56.13793103448276,1.1331366162204133e-6
56.172413793103445,1.1327606979611133e-6
56.206896551724135,1.1324989193643427e-6
56.241379310344826,1.1322080363100374e-6
56.275862068965516,1.1318490707309173e-6
56.310344827586206,1.1309150443261265e-6
56.3448275862069,1.1306997694172534e-6
56.37931034482759,1.1301964038318954e-6
56.41379310344828,1.1300739162715537e-6
56.44827586206897,1.1295131780875842e-6
56.48275862068966,1.128912290416503e-6
56.51724137931034,1.1287568662633215e-6
56.55172413793103,1.1281514067588644e-6
56.58620689655172,1.1275362986129278e-6
56.62068965517241,1.1268922726543225e-6
56.6551724137931,1.1267592536101022e-6
56.689655172413794,1.1269997727439935e-6
56.724137931034484,1.126387755009508e-6
56.758620689655174,1.125215738255916e-6
56.793103448275865,1.1246632142634886e-6
56.827586206896555,1.1255121286032582e-6
56.86206896551724,1.1242226232413703e-6
56.89655172413793,1.123463002573953e-6
56.93103448275862,1.1232830352348772e-6
56.96551724137931,1.1232727515511758e-6
57.,1.1231304838893433e-6
57.03448275862069,1.122289967617271e-6
57.06896551724138,1.122002161674112e-6
57.10344827586207,1.12168416543203e-6
57.13793103448276,1.1211379432324672e-6
57.172413793103445,1.1209652487572943e-6
57.206896551724135,1.1199261309438624e-6
57.241379310344826,1.1199424815560957e-6
57.275862068965516,1.119228028454468e-6
57.310344827586206,1.1185498124587181e-6
57.3448275862069,1.1183789464550445e-6
57.37931034482759,1.1185057191848519e-6
57.41379310344828,1.117892102460572e-6
57.44827586206897,1.116784167544553e-6
57.48275862068966,1.1164557445428831e-6
57.51724137931034,1.1166472441815487e-6
57.55172413793103,1.1164834924045741e-6
57.58620689655172,1.1159488641390656e-6
57.62068965517241,1.1146603443328232e-6
57.6551724137931,1.1148917622634275e-6
57.689655172413794,1.1149805449866632e-6
57.724137931034484,1.1141876559433076e-6
57.758620689655174,1.113604305808469e-6
57.793103448275865,1.1131250327731708e-6
57.827586206896555,1.1135767834630138e-6
57.86206896551724,1.1131305281165142e-6
57.89655172413793,1.1114707646063774e-6
57.93103448275862,1.1116749239563867e-6
57.96551724137931,1.1115701405342681e-6
58.,1.1106499643492522e-6
58.03448275862069,1.110016572635965e-6
58.06896551724138,1.1102573320013171e-6
58.10344827586207,1.110551689819634e-6
58.13793103448276,1.1094613707673796e-6
58.172413793103445,1.1083958807924615e-6
58.206896551724135,1.1078776459157226e-6
58.241379310344826,1.1083496470006084e-6
58.275862068965516,1.1079798126526173e-6
58.310344827586206,1.107999590485338e-6
58.3448275862069,1.1067522535685413e-6
58.37931034482759,1.1071791806336855e-6
58.41379310344828,1.1062289957879515e-6
58.44827586206897,1.10424878372204e-6
58.48275862068966,1.1053573131968885e-6
58.51724137931034,1.1060952481195447e-6
58.55172413793103,1.104833477918873e-6
58.58620689655172,1.1036762702003962e-6
58.62068965517241,1.1045094735214074e-6
58.6551724137931,1.1042632342382954e-6
58.689655172413794,1.1028719055668487e-6
58.724137931034484,1.101547572922405e-6
58.758620689655174,1.1027883904707035e-6
58.793103448275865,1.103163443895622e-6
58.827586206896555,1.1018142144353716e-6
58.86206896551724,1.1013518657167543e-6
58.89655172413793,1.1010475171870594e-6
58.93103448275862,1.0999945608913643e-6
58.96551724137931,1.0994912909903608e-6
59.,1.1002381649628726e-6
59.03448275862069,1.0986515098694873e-6
59.06896551724138,1.100356003260088e-6
59.10344827586207,1.100139095019873e-6
59.13793103448276,1.0981774952097227e-6
59.172413793103445,1.0959271241039624e-6
59.206896551724135,1.0978882966522084e-6
59.241379310344826,1.097999586654558e-6
59.275862068965516,1.096579132985188e-6
59.310344827586206,1.0953208981328886e-6
59.3448275862069,1.095675092428854e-6
59.37931034482759,1.0966813630639915e-6
59.41379310344828,1.0952915170191234e-6
59.44827586206897,1.0935206490702229e-6
59.48275862068966,1.0952851915085945e-6
59.51724137931034,1.0952149078536166e-6
59.55172413793103,1.0935232710777227e-6
59.58620689655172,1.094311713763661e-6
59.62068965517241,1.092683139591864e-6
59.6551724137931,1.092503594245235e-6
59.689655172413794,1.0931785749237563e-6
59.724137931034484,1.092685616170063e-6
59.758620689655174,1.0919553113356845e-6
59.793103448275865,1.0916595438376706e-6
59.827586206896555,1.0909830010027335e-6
59.86206896551724,1.0904638662255638e-6
59.89655172413793,1.0889300419554723e-6
59.93103448275862,1.0896711492872591e-6
59.96551724137931,1.0895364776060144e-6
60.,1.0896633994245454e-6
60.03448275862069,1.0891695053671576e-6
60.06896551724138,1.088624491990479e-6
60.10344827586207,1.0874465310583494e-6
60.13793103448276,1.087342575065652e-6
60.172413793103445,1.088394367617842e-6
60.206896551724135,1.087418263136243e-6
60.241379310344826,1.0861077233720527e-6
60.275862068965516,1.0858596424949844e-6
60.310344827586206,1.0861293354834208e-6
60.3448275862069,1.0856808726867067e-6
60.37931034482759,1.0852375401018754e-6
60.41379310344828,1.0846755618882016e-6
60.44827586206897,1.0844399643420936e-6
60.48275862068966,1.0853600751979924e-6
60.51724137931034,1.0848722966087571e-6
60.55172413793103,1.0834144674700412e-6
60.58620689655172,1.0822510534348125e-6
60.62068965517241,1.0823909413975414e-6
60.6551724137931,1.0829357968093172e-6
60.689655172413794,1.0817807161368315e-6
60.724137931034484,1.081381054785313e-6
60.758620689655174,1.0818540705623907e-6
60.793103448275865,1.0817145977367104e-6
60.827586206896555,1.0813237585843832e-6
60.86206896551724,1.0802582313384653e-6
60.89655172413793,1.080576741158587e-6
60.93103448275862,1.0791804244174542e-6
60.96551724137931,1.0787463596941396e-6
61.,1.0786606845462954e-6
61.03448275862069,1.0782264883011802e-6
61.06896551724138,1.0790901365937034e-6
61.10344827586207,1.0796725671394076e-6
61.13793103448276,1.0781686485790126e-6
61.172413793103445,1.0774284028231544e-6
61.206896551724135,1.0770778775711547e-6
61.241379310344826,1.0769065124964711e-6
61.275862068965516,1.075537398822943e-6
61.310344827586206,1.0754666952989477e-6
61.3448275862069,1.0759530003641243e-6
61.37931034482759,1.0764875573334911e-6
61.41379310344828,1.0758010317245416e-6
61.44827586206897,1.075589311331516e-6
61.48275862068966,1.0739797244526522e-6
61.51724137931034,1.0733422017415264e-6
61.55172413793103,1.0728308297485487e-6
61.58620689655172,1.0725998616007735e-6
61.62068965517241,1.0733502964916248e-6
61.6551724137931,1.0741998910895582e-6
61.689655172413794,1.07337389321746e-6
61.724137931034484,1.0723058751878678e-6
61.758620689655174,1.0723738022803412e-6
61.793103448275865,1.0724007714282152e-6
61.827586206896555,1.0707906156162003e-6
61.86206896551724,1.0693756635608612e-6
61.89655172413793,1.0700973744467768e-6
61.93103448275862,1.070889390658158e-6
61.96551724137931,1.0704974921385352e-6
62.,1.0688788579285752e-6
62.03448275862069,1.0697712390196724e-6
62.06896551724138,1.0693644604365023e-6
62.10344827586207,1.0688768790499675e-6
62.13793103448276,1.0681220913413667e-6
62.172413793103445,1.0686495294694864e-6
62.206896551724135,1.0673914877144688e-6
62.241379310344826,1.0673666631077515e-6
62.275862068965516,1.0672452539865472e-6
62.310344827586206,1.06710903650161e-6
62.3448275862069,1.0666766195631336e-6
62.37931034482759,1.0666582794065816e-6
62.41379310344828,1.0659016867126237e-6
62.44827586206897,1.0652316001205635e-6
62.48275862068966,1.0652704614552128e-6
62.51724137931034,1.0645818298293846e-6
62.55172413793103,1.064480382933518e-6
62.58620689655172,1.0641745927507012e-6
62.62068965517241,1.0646289825071538e-6
62.6551724137931,1.0648243966973878e-6
62.689655172413794,1.0627230958453434e-6
62.724137931034484,1.062156231625651e-6
62.758620689655174,1.062846521291277e-6
62.793103448275865,1.0629106003864198e-6
62.827586206896555,1.0621777992429183e-6
62.86206896551724,1.0619151210127435e-6
62.89655172413793,1.062543899901581e-6
62.93103448275862,1.0617366482188004e-6
62.96551724137931,1.0600482080047002e-6
63.,1.0608612499039754e-6
63.03448275862069,1.0600796590381424e-6
63.06896551724138,1.0594960639537284e-6
63.10344827586207,1.0597722690709832e-6
63.13793103448276,1.0608476339692456e-6
63.172413793103445,1.0586797866217345e-6
63.206896551724135,1.0587780946330606e-6
63.241379310344826,1.0594529770620775e-6
63.275862068965516,1.0582565822589896e-6
63.310344827586206,1.0553477931142958e-6
63.3448275862069,1.0591023831878114e-6
63.37931034482759,1.0609335946575101e-6
63.41379310344828,1.0579720028983925e-6
63.44827586206897,1.0548306668718645e-6
63.48275862068966,1.0560773732688602e-6
63.51724137931034,1.0575029809711432e-6
63.55172413793103,1.0528662225893918e-6
63.58620689655172,1.0524630093875555e-6
63.62068965517241,1.0570450439889425e-6
63.6551724137931,1.0589103905927582e-6
63.689655172413794,1.054784747918113e-6
63.724137931034484,1.0515717307655098e-6
63.758620689655174,1.0536485584716783e-6
63.793103448275865,1.05591727694814e-6
63.827586206896555,1.0540844267884041e-6
63.86206896551724,1.0535493429647697e-6
63.89655172413793,1.0537861053602703e-6
63.93103448275862,1.0523772832565622e-6
63.96551724137931,1.0505102517637992e-6
64.,1.0500474297571643e-6
64.03448275862068,1.0534441662438352e-6
64.06896551724138,1.055340803578945e-6
64.10344827586206,1.0512365589945736e-6
64.13793103448276,1.0517268682882922e-6
64.17241379310344,1.051289038988771e-6
64.20689655172414,1.0490569842765337e-6
64.24137931034483,1.0518858322720787e-6
64.27586206896552,1.0486999228702907e-6
64.3103448275862,1.0471474789672089e-6
64.34482758620689,1.0489439749966743e-6
64.37931034482759,1.050420301486036e-6
64.41379310344827,1.0484432287365454e-6
64.44827586206897,1.0458459682970654e-6
64.48275862068965,1.047930024254943e-6
64.51724137931035,1.0508432102180076e-6
64.55172413793103,1.0489580796340998e-6
64.58620689655173,1.0455909889055889e-6
64.62068965517241,1.0483644783032089e-6
64.65517241379311,1.0492488567798677e-6
64.6896551724138,1.0458416828206384e-6
64.72413793103448,1.045720706937493e-6
64.75862068965517,1.0475466929009859e-6
64.79310344827586,1.047048111803085e-6
64.82758620689656,1.0449287216429368e-6
64.86206896551724,1.0444883944858547e-6
64.89655172413794,1.0440317403717755e-6
64.93103448275862,1.0441817508819398e-6
64.96551724137932,1.0439284906104125e-6
65.,1.0445660995306558e-6
65.03448275862068,1.0445204546314186e-6
65.06896551724138,1.0443313551808498e-6
65.10344827586206,1.0427479789862678e-6
65.13793103448276,1.0425285491611934e-6
65.17241379310344,1.0434910803904173e-6
65.20689655172414,1.0423049485436667e-6
65.24137931034483,1.042697989676417e-6
65.27586206896552,1.0421557592537114e-6
65.3103448275862,1.0422798696247405e-6
65.34482758620689,1.0425814654038477e-6
65.37931034482759,1.040856230679043e-6
65.41379310344827,1.0403202241374191e-6
65.44827586206897,1.041782246837865e-6
65.48275862068965,1.0417522337957218e-6
65.51724137931035,1.0404655903204192e-6
65.55172413793103,1.0394392299609812e-6
65.58620689655173,1.0387939904958594e-6
65.62068965517241,1.0393381672565695e-6
65.65517241379311,1.0383078978163102e-6
65.6896551724138,1.039122260467198e-6
65.72413793103448,1.0402043337239452e-6
65.75862068965517,1.0392909974774073e-6
65.79310344827586,1.0377204205335278e-6
65.82758620689656,1.0373806568787788e-6
65.86206896551724,1.03732991348633e-6
65.89655172413794,1.03707567722031e-6
65.93103448275862,1.037409738571106e-6
65.96551724137932,1.0380177607631635e-6
66.,1.036675635732517e-6
66.03448275862068,1.0357044364926328e-6
66.06896551724138,1.0365305537132156e-6
66.10344827586206,1.0359280721252712e-6
66.13793103448276,1.0355326966434643e-6
66.17241379310344,1.035344040907539e-6
66.20689655172414,1.0354107475549461e-6
66.24137931034483,1.0361375452072358e-6
66.27586206896552,1.034270989656258e-6
66.3103448275862,1.0332426802432962e-6
66.34482758620689,1.034668286407234e-6
66.37931034482759,1.034393648113963e-6
66.41379310344827,1.032930207552543e-6
66.44827586206897,1.0334473044349376e-6
66.48275862068965,1.0333590456597268e-6
66.51724137931035,1.0330063158067093e-6
66.55172413793103,1.0331451781480223e-6
66.58620689655173,1.0329495945037847e-6
66.62068965517241,1.0319833615351503e-6
66.65517241379311,1.031260887792568e-6
66.6896551724138,1.031445312156011e-6
66.72413793103448,1.0323138890819904e-6
66.75862068965517,1.031789482270491e-6
66.79310344827586,1.0316669131639493e-6
66.82758620689656,1.0304470085507188e-6
66.86206896551724,1.0297003440776552e-6
66.89655172413794,1.030104278431682e-6
66.93103448275862,1.0304032921789643e-6
66.96551724137932,1.0302515461261174e-6
67.,1.0304390175521245e-6
67.03448275862068,1.0288808188016973e-6
67.06896551724138,1.0278827019712679e-6
67.10344827586206,1.0285776817015316e-6
67.13793103448276,1.0297398816363619e-6
67.17241379310344,1.0295138770245471e-6
67.20689655172414,1.0268225975120053e-6
67.24137931034483,1.0274288994301259e-6
67.27586206896552,1.0277731014048221e-6
67.3103448275862,1.028385936952783e-6
67.34482758620689,1.027181278179882e-6
67.37931034482759,1.026900255724821e-6
67.41379310344827,1.026831982270707e-6
67.44827586206897,1.0253311637037936e-6
67.48275862068965,1.025459875850609e-6
67.51724137931035,1.0278183363079506e-6
67.55172413793103,1.0269276069599732e-6
67.58620689655173,1.0255146881432948e-6
67.62068965517241,1.0255041789222843e-6
67.65517241379311,1.0230502783045471e-6
67.6896551724138,1.0232585193979248e-6
67.72413793103448,1.0301131517818754e-6
67.75862068965517,1.02409019366305e-6
67.79310344827586,1.0201113116936434e-6
67.82758620689656,1.0249738775604458e-6
67.86206896551724,1.0244875349325009e-6
67.89655172413794,1.0208575126745722e-6
67.93103448275862,1.0223106869326292e-6
67.96551724137932,1.0334747958337712e-6
68.,1.0209415980035793e-6
68.03448275862068,1.010766798702418e-6
68.06896551724138,1.0308170888302834e-6
68.10344827586206,1.0202106669798453e-6
68.13793103448276,1.0250325906491093e-6
68.17241379310344,1.0231131505312386e-6
68.20689655172414,1.01680191121271e-6
68.24137931034483,1.021336371198826e-6
68.27586206896552,1.0253560864645625e-6
68.3103448275862,1.0200190854213083e-6
68.34482758620689,1.019844005518319e-6
68.37931034482759,1.0230444811472976e-6
68.41379310344827,1.0193081708680084e-6
68.44827586206897,1.018304873601037e-6
68.48275862068965,1.0201742772178257e-6
68.51724137931035,1.0207071193959463e-6
68.55172413793103,1.0207266702489637e-6
68.58620689655173,1.018262068108127e-6
68.62068965517241,1.0176705408989612e-6
68.65517241379311,1.0210492017993299e-6
68.6896551724138,1.0193453115291646e-6
68.72413793103448,1.0160675619466617e-6
68.75862068965517,1.0187335092351963e-6
68.79310344827586,1.0192725291554957e-6
68.82758620689656,1.0170847430495123e-6
68.86206896551724,1.017472513501741e-6
68.89655172413794,1.0170373481283449e-6
68.93103448275862,1.0176825298244096e-6
68.96551724137932,1.0170667273056765e-6
69.,1.0173188889704637e-6
69.03448275862068,1.017129389308666e-6
69.06896551724138,1.0160266139790415e-6
69.10344827586206,1.0157119131912056e-6
69.13793103448276,1.0163475928438078e-6
69.17241379310344,1.0154388682816743e-6
69.20689655172414,1.0141241127139255e-6
69.24137931034483,1.0163341208766637e-6
69.27586206896552,1.0161338251461546e-6
69.3103448275862,1.013674063459268e-6
69.34482758620689,1.0144412400650888e-6
69.37931034482759,1.0160276334260352e-6
69.41379310344827,1.0141897457147503e-6
69.44827586206897,1.0129593118739465e-6
69.48275862068965,1.0137000095947523e-6
69.51724137931035,1.0160110856377616e-6
69.55172413793103,1.013433990795377e-6
69.58620689655173,1.0118120249296875e-6
69.62068965517241,1.012875446610127e-6
69.65517241379311,1.0129104027843382e-6
69.6896551724138,1.0125037815871246e-6
69.72413793103448,1.0130037767119723e-6
69.75862068965517,1.0110505558963576e-6
69.79310344827586,1.0137071883213306e-6
69.82758620689656,1.0132823597260076e-6
69.86206896551724,1.0111621032756758e-6
69.89655172413794,1.0104909916201725e-6
69.93103448275862,1.0112246704715283e-6
69.96551724137932,1.0113221663154642e-6
70.,1.0109090539040633e-6
70.03448275862068,1.0103592805836127e-6
70.06896551724138,1.0112808597789225e-6
70.10344827586206,1.0108885403095216e-6
70.13793103448276,1.009071073662526e-6
70.17241379310344,1.0093580113114308e-6
70.20689655172414,1.0095858091634116e-6
70.24137931034483,1.0111870437151646e-6
70.27586206896552,1.010727374678701e-6
70.3103448275862,1.0094828853966415e-6
70.34482758620689,1.0078814458690038e-6
70.37931034482759,1.007896683466618e-6
70.41379310344827,1.0085232270098902e-6
70.44827586206897,1.007608034801344e-6
70.48275862068965,1.0094817328116958e-6
70.51724137931035,1.0092696758186044e-6
70.55172413793103,1.007677454798191e-6
70.58620689655173,1.0057054620277275e-6
70.62068965517241,1.0079527681557854e-6
70.65517241379311,1.0083275341909082e-6
70.6896551724138,1.0076352149258413e-6
70.72413793103448,1.0063495954493478e-6
70.75862068965517,1.0068151207327865e-6
70.79310344827586,1.0010665777315049e-6
70.82758620689656,1.016446013099751e-6
70.86206896551724,1.003388919913538e-6
70.89655172413794,1.0010237774894764e-6
70.93103448275862,1.0089104833026711e-6
70.96551724137932,1.0092522193426314e-6
71.,1.0048404861923794e-6
71.03448275862068,1.0040083400723407e-6
71.06896551724138,1.0054392458445572e-6
71.10344827586206,1.0049360311435529e-6
71.13793103448276,1.0047012991342702e-6
71.17241379310344,1.0051800364570218e-6
71.20689655172414,1.0048933168486008e-6
71.24137931034483,1.0040062246860427e-6
71.27586206896552,1.003917971052061e-6
71.3103448275862,1.0036277050902895e-6
71.34482758620689,1.0038552999567902e-6
71.37931034482759,1.0039656306063865e-6
71.41379310344827,1.003662300346985e-6
71.44827586206897,1.0031834057956873e-6
71.48275862068965,1.0030581032593032e-6
71.51724137931035,1.0029049500548616e-6
71.55172413793103,1.0027541280718146e-6
71.58620689655173,1.0025576005018745e-6
71.62068965517241,1.0023873385724002e-6
71.65517241379311,1.002186684354735e-6
71.6896551724138,1.0019907002517545e-6
71.72413793103448,1.0018052358977096e-6
71.75862068965517,1.0016618504475247e-6
71.79310344827586,1.0015909960683569e-6
71.82758620689656,1.0014707157297395e-6
71.86206896551724,1.0011794798847476e-6
71.89655172413794,1.0009913812502593e-6
71.93103448275862,1.0009063644629357e-6
71.96551724137932,1.0007843863814644e-6
72.,1.0004726047612657e-6
72.03448275862068,1.0002588338887862e-6
72.06896551724138,1.0002496607724639e-6
72.10344827586206,1.000059585797735e-6
72.13793103448276,9.998253572554814e-7
72.17241379310344,9.996484771938887e-7
72.20689655172414,9.995605182772562e-7
72.24137931034483,9.99465568892097e-7
72.27586206896552,9.992892993839208e-7
72.3103448275862,9.989796069359672e-7
72.34482758620689,9.988209228230725e-7
72.37931034482759,9.9870679306044e-7
72.41379310344827,9.985216290034913e-7
72.44827586206897,9.983047495665177e-7
72.48275862068965,9.981235990466908e-7
72.51724137931035,9.98021308218729e-7
72.55172413793103,9.979423509047224e-7
72.58620689655173,9.97756868846665e-7
72.62068965517241,9.975267579037079e-7
72.65517241379311,9.974561997133337e-7
72.6896551724138,9.973331504423102e-7
72.72413793103448,9.971097150578334e-7
72.75862068965517,9.968732528924457e-7
72.79310344827586,9.967909209749957e-7
72.82758620689656,9.96679944062035e-7
72.86206896551724,9.964962083140422e-7
72.89655172413794,9.96322087279e-7
72.93103448275862,9.961402147883093e-7
72.96551724137932,9.96028973974354e-7
73.,9.95844371224257e-7
73.03448275862068,9.95648049832693e-7
73.06896551724138,9.954956662257571e-7
73.10344827586206,9.95427080511922e-7
73.13793103448276,9.953120490172615e-7
73.17241379310344,9.950389126274563e-7
73.20689655172414,9.94886271963378e-7
73.24137931034483,9.94753234639823e-7
73.27586206896552,9.946008325823741e-7
73.3103448275862,9.943871905297938e-7
73.34482758620689,9.941775937850425e-7
73.37931034482759,9.943671342918373e-7
73.41379310344827,9.942656193666806e-7
73.44827586206897,9.939584870939758e-7
73.48275862068965,9.934505046672751e-7
73.51724137931035,9.932869476604225e-7
73.55172413793103,9.930365233268754e-7
73.58620689655173,9.937209642401602e-7
73.62068965517241,9.93939189853541e-7
73.65517241379311,9.930543633420815e-7
73.6896551724138,9.926202721395579e-7
73.72413793103448,9.929673516495209e-7
73.75862068965517,9.909460106541457e-7
73.79310344827586,9.907445240677629e-7
73.82758620689656,9.95296213477742e-7
73.86206896551724,9.965096233520046e-7
73.89655172413794,9.874933311827263e-7
73.93103448275862,9.870347245427806e-7
73.96551724137932,1.0023929425669689e-6
74.,9.868888968389018e-7
74.03448275862068,9.913401948556253e-7
74.06896551724138,9.904890830944429e-7
74.10344827586206,9.912786757357129e-7
74.13793103448276,9.920120359454774e-7
74.17241379310344,9.91820415374437e-7
74.20689655172414,9.885029726608914e-7
74.24137931034483,9.896138344579162e-7
74.27586206896552,9.914207275742952e-7
74.3103448275862,9.921483420237068e-7
74.34482758620689,9.896617029829186e-7
74.37931034482759,9.90128177708061e-7
74.41379310344827,9.89275807872668e-7
74.44827586206897,9.882718595678318e-7
74.48275862068965,9.891943614906034e-7
74.51724137931035,9.905108612071762e-7
74.55172413793103,9.91199626323552e-7
74.58620689655173,9.891345566943518e-7
74.62068965517241,9.884018621284177e-7
74.65517241379311,9.87354980787251e-7
74.6896551724138,9.88988596688532e-7
74.72413793103448,9.895403374598638e-7
74.75862068965517,9.884628350084632e-7
74.79310344827586,9.884887277127802e-7
74.82758620689656,9.886435070651077e-7
74.86206896551724,9.885427138010234e-7
74.89655172413794,9.870886334237356e-7
74.93103448275862,9.86542389825602e-7
74.96551724137932,9.884887937170577e-7
75.,9.894500802095636e-7
75.03448275862068,9.863554557566993e-7
75.06896551724138,9.878557096306832e-7
75.10344827586206,9.87058434029708e-7
75.13793103448276,9.875397720431611e-7
75.17241379310344,9.872536699306576e-7
75.20689655172414,9.851974114895731e-7
75.24137931034483,9.859791377987434e-7
75.27586206896552,9.892431053100477e-7
75.3103448275862,9.869372960165745e-7
75.34482758620689,9.848729000391315e-7
75.37931034482759,9.854088682414583e-7
75.41379310344827,9.874199974416714e-7
75.44827586206897,9.858687174808516e-7
75.48275862068965,9.84434173223562e-7
75.51724137931035,9.864071547309692e-7
75.55172413793103,9.871469112735464e-7
75.58620689655173,9.8460341003482e-7
75.62068965517241,9.852344261788117e-7
75.65517241379311,9.857498528137479e-7
75.6896551724138,9.847525288132611e-7
75.72413793103448,9.847951324891634e-7
75.75862068965517,9.852348572788628e-7
75.79310344827586,9.85165460746121e-7
75.82758620689656,9.84711604129464e-7
75.86206896551724,9.850671266212672e-7
75.89655172413794,9.838946782351128e-7
75.93103448275862,9.840804579099772e-7
75.96551724137932,9.831494004235357e-7
76.,9.854872828145784e-7
76.03448275862068,9.853437573285695e-7
76.06896551724138,9.814801196523818e-7
76.10344827586206,9.839721058465547e-7
76.13793103448276,9.863119750789391e-7
76.17241379310344,9.823252052444278e-7
76.20689655172414,9.816275813761322e-7
76.24137931034483,9.840977868849193e-7
76.27586206896552,9.845957080260028e-7
76.3103448275862,9.841312174871395e-7
76.34482758620689,9.81038871013879e-7
76.37931034482759,9.811223063475809e-7
76.41379310344827,9.85748477798387e-7
76.44827586206897,9.818328167986732e-7
76.48275862068965,9.807667294507472e-7
76.51724137931035,9.87302892225466e-7
76.55172413793103,9.832459416148926e-7
76.58620689655173,9.762916341363738e-7
76.62068965517241,9.824156574354438e-7
76.65517241379311,9.855094377596208e-7
76.6896551724138,9.793680757096578e-7
76.72413793103448,9.937167336521893e-7
76.75862068965517,9.684332516676186e-7
76.79310344827586,9.758270741397943e-7
76.82758620689656,9.929359560646865e-7
76.86206896551724,9.821218203804244e-7
76.89655172413794,9.783945450206884e-7
76.93103448275862,9.816190472034467e-7
76.96551724137932,9.828240138114096e-7
77.,9.763625215016775e-7
77.03448275862068,9.79126868197544e-7
77.06896551724138,9.868514658107402e-7
77.10344827586206,9.795179937394162e-7
77.13793103448276,9.780384781009045e-7
77.17241379310344,9.802484509156616e-7
77.20689655172414,9.793934680499378e-7
77.24137931034483,9.808903224438032e-7
77.27586206896552,9.825599438615492e-7
77.3103448275862,9.79703603109652e-7
77.34482758620689,9.78293304160886e-7
77.37931034482759,9.794055247274084e-7
77.41379310344827,9.794236230632373e-7
77.44827586206897,9.793726739297518e-7
77.48275862068965,9.806244514856259e-7
77.51724137931035,9.793771321087346e-7
77.55172413793103,9.789087721988377e-7
77.58620689655173,9.777721267658526e-7
77.62068965517241,9.800106989594757e-7
77.65517241379311,9.801436108753263e-7
77.6896551724138,9.787910729098274e-7
77.72413793103448,9.779360545057646e-7
77.75862068965517,9.780132788863085e-7
77.79310344827586,9.790001702721704e-7
77.82758620689656,9.789750447501404e-7
77.86206896551724,9.79211343980997e-7
77.89655172413794,9.78262345360001e-7
77.93103448275862,9.76784739127685e-7
77.96551724137932,9.77190018880763e-7
78.,9.78484314934882e-7
78.03448275862068,9.784861695388275e-7
78.06896551724138,9.791781177099216e-7
78.10344827586206,9.781450207316078e-7
78.13793103448276,9.769471084057086e-7
78.17241379310344,9.768983584907746e-7
78.20689655172414,9.777414759405805e-7
78.24137931034483,9.778102927302854e-7
78.27586206896552,9.775565704535082e-7
78.3103448275862,9.775143549658168e-7
78.34482758620689,9.767193923042715e-7
78.37931034482759,9.758159545712548e-7
78.41379310344827,9.782824115759367e-7
78.44827586206897,9.781811604748304e-7
78.48275862068965,9.751313686331043e-7
78.51724137931035,9.757520511608542e-7
78.55172413793103,9.782385459416647e-7
78.58620689655173,9.768439676460981e-7
78.62068965517241,9.76102812993125e-7
78.65517241379311,9.759730225192723e-7
78.6896551724138,9.762569498231901e-7
78.72413793103448,9.767685112601297e-7
78.75862068965517,9.752546494223837e-7
78.79310344827586,9.752456548177737e-7
78.82758620689656,9.770198303785416e-7
78.86206896551724,9.76606836300971e-7
78.89655172413794,9.755556295812534e-7
78.93103448275862,9.752920631608474e-7
78.96551724137932,9.750056962153006e-7
79.,9.747650719426952e-7
79.03448275862068,9.76224138274035e-7
79.06896551724138,9.769834355749809e-7
79.10344827586206,9.757799887844187e-7
79.13793103448276,9.746620231912905e-7
79.17241379310344,9.754537714899644e-7
79.20689655172414,9.732810978897994e-7
79.24137931034483,9.736248735986045e-7
79.27586206896552,9.75082505083711e-7
79.3103448275862,9.761180686857348e-7
79.34482758620689,9.760637120755953e-7
79.37931034482759,9.733275463881694e-7
79.41379310344827,9.736553054315329e-7
79.44827586206897,9.75204901922715e-7
79.48275862068965,9.747290192772295e-7
79.51724137931035,9.742382294315042e-7
79.55172413793103,9.745234525165536e-7
79.58620689655173,9.744635108985774e-7
79.62068965517241,9.7492012087298e-7
79.65517241379311,9.733856523227163e-7
79.6896551724138,9.733707596879726e-7
79.72413793103448,9.748440980932474e-7
79.75862068965517,9.744561423140968e-7
79.79310344827586,9.749904176467233e-7
79.82758620689656,9.743872518957172e-7
79.86206896551724,9.734761953694032e-7
79.89655172413794,9.713466529000315e-7
79.93103448275862,9.713139550760706e-7
79.96551724137932,9.716724978521054e-7
80.,9.747011504489803e-7
80.03448275862068,9.74856123451767e-7
80.06896551724138,9.719246332325038e-7
80.10344827586206,9.711968333833548e-7
80.13793103448276,9.763126666203886e-7
80.17241379310344,9.756204960742643e-7
80.20689655172414,9.69842904506463e-7
80.24137931034483,9.738606484991399e-7
80.27586206896552,9.776251349067304e-7
80.3103448275862,9.734668447524171e-7
80.34482758620689,9.688533522594902e-7
80.37931034482759,9.712472506783628e-7
80.41379310344827,9.745760059564563e-7
80.44827586206897,9.724924803377026e-7
80.48275862068965,9.687252318924027e-7
80.51724137931035,9.699934151590122e-7
80.55172413793103,9.752690013799782e-7
80.58620689655173,9.7041838701309e-7
80.62068965517241,9.718054485855003e-7
80.65517241379311,9.72362633857834e-7
80.6896551724138,9.706475066004566e-7
80.72413793103448,9.773507435683747e-7
80.75862068965517,9.751282587763366e-7
80.79310344827586,9.69717028244146e-7
80.82758620689656,9.689068341266034e-7
80.86206896551724,9.69903207487658e-7
80.89655172413794,9.718924226088098e-7
80.93103448275862,9.717284092747785e-7
80.96551724137932,9.718798727904708e-7
81.,9.750141281527387e-7
81.03448275862068,9.718051062012218e-7
81.06896551724138,9.676457875268753e-7
81.10344827586206,9.70578036066176e-7
81.13793103448276,9.759858474983053e-7
81.17241379310344,9.74485559486116e-7
81.20689655172414,9.674655697575587e-7
81.24137931034483,9.659411471278056e-7
81.27586206896552,9.71829337419323e-7
81.3103448275862,9.705544012002906e-7
81.34482758620689,9.678897121331121e-7
81.37931034482759,9.702710258490532e-7
81.41379310344827,9.759089682935234e-7
81.44827586206897,9.735560533620583e-7
81.48275862068965,9.671104132297693e-7
81.51724137931035,9.705287804375269e-7
81.55172413793103,9.72280755841775e-7
81.58620689655173,9.698824161970857e-7
81.62068965517241,9.6901144850963e-7
81.65517241379311,9.726799775981697e-7
81.6896551724138,9.711052717873163e-7
81.72413793103448,9.69232230522227e-7
81.75862068965517,9.697131407426192e-7
81.79310344827586,9.709148179411217e-7
81.82758620689656,9.686776072951835e-7
81.86206896551724,9.694815566447062e-7
81.89655172413794,9.707188623477607e-7
81.93103448275862,9.700839748700715e-7
81.96551724137932,9.700691998786436e-7
82.,9.709527962772457e-7
82.03448275862068,9.704918339231954e-7
82.06896551724138,9.67746006932385e-7
82.10344827586206,9.675947493335141e-7
82.13793103448276,9.711802816423918e-7
82.17241379310344,9.708223116495538e-7
82.20689655172414,9.6939064071617e-7
82.24137931034483,9.696586278802751e-7
82.27586206896552,9.7006167189586e-7
82.3103448275862,9.69805802618023e-7
82.34482758620689,9.682001114951253e-7
82.37931034482759,9.6852856254687e-7
82.41379310344827,9.70214367508867e-7
82.44827586206897,9.69988064618425e-7
82.48275862068965,9.700306531818969e-7
82.51724137931035,9.688947138640248e-7
82.55172413793103,9.68477361565025e-7
82.58620689655173,9.691448312661416e-7
82.62068965517241,9.702818523485222e-7
82.65517241379311,9.68394538915731e-7
82.6896551724138,9.686698251997122e-7
82.72413793103448,9.697414798834471e-7
82.75862068965517,9.698858865683308e-7
82.79310344827586,9.672590309304435e-7
82.82758620689656,9.686828478368974e-7
82.86206896551724,9.701119064200403e-7
82.89655172413794,9.69354848265189e-7
82.93103448275862,9.669405223065366e-7
82.96551724137932,9.66845225931569e-7
83.,9.692526295094344e-7
83.03448275862068,9.694698486482338e-7
83.06896551724138,9.684340850628445e-7
83.10344827586206,9.689273785765903e-7
83.13793103448276,9.711365584794208e-7
83.17241379310344,9.7026743844352e-7
83.20689655172414,9.681394275082306e-7
83.24137931034483,9.673233341781018e-7
83.27586206896552,9.66775578099869e-7
83.3103448275862,9.668097579213342e-7
83.34482758620689,9.681664889213595e-7
83.37931034482759,9.687527634628059e-7
83.41379310344827,9.70088208783706e-7
83.44827586206897,9.687817959255074e-7
83.48275862068965,9.676589656578663e-7
83.51724137931035,9.670265946983987e-7
83.55172413793103,9.684912347750283e-7
83.58620689655173,9.686022017771544e-7
83.62068965517241,9.67514995429795e-7
83.65517241379311,9.67279081703042e-7
83.6896551724138,9.701805808844997e-7
83.72413793103448,9.69467751650541e-7
83.75862068965517,9.676959953774854e-7
83.79310344827586,9.679416769721053e-7
83.82758620689656,9.675889144844237e-7
83.86206896551724,9.670858910267927e-7
83.89655172413794,9.681801008619017e-7
83.93103448275862,9.663652630776228e-7
83.96551724137932,9.67993772110598e-7
84.,9.685402420667002e-7
84.03448275862068,9.696900181546329e-7
84.06896551724138,9.677542428831823e-7
84.10344827586206,9.669665425916502e-7
84.13793103448276,9.688767534091612e-7
84.17241379310344,9.67470132131976e-7
84.20689655172414,9.656263587453003e-7
84.24137931034483,9.660456405918644e-7
84.27586206896552,9.685558201733018e-7
84.3103448275862,9.701764585136082e-7
84.34482758620689,9.67944787882454e-7
84.37931034482759,9.665341011501069e-7
84.41379310344827,9.673134647733855e-7
84.44827586206897,9.682903703278895e-7
84.48275862068965,9.679242573373526e-7
84.51724137931035,9.66001683285276e-7
84.55172413793103,9.665445229803349e-7
84.58620689655173,9.681743981746783e-7
84.62068965517241,9.697029063972669e-7
84.65517241379311,9.66936868108536e-7
84.6896551724138,9.669818309487698e-7
84.72413793103448,9.67919007024282e-7
84.75862068965517,9.678601227353913e-7
84.79310344827586,9.686132143547486e-7
84.82758620689656,9.670009608206035e-7
84.86206896551724,9.670137637657054e-7
84.89655172413794,9.652221860893113e-7
84.93103448275862,9.66637682168004e-7
84.96551724137932,9.66861999248808e-7
85.,9.682046720901282e-7
85.03448275862068,9.675818526681805e-7
85.06896551724138,9.667051459160663e-7
85.10344827586206,9.671594153812452e-7
85.13793103448276,9.682099882841267e-7
85.17241379310344,9.681643173825152e-7
85.20689655172414,9.675725642834143e-7
85.24137931034483,9.65748353586307e-7
85.27586206896552,9.687660166522606e-7
85.3103448275862,9.694971450246983e-7
85.34482758620689,9.655528997508374e-7
85.37931034482759,9.666872364238382e-7
85.41379310344827,9.684413579650173e-7
85.44827586206897,9.683640735700597e-7
85.48275862068965,9.661332711430182e-7
85.51724137931035,9.650791170634943e-7
85.55172413793103,9.683691459534318e-7
85.58620689655173,9.68853222051089e-7
85.62068965517241,9.633612195550448e-7
85.65517241379311,9.652358493092217e-7
85.6896551724138,9.696159192989862e-7
85.72413793103448,9.713384196244408e-7
85.75862068965517,9.658470585369303e-7
85.79310344827586,9.664824303974151e-7
85.82758620689656,9.653423778477434e-7
85.86206896551724,9.671398393817108e-7
85.89655172413794,9.67293484301252e-7
85.93103448275862,9.67692302906409e-7
85.96551724137932,9.66964388596818e-7
86.,9.699493342841974e-7
86.03448275862068,9.676503734427021e-7
86.06896551724138,9.62714455887076e-7
86.10344827586206,9.668261715475873e-7
86.13793103448276,9.699125274090077e-7
86.17241379310344,9.683875567230814e-7
