0.5436141490936279,81.1106719642011,140.4878048780488,44.04878048780488,173.20508075688778,-218.75,-0.9375,277.12812921102045,6.5,167.75000000000003
0.6198618412017822,139.14383056620272,200.3347280334728,15.313807531380755,169.67028319042066,-214.89795918367346,0.15306122448979595,272.5850451255939,6.885245901639344,166.72131147540983
0.6961979866027832,143.3421357988037,205.08620689655172,14.353448275862071,169.67028319042066,-215.81632653061226,1.2244897959183676,270.368906547337,7.317073170731708,166.34146341463415
0.7440080642700195,143.3421357988037,205.08620689655172,14.224137931034484,169.67028319042066,-216.12244897959184,1.5306122448979593,272.5850451255939,6.885245901639344,167.21311475409837
0.7921252250671387,142.726933499238,204.206008583691,14.291845493562233,169.67028319042066,-216.12244897959184,1.3775510204081636,272.5850451255939,6.885245901639344,167.70491803278688
0.8406529426574707,143.3421357988037,205.08620689655172,14.353448275862071,169.67028319042066,-216.12244897959184,1.2244897959183676,272.5850451255939,6.885245901639344,167.45901639344262
0.8886492252349854,144.5885891535759,206.34782608695653,14.608695652173916,168.80901271737287,-214.72081218274113,1.0659898477157361,274.837814093574,6.9421487603305785,168.84297520661158
0.9532461166381836,143.3421357988037,204.82758620689654,14.353448275862071,170.54038720678182,-217.23076923076923,1.076923076923077,272.5850451255939,6.885245901639344,167.45901639344262
1.0012562274932861,143.9626645252054,205.71428571428572,14.545454545454547,168.80901271737287,-214.72081218274113,1.3705583756345177,272.5850451255939,6.885245901639344,167.70491803278688
1.049759864807129,143.9626645252054,205.71428571428572,14.415584415584417,168.80901271737287,-215.0253807106599,1.3705583756345177,274.837814093574,6.9421487603305785,168.84297520661158
1.0973968505859375,144.5885891535759,206.34782608695653,14.608695652173916,168.80901271737287,-215.0253807106599,1.5228426395939085,272.5850451255939,6.885245901639344,167.45901639344262
1.1452131271362305,144.5885891535759,206.34782608695653,14.478260869565219,168.80901271737287,-214.72081218274113,1.218274111675127,274.837814093574,6.9421487603305785,169.09090909090912
1.1933281421661377,143.3421357988037,205.08620689655172,14.482758620689657,169.67028319042066,-216.12244897959184,1.2244897959183676,272.5850451255939,6.885245901639344,167.45901639344262
1.2414939403533936,144.5885891535759,206.34782608695653,14.608695652173916,168.80901271737287,-214.72081218274113,1.218274111675127,272.5850451255939,6.885245901639344,167.21311475409837
1.2895030975341797,143.3421357988037,204.82758620689654,14.482758620689657,170.54038720678182,-217.23076923076923,1.230769230769231,272.5850451255939,6.885245901639344,167.70491803278688
1.3377971649169922,143.3421357988037,205.08620689655172,14.224137931034484,169.67028319042066,-216.12244897959184,1.3775510204081636,274.837814093574,6.9421487603305785,168.84297520661158
1.3853280544281006,143.9626645252054,205.45454545454547,14.415584415584417,169.67028319042066,-215.81632653061226,1.2244897959183676,274.837814093574,6.9421487603305785,168.84297520661158
1.4333410263061523,144.5885891535759,206.6086956521739,14.478260869565219,168.80901271737287,-214.72081218274113,1.218274111675127,272.5850451255939,6.885245901639344,167.70491803278688
1.4976081848144531,144.5885891535759,206.34782608695653,14.478260869565219,168.80901271737287,-214.72081218274113,1.5228426395939085,272.5850451255939,6.885245901639344,167.45901639344262
1.545248031616211,142.726933499238,204.46351931330472,14.4206008583691,169.67028319042066,-215.81632653061226,1.2244897959183676,272.5850451255939,6.885245901639344,167.45901639344262
1.5936732292175293,143.9626645252054,205.45454545454547,14.545454545454547,169.67028319042066,-215.81632653061226,1.2244897959183676,274.837814093574,6.9421487603305785,169.09090909090912
1.6413180828094482,144.5885891535759,206.34782608695653,14.608695652173916,168.80901271737287,-214.72081218274113,1.3705583756345177,272.5850451255939,6.885245901639344,167.95081967213116
1.6893911361694336,143.9626645252054,205.71428571428572,14.545454545454547,169.67028319042066,-216.12244897959184,1.2244897959183676,272.5850451255939,6.885245901639344,167.70491803278688
1.7374298572540283,142.726933499238,204.206008583691,14.4206008583691,168.80901271737287,-214.72081218274113,1.218274111675127,274.837814093574,6.9421487603305785,168.84297520661158
1.7854418754577637,142.11698933898484,203.5897435897436,14.487179487179487,169.67028319042066,-216.12244897959184,1.3775510204081636,272.5850451255939,6.885245901639344,167.70491803278688
1.8332531452178955,143.9626645252054,205.97402597402598,14.545454545454547,169.67028319042066,-216.12244897959184,1.3775510204081636,274.837814093574,6.9421487603305785,169.09090909090912
1.8974609375,144.5885891535759,206.6086956521739,14.478260869565219,168.80901271737287,-214.72081218274113,1.218274111675127,272.5850451255939,7.377049180327869,167.70491803278688
1.9451041221618652,143.9626645252054,205.71428571428572,14.545454545454547,168.80901271737287,-215.0253807106599,1.3705583756345177,272.5850451255939,6.885245901639344,167.70491803278688
1.9933040142059326,143.9626645252054,205.45454545454547,14.415584415584417,169.67028319042066,-216.12244897959184,1.3775510204081636,272.5850451255939,6.885245901639344,167.45901639344262
2.041393995285034,144.5885891535759,206.34782608695653,14.608695652173916,169.67028319042066,-216.12244897959184,1.5306122448979593,272.5850451255939,6.885245901639344,167.70491803278688
2.1215131282806396,143.9626645252054,205.71428571428572,14.415584415584417,169.67028319042066,-216.12244897959184,1.2244897959183676,272.5850451255939,6.885245901639344,167.45901639344262
2.1697781085968018,143.9626645252054,205.71428571428572,14.545454545454547,169.67028319042066,-216.12244897959184,1.2244897959183676,272.5850451255939,6.885245901639344,167.45901639344262
2.2178101539611816,143.3421357988037,205.08620689655172,14.353448275862071,169.67028319042066,-216.12244897959184,1.2244897959183676,272.5850451255939,6.885245901639344,167.21311475409837
2.265787124633789,141.5122361928615,202.9787234042553,14.297872340425531,170.54038720678182,-217.23076923076923,1.230769230769231,272.5850451255939,6.885245901639344,167.70491803278688
2.313256025314331,143.9626645252054,205.97402597402598,14.415584415584417,168.80901271737287,-214.72081218274113,1.218274111675127,272.5850451255939,6.885245901639344,167.70491803278688
2.3609790802001953,142.726933499238,204.46351931330472,14.4206008583691,169.67028319042066,-216.12244897959184,1.0714285714285716,272.5850451255939,6.885245901639344,167.21311475409837
2.409806966781616,143.3421357988037,204.82758620689654,14.353448275862071,168.80901271737287,-215.0253807106599,1.0659898477157361,272.5850451255939,6.885245901639344,167.45901639344262
2.4573311805725098,143.9626645252054,205.71428571428572,14.545454545454547,169.67028319042066,-216.12244897959184,1.2244897959183676,272.5850451255939,6.885245901639344,167.45901639344262
2.505449056625366,143.9626645252054,205.71428571428572,14.285714285714288,169.67028319042066,-216.12244897959184,1.2244897959183676,272.5850451255939,6.885245901639344,167.45901639344262
2.5532310009002686,143.9626645252054,205.45454545454547,14.285714285714288,168.80901271737287,-215.0253807106599,1.218274111675127,272.5850451255939,6.885245901639344,167.70491803278688
2.6011910438537598,142.726933499238,204.46351931330472,14.163090128755366,168.80901271737287,-215.0253807106599,1.3705583756345177,274.837814093574,6.9421487603305785,168.59504132231407
2.6502859592437744,143.3421357988037,205.08620689655172,14.224137931034484,170.54038720678182,-217.53846153846155,1.230769230769231,272.5850451255939,6.885245901639344,167.21311475409837
2.713780164718628,143.9626645252054,205.97402597402598,14.285714285714288,169.67028319042066,-216.12244897959184,1.2244897959183676,272.5850451255939,6.885245901639344,167.70491803278688
2.7612810134887695,142.726933499238,204.46351931330472,14.291845493562233,168.80901271737287,-215.0253807106599,1.218274111675127,272.5850451255939,6.885245901639344,167.45901639344262
2.8093888759613037,143.3421357988037,205.3448275862069,14.224137931034484,168.80901271737287,-214.72081218274113,1.0659898477157361,272.5850451255939,6.885245901639344,167.45901639344262
2.857422113418579,144.5885891535759,206.6086956521739,14.478260869565219,168.80901271737287,-215.0253807106599,1.218274111675127,272.5850451255939,6.885245901639344,167.45901639344262
2.905359983444214,143.9626645252054,205.71428571428572,14.415584415584417,169.67028319042066,-216.12244897959184,1.0714285714285716,272.5850451255939,6.885245901639344,167.70491803278688
2.953386068344116,144.5885891535759,206.6086956521739,14.347826086956523,169.67028319042066,-216.12244897959184,1.2244897959183676,272.5850451255939,6.885245901639344,167.45901639344262
3.001365900039673,143.9626645252054,205.97402597402598,14.285714285714288,169.67028319042066,-216.42857142857142,1.2244897959183676,274.837814093574,6.9421487603305785,168.84297520661158
3.0492992401123047,143.9626645252054,205.97402597402598,14.415584415584417,170.54038720678182,-217.53846153846155,1.3846153846153848,274.837814093574,6.9421487603305785,168.59504132231407
3.113736152648926,142.726933499238,204.46351931330472,14.291845493562233,168.80901271737287,-215.0253807106599,1.218274111675127,272.5850451255939,6.885245901639344,167.70491803278688
3.1614420413970947,143.3421357988037,205.3448275862069,14.353448275862071,169.67028319042066,-216.12244897959184,0.9183673469387756,274.837814093574,6.9421487603305785,169.09090909090912
3.209339141845703,143.9626645252054,205.97402597402598,14.415584415584417,169.67028319042066,-216.42857142857142,1.0714285714285716,272.5850451255939,6.885245901639344,167.70491803278688
3.2577719688415527,142.726933499238,204.46351931330472,14.291845493562233,169.67028319042066,-216.42857142857142,1.2244897959183676,270.368906547337,7.317073170731708,165.85365853658536
3.3054041862487793,143.9626645252054,205.97402597402598,14.415584415584417,169.67028319042066,-216.42857142857142,1.0714285714285716,272.5850451255939,6.885245901639344,167.45901639344262
3.3534061908721924,142.11698933898484,203.84615384615384,14.102564102564102,169.67028319042066,-216.42857142857142,1.0714285714285716,272.5850451255939,6.885245901639344,167.45901639344262
3.4014618396759033,143.3421357988037,205.3448275862069,14.353448275862071,168.80901271737287,-215.0253807106599,1.0659898477157361,272.5850451255939,6.885245901639344,167.70491803278688
3.44978404045105,143.3421357988037,205.3448275862069,14.224137931034484,170.54038720678182,-217.53846153846155,1.230769230769231,272.5850451255939,7.377049180327869,167.45901639344262
3.5138449668884277,143.3421357988037,205.3448275862069,14.353448275862071,168.80901271737287,-215.0253807106599,1.218274111675127,272.5850451255939,6.885245901639344,167.70491803278688
3.561082124710083,143.9626645252054,205.97402597402598,14.285714285714288,169.67028319042066,-216.12244897959184,0.9183673469387756,272.5850451255939,6.885245901639344,167.45901639344262
3.6417770385742188,143.9626645252054,205.97402597402598,14.285714285714288,169.67028319042066,-216.42857142857142,1.0714285714285716,272.5850451255939,6.885245901639344,167.45901639344262
3.6893820762634277,143.9626645252054,206.23376623376623,14.285714285714288,169.67028319042066,-216.12244897959184,1.0714285714285716,274.837814093574,6.9421487603305785,168.84297520661158
3.737776041030884,143.3421357988037,205.08620689655172,14.353448275862071,169.67028319042066,-216.12244897959184,0.9183673469387756,274.837814093574,6.9421487603305785,168.84297520661158
3.78528094291687,143.9626645252054,205.71428571428572,14.285714285714288,169.67028319042066,-216.12244897959184,1.0714285714285716,272.5850451255939,6.885245901639344,167.70491803278688
3.833667039871216,143.3421357988037,205.08620689655172,14.353448275862071,170.54038720678182,-217.53846153846155,1.230769230769231,272.5850451255939,6.885245901639344,167.70491803278688
3.881209135055542,143.3421357988037,205.08620689655172,14.224137931034484,168.80901271737287,-215.0253807106599,1.0659898477157361,272.5850451255939,6.885245901639344,167.70491803278688
3.9297802448272705,142.726933499238,204.46351931330472,14.291845493562233,169.67028319042066,-216.42857142857142,0.9183673469387756,272.5850451255939,6.885245901639344,167.45901639344262
3.977415084838867,142.726933499238,204.46351931330472,14.163090128755366,168.80901271737287,-215.0253807106599,1.0659898477157361,272.5850451255939,6.885245901639344,167.70491803278688
4.0255279541015625,144.5885891535759,206.6086956521739,14.347826086956523,169.67028319042066,-216.12244897959184,1.0714285714285716,272.5850451255939,6.885245901639344,167.45901639344262
4.073369026184082,143.9626645252054,205.71428571428572,14.285714285714288,168.80901271737287,-215.0253807106599,1.3705583756345177,272.5850451255939,6.885245901639344,167.70491803278688
4.121369123458862,144.5885891535759,206.6086956521739,14.478260869565219,168.80901271737287,-215.0253807106599,1.218274111675127,270.368906547337,7.317073170731708,166.09756097560975
4.169223070144653,143.9626645252054,205.71428571428572,14.415584415584417,169.67028319042066,-216.42857142857142,1.0714285714285716,272.5850451255939,6.885245901639344,167.45901639344262
4.217731952667236,143.9626645252054,205.97402597402598,14.285714285714288,170.54038720678182,-217.23076923076923,1.076923076923077,274.837814093574,6.9421487603305785,169.09090909090912
4.265373229980469,143.9626645252054,205.97402597402598,14.285714285714288,169.67028319042066,-216.42857142857142,1.2244897959183676,272.5850451255939,6.885245901639344,167.45901639344262
4.313819169998169,142.726933499238,204.46351931330472,14.163090128755366,169.67028319042066,-216.12244897959184,1.2244897959183676,272.5850451255939,6.885245901639344,167.21311475409837
4.361222982406616,143.3421357988037,205.08620689655172,14.224137931034484,169.67028319042066,-216.12244897959184,1.0714285714285716,272.5850451255939,6.885245901639344,167.45901639344262
4.409257173538208,142.726933499238,204.46351931330472,14.291845493562233,169.67028319042066,-216.42857142857142,1.0714285714285716,272.5850451255939,6.885245901639344,167.21311475409837
4.457759141921997,143.9626645252054,205.97402597402598,14.285714285714288,169.67028319042066,-216.12244897959184,1.0714285714285716,274.837814093574,6.9421487603305785,168.84297520661158
4.505374193191528,142.726933499238,204.46351931330472,14.163090128755366,170.54038720678182,-217.53846153846155,1.230769230769231,270.368906547337,6.829268292682927,166.34146341463415
4.553112983703613,143.3421357988037,205.3448275862069,14.353448275862071,169.67028319042066,-216.12244897959184,1.0714285714285716,274.837814093574,6.9421487603305785,169.09090909090912
4.601311922073364,143.9626645252054,205.97402597402598,14.285714285714288,169.67028319042066,-216.12244897959184,1.0714285714285716,272.5850451255939,6.885245901639344,167.45901639344262
4.649255037307739,143.3421357988037,205.3448275862069,14.224137931034484,169.67028319042066,-216.12244897959184,1.0714285714285716,272.5850451255939,6.885245901639344,167.70491803278688
4.713780164718628,144.5885891535759,206.34782608695653,14.347826086956523,170.54038720678182,-217.53846153846155,1.230769230769231,272.5850451255939,6.885245901639344,167.70491803278688
4.7612221240997314,143.3421357988037,205.08620689655172,14.353448275862071,170.54038720678182,-217.53846153846155,1.230769230769231,272.5850451255939,6.885245901639344,167.70491803278688
4.809668064117432,142.726933499238,204.72103004291844,14.291845493562233,170.54038720678182,-217.53846153846155,1.076923076923077,274.837814093574,6.9421487603305785,168.84297520661158
4.857511043548584,143.3421357988037,205.3448275862069,14.094827586206899,169.67028319042066,-216.12244897959184,0.9183673469387756,272.5850451255939,6.885245901639344,167.45901639344262
4.90556788444519,144.5885891535759,206.6086956521739,14.478260869565219,168.80901271737287,-214.72081218274113,0.9137055837563451,270.368906547337,7.317073170731708,166.34146341463415
4.953732013702393,143.3421357988037,205.08620689655172,14.094827586206899,169.67028319042066,-216.42857142857142,0.9183673469387756,272.5850451255939,6.885245901639344,167.45901639344262
5.001111030578613,143.9626645252054,205.97402597402598,14.155844155844157,168.80901271737287,-215.0253807106599,1.0659898477157361,274.837814093574,6.9421487603305785,168.84297520661158
5.0497400760650635,142.726933499238,204.206008583691,14.0343347639485,168.80901271737287,-215.0253807106599,1.0659898477157361,272.5850451255939,6.885245901639344,167.70491803278688
5.129173040390015,142.726933499238,204.46351931330472,14.4206008583691,169.67028319042066,-216.12244897959184,0.9183673469387756,272.5850451255939,6.885245901639344,167.70491803278688
5.177679061889648,145.21998037258714,207.5109170305677,14.279475982532752,168.80901271737287,-215.0253807106599,0.9137055837563451,272.5850451255939,6.885245901639344,167.21311475409837
5.225378036499023,143.3421357988037,205.3448275862069,14.224137931034484,169.67028319042066,-216.12244897959184,1.0714285714285716,272.5850451255939,6.885245901639344,167.70491803278688
5.273113012313843,142.726933499238,204.46351931330472,14.291845493562233,168.80901271737287,-215.0253807106599,1.0659898477157361,274.837814093574,6.9421487603305785,168.84297520661158
5.321974039077759,143.3421357988037,205.08620689655172,14.353448275862071,169.67028319042066,-216.42857142857142,1.2244897959183676,272.5850451255939,6.885245901639344,167.70491803278688
5.369977951049805,143.3421357988037,205.3448275862069,14.224137931034484,169.67028319042066,-216.12244897959184,1.2244897959183676,272.5850451255939,7.377049180327869,167.70491803278688
5.417513132095337,143.9626645252054,206.23376623376623,14.155844155844157,169.67028319042066,-216.42857142857142,1.2244897959183676,274.837814093574,6.9421487603305785,168.84297520661158
5.465769052505493,144.5885891535759,207.1304347826087,14.347826086956523,169.67028319042066,-216.12244897959184,0.9183673469387756,272.5850451255939,7.377049180327869,167.21311475409837
5.529843091964722,142.726933499238,204.46351931330472,14.163090128755366,169.67028319042066,-216.42857142857142,1.0714285714285716,272.5850451255939,6.885245901639344,167.70491803278688
5.577417850494385,143.3421357988037,205.60344827586206,14.353448275862071,169.67028319042066,-216.12244897959184,1.2244897959183676,274.837814093574,6.9421487603305785,169.09090909090912
5.62516713142395,144.5885891535759,206.8695652173913,14.478260869565219,168.80901271737287,-215.0253807106599,1.0659898477157361,274.837814093574,6.9421487603305785,169.09090909090912
5.674170970916748,143.9626645252054,205.71428571428572,14.415584415584417,169.67028319042066,-216.42857142857142,1.2244897959183676,272.5850451255939,6.885245901639344,167.70491803278688
5.721994876861572,143.3421357988037,205.3448275862069,14.482758620689657,169.67028319042066,-216.42857142857142,1.5306122448979593,272.5850451255939,6.885245901639344,167.70491803278688
5.7716991901397705,143.9626645252054,205.97402597402598,14.415584415584417,169.67028319042066,-216.42857142857142,1.3775510204081636,270.368906547337,7.317073170731708,166.34146341463415
5.81737208366394,143.9626645252054,206.23376623376623,14.545454545454547,168.80901271737287,-215.0253807106599,1.218274111675127,274.837814093574,6.9421487603305785,169.09090909090912
5.865628004074097,143.3421357988037,205.08620689655172,14.353448275862071,169.67028319042066,-216.42857142857142,1.2244897959183676,272.5850451255939,6.885245901639344,167.70491803278688
5.931318998336792,143.9626645252054,205.71428571428572,14.415584415584417,169.67028319042066,-216.42857142857142,1.2244897959183676,272.5850451255939,6.885245901639344,167.95081967213116
5.985007047653198,143.3421357988037,205.3448275862069,14.353448275862071,168.80901271737287,-215.0253807106599,1.218274111675127,272.5850451255939,6.885245901639344,167.70491803278688
6.04143500328064,142.726933499238,204.206008583691,14.163090128755366,169.67028319042066,-216.12244897959184,1.0714285714285716,272.5850451255939,6.885245901639344,167.21311475409837
6.089450836181641,143.9626645252054,205.71428571428572,14.155844155844157,168.80901271737287,-214.72081218274113,0.9137055837563451,272.5850451255939,6.885245901639344,167.45901639344262
6.137243986129761,142.726933499238,203.94849785407726,14.0343347639485,169.67028319042066,-216.42857142857142,0.7653061224489797,272.5850451255939,6.885245901639344,167.45901639344262
6.185086250305176,143.3421357988037,205.08620689655172,13.836206896551726,168.80901271737287,-214.72081218274113,0.6091370558375635,272.5850451255939,6.885245901639344,167.21311475409837
6.234019994735718,143.9626645252054,205.97402597402598,13.766233766233768,169.67028319042066,-215.81632653061226,0.6122448979591838,272.5850451255939,6.885245901639344,167.45901639344262
6.2816760540008545,142.726933499238,204.46351931330472,13.776824034334766,168.80901271737287,-215.0253807106599,0.7614213197969543,272.5850451255939,6.885245901639344,167.21311475409837
6.329320192337036,143.3421357988037,205.08620689655172,13.70689655172414,171.41946136764153,-218.659793814433,0.618556701030928,272.5850451255939,6.885245901639344,167.21311475409837
6.377573013305664,142.11698933898484,203.84615384615384,13.717948717948717,169.67028319042066,-216.12244897959184,0.7653061224489797,272.5850451255939,6.885245901639344,167.21311475409837
6.425403118133545,144.5885891535759,207.1304347826087,14.086956521739133,170.54038720678182,-217.53846153846155,0.6153846153846155,272.5850451255939,6.885245901639344,167.21311475409837
6.473695993423462,143.9626645252054,206.23376623376623,14.155844155844157,170.54038720678182,-217.84615384615384,0.9230769230769232,274.837814093574,6.9421487603305785,168.59504132231407
6.521079063415527,142.11698933898484,203.84615384615384,13.974358974358974,170.54038720678182,-218.15384615384616,1.230769230769231,272.5850451255939,6.885245901639344,167.45901639344262
6.569313049316406,143.3421357988037,205.86206896551724,14.353448275862071,170.54038720678182,-217.84615384615384,1.230769230769231,272.5850451255939,6.885245901639344,167.45901639344262
6.649225234985352,143.3421357988037,205.86206896551724,14.482758620689657,169.67028319042066,-217.0408163265306,1.5306122448979593,272.5850451255939,6.885245901639344,167.70491803278688
6.697140216827393,143.3421357988037,205.86206896551724,14.612068965517244,169.67028319042066,-216.73469387755102,1.6836734693877553,274.837814093574,6.9421487603305785,169.09090909090912
6.744969129562378,143.9626645252054,206.23376623376623,14.675324675324678,171.41946136764153,-219.58762886597938,1.8556701030927838,272.5850451255939,6.885245901639344,167.95081967213116
6.7928009033203125,142.726933499238,204.9785407725322,14.4206008583691,169.67028319042066,-216.73469387755102,1.5306122448979593,272.5850451255939,6.885245901639344,167.95081967213116
6.840939044952393,143.3421357988037,205.86206896551724,14.482758620689657,168.80901271737287,-215.0253807106599,1.218274111675127,272.5850451255939,7.377049180327869,167.95081967213116
6.889149188995361,145.21998037258714,207.24890829694323,14.541484716157205,169.67028319042066,-216.42857142857142,1.2244897959183676,272.5850451255939,6.885245901639344,167.95081967213116
6.936991930007935,144.5885891535759,206.6086956521739,14.347826086956523,168.80901271737287,-214.72081218274113,0.9137055837563451,272.5850451255939,6.885245901639344,167.95081967213116
6.985066890716553,143.3421357988037,204.82758620689654,13.70689655172414,168.80901271737287,-214.72081218274113,0.6091370558375635,272.5850451255939,6.885245901639344,167.45901639344262
7.033288240432739,143.3421357988037,204.82758620689654,13.31896551724138,168.80901271737287,-214.41624365482232,0.30456852791878175,270.368906547337,7.317073170731708,166.09756097560975
7.081433057785034,143.9626645252054,205.45454545454547,13.246753246753249,169.67028319042066,-215.20408163265307,-0.15306122448979595,272.5850451255939,7.377049180327869,167.21311475409837
7.129260063171387,143.3421357988037,204.56896551724137,13.060344827586208,169.67028319042066,-215.51020408163265,-0.3061224489795919,272.5850451255939,6.885245901639344,166.72131147540983
7.177492141723633,143.3421357988037,204.56896551724137,13.060344827586208,168.80901271737287,-214.41624365482232,-0.0,272.5850451255939,6.885245901639344,166.9672131147541
7.22516393661499,145.21998037258714,207.5109170305677,13.362445414847162,168.80901271737287,-214.72081218274113,-0.0,272.5850451255939,7.377049180327869,166.72131147540983
7.27333402633667,143.3421357988037,205.60344827586206,13.31896551724138,169.67028319042066,-216.42857142857142,0.4591836734693878,274.837814093574,6.9421487603305785,168.09917355371903
7.321019172668457,143.3421357988037,205.60344827586206,14.224137931034484,169.67028319042066,-216.73469387755102,1.2244897959183676,272.5850451255939,6.885245901639344,167.21311475409837
7.369055986404419,142.726933499238,205.23605150214593,14.678111587982835,169.67028319042066,-217.3469387755102,1.8367346938775513,272.5850451255939,6.885245901639344,167.21311475409837
7.417351007461548,143.3421357988037,206.63793103448276,15.258620689655174,169.67028319042066,-217.3469387755102,2.295918367346939,272.5850451255939,7.377049180327869,167.45901639344262
7.465524911880493,143.9626645252054,207.53246753246754,15.714285714285717,169.67028319042066,-217.6530612244898,2.908163265306123,272.5850451255939,7.377049180327869,167.45901639344262
7.529227018356323,143.3421357988037,206.1206896551724,15.905172413793105,170.54038720678182,-219.07692307692307,3.0769230769230775,272.5850451255939,6.885245901639344,168.19672131147541
7.576894044876099,142.726933499238,205.23605150214593,15.70815450643777,170.54038720678182,-218.46153846153845,3.0769230769230775,272.5850451255939,6.885245901639344,168.19672131147541
7.624977111816406,143.9626645252054,206.4935064935065,15.194805194805197,170.54038720678182,-217.84615384615384,2.0000000000000004,274.837814093574,6.9421487603305785,169.58677685950414
7.67301607131958,143.9626645252054,205.71428571428572,14.415584415584417,168.80901271737287,-214.41624365482232,0.9137055837563451,274.837814093574,6.9421487603305785,169.58677685950414
7.721065044403076,143.9626645252054,205.19480519480518,13.506493506493507,169.67028319042066,-215.20408163265307,0.15306122448979595,272.5850451255939,6.885245901639344,168.19672131147541
7.768994092941284,143.3421357988037,203.79310344827587,12.413793103448278,168.80901271737287,-213.1979695431472,-1.0659898477157361,272.5850451255939,6.885245901639344,167.70491803278688
7.817048072814941,143.9626645252054,204.93506493506493,11.81818181818182,168.80901271737287,-212.89340101522842,-1.9796954314720812,270.368906547337,7.317073170731708,165.85365853658536
7.865332126617432,143.3421357988037,204.31034482758622,11.508620689655174,167.956441946073,-212.12121212121212,-2.272727272727273,270.368906547337,7.317073170731708,165.3658536585366
7.929492235183716,142.11698933898484,202.82051282051282,11.794871794871796,167.956441946073,-212.42424242424244,-1.6666666666666667,272.5850451255939,6.885245901639344,166.47540983606558
7.9774329662323,143.9626645252054,205.71428571428572,12.5974025974026,169.67028319042066,-215.81632653061226,-0.7653061224489797,272.5850451255939,6.885245901639344,166.2295081967213
8.025315999984741,143.9626645252054,206.75324675324674,14.155844155844157,169.67028319042066,-216.73469387755102,0.9183673469387756,272.5850451255939,6.885245901639344,166.2295081967213
8.073281049728394,142.11698933898484,205.12820512820514,15.384615384615385,170.54038720678182,-218.76923076923077,2.7692307692307696,272.5850451255939,7.377049180327869,166.72131147540983
8.153774976730347,143.9626645252054,207.27272727272728,18.051948051948056,171.41946136764153,-221.1340206185567,5.2577319587628875,272.5850451255939,6.885245901639344,167.95081967213116
8.201328039169312,142.726933499238,206.26609442060087,18.412017167381975,170.54038720678182,-219.69230769230768,5.538461538461539,274.837814093574,6.9421487603305785,169.58677685950414
8.249235153198242,142.726933499238,206.00858369098714,17.639484978540775,170.54038720678182,-219.3846153846154,4.923076923076924,272.5850451255939,6.885245901639344,168.44262295081967
8.297632932662964,143.9626645252054,206.75324675324674,16.623376623376625,169.67028319042066,-216.73469387755102,3.3673469387755106,272.5850451255939,6.885245901639344,168.9344262295082
8.345471858978271,143.3421357988037,204.82758620689654,15.129310344827589,168.80901271737287,-215.0253807106599,1.9796954314720812,272.5850451255939,6.885245901639344,168.9344262295082
8.393589973449707,143.9626645252054,204.67532467532467,13.116883116883118,168.80901271737287,-213.502538071066,-0.6091370558375635,274.837814093574,6.446280991735537,169.83471074380168
8.441215991973877,143.3421357988037,203.79310344827587,10.732758620689657,169.67028319042066,-213.3673469387755,-3.0612244897959187,270.368906547337,7.317073170731708,166.34146341463415
8.489804029464722,143.9626645252054,203.8961038961039,9.350649350649352,169.67028319042066,-213.0612244897959,-4.591836734693878,270.368906547337,6.829268292682927,165.85365853658536
8.537775039672852,145.21998037258714,205.1528384279476,9.43231441048035,169.67028319042066,-213.0612244897959,-4.591836734693878,272.5850451255939,6.885245901639344,166.9672131147541
8.585471868515015,143.9626645252054,204.15584415584416,10.389610389610391,167.956441946073,-211.5151515151515,-3.3333333333333335,272.5850451255939,6.885245901639344,166.2295081967213
8.633348941802979,142.726933499238,204.206008583691,12.360515021459229,168.80901271737287,-214.11167512690355,-0.6091370558375635,274.837814093574,6.9421487603305785,167.60330578512398
8.681429862976074,143.3421357988037,205.60344827586206,15.38793103448276,168.80901271737287,-215.32994923857868,2.436548223350254,274.837814093574,6.9421487603305785,167.60330578512398
8.74574899673462,142.726933499238,204.9785407725322,18.283261802575108,169.67028319042066,-218.26530612244898,5.969387755102042,274.837814093574,6.9421487603305785,168.59504132231407
8.793000221252441,143.3421357988037,206.63793103448276,20.689655172413797,170.54038720678182,-219.69230769230768,8.461538461538463,274.837814093574,6.9421487603305785,169.09090909090912
8.841279983520508,143.9626645252054,207.27272727272728,21.42857142857143,171.41946136764153,-221.1340206185567,9.278350515463918,274.837814093574,6.9421487603305785,169.58677685950414
8.889195919036865,143.3421357988037,206.1206896551724,20.689655172413797,170.54038720678182,-219.07692307692307,8.153846153846155,274.837814093574,6.9421487603305785,169.83471074380168
8.937469005584717,145.8569101110634,207.6315789473684,18.42105263157895,168.80901271737287,-215.32994923857868,5.32994923857868,272.5850451255939,6.885245901639344,168.9344262295082
8.98533010482788,144.5885891535759,205.04347826086956,15.130434782608697,168.80901271737287,-213.80710659898477,1.6751269035532994,272.5850451255939,6.885245901639344,169.18032786885246
9.033268213272095,145.21998037258714,205.1528384279476,11.528384279475983,170.54038720678182,-213.84615384615384,-2.153846153846154,274.837814093574,6.9421487603305785,169.83471074380168
9.081624031066895,143.9626645252054,202.85714285714286,8.831168831168831,170.54038720678182,-212.6153846153846,-5.0769230769230775,272.5850451255939,6.885245901639344,167.70491803278688
9.145297050476074,143.9626645252054,202.5974025974026,8.051948051948052,170.54038720678182,-212.0,-6.153846153846155,272.5850451255939,6.885245901639344,167.21311475409837
9.193253993988037,143.9626645252054,202.5974025974026,9.220779220779223,170.54038720678182,-212.6153846153846,-5.0769230769230775,272.5850451255939,6.885245901639344,166.9672131147541
9.241520166397095,145.8569101110634,206.05263157894737,11.710526315789474,169.67028319042066,-212.44897959183675,-2.295918367346939,272.5850451255939,6.885245901639344,166.72131147540983
9.28923511505127,145.21998037258714,205.93886462882097,15.327510917030567,168.80901271737287,-212.89340101522842,2.284263959390863,274.837814093574,6.9421487603305785,168.59504132231407
9.337389945983887,143.9626645252054,204.93506493506493,19.090909090909093,168.80901271737287,-214.72081218274113,6.243654822335025,274.837814093574,6.9421487603305785,168.84297520661158
9.385179042816162,143.3421357988037,205.08620689655172,22.24137931034483,168.80901271737287,-215.63451776649745,9.898477157360405,277.12812921102045,7.0,171.00000000000003
9.433398008346558,145.21998037258714,208.0349344978166,23.973799126637555,169.67028319042066,-217.3469387755102,11.785714285714288,277.12812921102045,7.0,171.25000000000003
9.481192111968994,144.5885891535759,207.1304347826087,23.478260869565222,169.67028319042066,-217.0408163265306,11.173469387755103,277.12812921102045,7.0,171.75000000000003
9.545690059661865,145.21998037258714,206.72489082969432,21.353711790393014,170.54038720678182,-217.53846153846155,9.076923076923078,274.837814093574,6.9421487603305785,170.82644628099175
9.593247175216675,144.5885891535759,204.52173913043478,18.000000000000004,168.80901271737287,-213.1979695431472,5.32994923857868,272.5850451255939,6.885245901639344,169.672131147541
9.673801898956299,145.21998037258714,204.36681222707423,12.314410480349345,170.54038720678182,-212.0,-1.3846153846153848,270.368906547337,7.317073170731708,167.3170731707317
9.72141408920288,145.8569101110634,203.68421052631578,10.526315789473685,170.54038720678182,-210.76923076923077,-3.538461538461539,272.5850451255939,6.885245901639344,168.68852459016392
9.769352197647095,145.21998037258714,202.53275109170306,10.480349344978166,170.54038720678182,-209.84615384615384,-3.692307692307693,272.5850451255939,6.885245901639344,168.44262295081967
9.817690134048462,145.8569101110634,203.68421052631578,12.105263157894736,170.54038720678182,-210.15384615384616,-2.153846153846154,272.5850451255939,6.885245901639344,168.19672131147541
9.865747213363647,146.49945156529716,205.11013215859032,15.198237885462555,169.67028319042066,-210.0,1.2244897959183676,272.5850451255939,7.377049180327869,167.95081967213116
9.913523197174072,147.14767922709052,206.28318584070797,18.849557522123895,170.54038720678182,-212.92307692307693,5.692307692307693,277.12812921102045,7.0,171.00000000000003
9.961241006851196,145.8569101110634,204.73684210526315,21.18421052631579,169.67028319042066,-212.44897959183675,8.112244897959185,277.12812921102045,6.5,171.25000000000003
10.009131908416748,146.49945156529716,206.43171806167402,24.185022026431717,168.80901271737287,-212.28426395939087,11.573604060913706,279.45693701951643,6.554621848739496,173.4453781512605
10.057327032089233,145.21998037258714,205.1528384279476,25.152838427947597,168.80901271737287,-212.89340101522842,13.096446700507615,277.12812921102045,7.0,171.75000000000003
10.10508418083191,145.8569101110634,205.78947368421052,24.736842105263158,168.80901271737287,-212.58883248730965,13.096446700507615,279.45693701951643,7.0588235294117645,173.4453781512605
10.153780221939087,146.49945156529716,205.11013215859032,22.995594713656388,169.67028319042066,-213.3673469387755,11.020408163265309,279.45693701951643,6.554621848739496,173.94957983193277
10.201946020126343,147.14767922709052,205.2212389380531,20.17699115044248,170.54038720678182,-212.92307692307693,8.153846153846155,274.837814093574,6.9421487603305785,171.07438016528928
10.249317169189453,145.8569101110634,202.6315789473684,16.842105263157894,170.54038720678182,-210.76923076923077,4.153846153846154,274.837814093574,6.9421487603305785,171.07438016528928
10.297729015350342,146.49945156529716,202.46696035242292,14.801762114537445,170.54038720678182,-209.23076923076923,1.6923076923076925,274.837814093574,6.9421487603305785,170.82644628099175
10.345726251602173,147.14767922709052,202.30088495575222,14.070796460176991,170.54038720678182,-208.30769230769232,0.7692307692307694,274.837814093574,6.9421487603305785,171.07438016528928
10.393368005752563,147.14767922709052,202.0353982300885,14.070796460176991,172.3076451052977,-210.15544041450778,0.6217616580310881,274.837814093574,6.446280991735537,170.82644628099175
10.44121527671814,147.80166891254424,203.2,15.466666666666667,170.54038720678182,-207.69230769230768,2.153846153846154,277.12812921102045,6.5,172.25000000000003
10.489588975906372,147.14767922709052,203.09734513274336,18.1858407079646,172.3076451052977,-210.77720207253887,5.129533678756476,277.12812921102045,7.0,172.00000000000003
10.537574052810669,147.80166891254424,203.73333333333332,21.6,170.54038720678182,-209.84615384615384,8.615384615384617,279.45693701951643,6.554621848739496,173.94957983193277
10.585509061813354,147.80166891254424,204.26666666666668,24.8,171.41946136764153,-211.5463917525773,12.061855670103094,279.45693701951643,6.554621848739496,174.2016806722689
10.633246183395386,147.14767922709052,203.89380530973452,26.8141592920354,170.54038720678182,-211.3846153846154,14.153846153846157,279.45693701951643,6.554621848739496,174.45378151260505
10.682295083999634,147.80166891254424,205.06666666666666,27.333333333333332,172.3076451052977,-213.8860103626943,15.233160621761659,279.45693701951643,6.554621848739496,174.45378151260505
10.74527907371521,147.14767922709052,203.6283185840708,26.548672566371682,171.41946136764153,-212.16494845360825,14.536082474226806,279.45693701951643,6.554621848739496,174.9579831932773
10.793047904968262,147.80166891254424,203.2,24.666666666666668,171.41946136764153,-211.5463917525773,12.52577319587629,281.82521614680047,6.101694915254237,176.6949152542373
10.84135103225708,149.12724441848636,204.2152466367713,22.197309417040362,171.41946136764153,-209.69072164948454,9.742268041237114,279.45693701951643,6.554621848739496,175.21008403361344
10.889359951019287,148.4614977916181,202.5,19.28571428571429,171.41946136764153,-208.4536082474227,7.268041237113403,279.45693701951643,6.554621848739496,174.9579831932773
10.937711954116821,149.79898876271375,202.97297297297297,17.83783783783784,172.3076451052977,-208.60103626943004,5.595854922279793,277.12812921102045,6.5,173.50000000000003
10.985255002975464,148.4614977916181,200.89285714285714,17.276785714285715,172.3076451052977,-207.66839378238342,4.974093264248705,281.82521614680047,6.101694915254237,176.4406779661017
11.03367018699646,149.12724441848636,201.79372197309416,18.430493273542602,173.20508075688778,-208.75,5.78125,279.45693701951643,6.554621848739496,174.7058823529412
11.08156418800354,149.79898876271375,203.24324324324326,20.675675675675677,172.3076451052977,-207.66839378238342,8.238341968911918,279.45693701951643,6.554621848739496,174.9579831932773
11.161248922348022,150.47681224127808,203.89140271493213,24.841628959276022,173.20508075688778,-210.3125,12.8125,281.82521614680047,6.101694915254237,176.4406779661017
11.209165096282959,149.12724441848636,202.86995515695068,27.30941704035875,172.3076451052977,-209.22279792746113,15.38860103626943,284.2339786779697,6.153846153846154,178.71794871794873
11.257323026657104,149.12724441848636,203.1390134529148,29.461883408071753,171.41946136764153,-208.1443298969072,17.01030927835052,281.82521614680047,6.610169491525424,177.20338983050848
11.305239915847778,149.79898876271375,204.05405405405406,30.40540540540541,172.3076451052977,-209.22279792746113,18.031088082901555,284.2339786779697,6.666666666666667,178.97435897435898
11.35328722000122,149.79898876271375,203.24324324324326,29.5945945945946,173.20508075688778,-210.3125,17.34375,284.2339786779697,6.153846153846154,179.48717948717947
11.401060104370117,150.47681224127808,203.07692307692307,27.96380090497738,173.20508075688778,-209.0625,15.46875,281.82521614680047,6.101694915254237,178.47457627118644
11.449295997619629,151.1607977514657,203.1818181818182,25.5,173.20508075688778,-207.1875,12.65625,281.82521614680047,6.610169491525424,177.71186440677965
11.497282028198242,151.1607977514657,202.0909090909091,22.772727272727273,174.1119136404317,-207.32984293193718,10.523560209424083,279.45693701951643,6.554621848739496,176.21848739495798
11.561697006225586,151.85102970466875,201.91780821917808,21.506849315068493,174.1119136404317,-206.38743455497382,8.795811518324607,279.45693701951643,6.554621848739496,176.21848739495798
11.609296083450317,151.1607977514657,200.45454545454547,21.0,173.20508075688778,-204.6875,8.90625,279.45693701951643,6.554621848739496,175.96638655462183
11.657751083374023,150.47681224127808,199.81900452488688,21.855203619909506,174.1119136404317,-206.07329842931938,10.366492146596858,281.82521614680047,6.610169491525424,177.71186440677965
11.705411911010742,151.85102970466875,201.64383561643837,24.383561643835616,174.1119136404317,-206.70157068062827,13.036649214659686,284.2339786779697,6.666666666666667,179.23076923076923
11.753350019454956,151.1607977514657,201.0,27.272727272727273,174.1119136404317,-207.32984293193718,16.49214659685864,286.6842715976074,6.206896551724138,181.03448275862073
11.801323890686035,151.85102970466875,202.1917808219178,30.273972602739725,174.1119136404317,-207.95811518324606,19.63350785340314,286.6842715976074,6.206896551724138,181.55172413793105
11.849683046340942,151.85102970466875,202.73972602739727,32.73972602739726,174.1119136404317,-208.27225130890054,21.51832460732984,286.6842715976074,6.206896551724138,182.0689655172414
11.897715091705322,152.54759406111216,203.6697247706422,33.85321100917431,174.1119136404317,-207.95811518324606,22.460732984293195,284.2339786779697,6.666666666666667,180.76923076923077
11.945175886154175,152.54759406111216,203.39449541284404,33.85321100917431,174.1119136404317,-207.64397905759162,22.30366492146597,284.2339786779697,6.666666666666667,181.28205128205127
11.99315595626831,151.85102970466875,201.64383561643837,32.465753424657535,174.1119136404317,-207.01570680628274,20.57591623036649,286.6842715976074,5.689655172413793,182.58620689655174
12.041304111480713,152.54759406111216,201.4678899082569,30.55045871559633,175.02829213327607,-206.52631578947367,18.63157894736842,284.2339786779697,6.153846153846154,181.28205128205127
12.089343070983887,151.85102970466875,199.72602739726028,27.534246575342465,175.95436775302886,-206.34920634920636,15.873015873015873,284.2339786779697,6.153846153846154,181.02564102564102
12.13732385635376,153.2505783655413,200.18433179723502,25.852534562211982,175.95436775302886,-204.76190476190476,13.492063492063492,286.6842715976074,5.689655172413793,182.0689655172414
12.185275077819824,153.96007178390025,200.0,25.0,175.02829213327607,-202.73684210526315,12.631578947368421,286.6842715976074,5.689655172413793,181.81034482758622
12.233289241790771,153.96007178390025,199.72222222222223,25.27777777777778,175.02829213327607,-202.42105263157896,13.421052631578947,284.2339786779697,6.153846153846154,180.25641025641025
12.281445980072021,153.96007178390025,200.27777777777777,26.805555555555557,175.95436775302886,-203.8095238095238,15.714285714285714,284.2339786779697,6.666666666666667,180.0
12.329235076904297,154.6761651410347,200.93023255813952,29.441860465116278,174.1119136404317,-202.61780104712042,18.848167539267017,286.6842715976074,6.206896551724138,182.0689655172414
12.3772451877594,156.12852349916645,202.81690140845072,31.830985915492963,175.95436775302886,-205.3968253968254,21.428571428571427,284.2339786779697,6.666666666666667,180.76923076923077
12.425052165985107,156.12852349916645,203.09859154929578,34.647887323943664,175.95436775302886,-205.71428571428572,24.444444444444443,289.1771783071518,6.260869565217392,184.69565217391306
12.473238945007324,154.6761651410347,201.7674418604651,36.41860465116279,175.95436775302886,-206.03174603174602,26.19047619047619,289.1771783071518,6.260869565217392,184.95652173913047
12.52126407623291,154.6761651410347,201.7674418604651,37.674418604651166,175.02829213327607,-204.6315789473684,26.68421052631579,289.1771783071518,6.260869565217392,185.73913043478262
12.569447040557861,155.39895095945073,201.86915887850466,37.149532710280376,175.02829213327607,-204.31578947368422,26.210526315789473,289.1771783071518,5.739130434782608,186.2608695652174
12.649250030517578,155.39895095945073,200.74766355140187,33.925233644859816,176.8902952410769,-204.25531914893617,22.340425531914892,289.1771783071518,5.739130434782608,186.2608695652174
12.697709083557129,156.12852349916645,200.28169014084506,31.54929577464789,176.8902952410769,-202.9787234042553,19.78723404255319,286.6842715976074,5.689655172413793,184.1379310344828
12.761729955673218,156.12852349916645,199.43661971830986,29.859154929577468,176.8902952410769,-201.70212765957447,17.872340425531913,286.6842715976074,5.689655172413793,183.87931034482762
12.80936598777771,156.12852349916645,198.59154929577466,29.01408450704226,177.83623264878318,-202.45989304812835,17.32620320855615,289.1771783071518,5.217391304347826,185.21739130434784
12.857336044311523,156.12852349916645,198.59154929577466,29.436619718309863,178.79234142646482,-203.2258064516129,18.709677419354843,291.7138202221268,5.2631578947368425,186.57894736842104
12.905188083648682,156.86497879869083,199.52830188679246,31.13207547169812,177.83623264878318,-202.45989304812835,20.855614973262036,289.1771783071518,6.260869565217392,185.21739130434784
12.953147172927856,156.12852349916645,198.8732394366197,33.66197183098592,176.8902952410769,-202.0212765957447,24.414893617021278,289.1771783071518,6.260869565217392,185.21739130434784
13.001215934753418,157.60841471716805,200.75829383886256,36.96682464454976,177.83623264878318,-203.7433155080214,27.9144385026738,294.29535845418104,5.84070796460177,189.02654867256638
13.049702167510986,157.60841471716805,201.04265402843603,39.241706161137444,176.8902952410769,-202.9787234042553,30.159574468085108,291.7138202221268,6.315789473684211,187.6315789473684
13.097267150878906,157.60841471716805,201.04265402843603,40.66350710900474,176.8902952410769,-202.3404255319149,31.117021276595743,294.29535845418104,6.371681415929204,190.08849557522123
13.16170620918274,156.86497879869083,199.52830188679246,40.89622641509435,178.79234142646482,-204.51612903225808,31.45161290322581,291.7138202221268,6.315789473684211,188.68421052631578
13.209153890609741,156.86497879869083,198.67924528301887,39.76415094339623,178.79234142646482,-203.5483870967742,29.83870967741936,294.29535845418104,5.3097345132743365,190.61946902654867
13.257483005523682,158.35893097772598,199.71428571428572,38.142857142857146,177.83623264878318,-200.53475935828877,27.112299465240646,291.7138202221268,5.7894736842105265,188.94736842105263
13.305027961730957,158.35893097772598,198.57142857142858,35.714285714285715,178.79234142646482,-200.32258064516128,24.677419354838715,291.7138202221268,5.2631578947368425,188.68421052631578
13.353295087814331,159.88161300635798,199.32692307692307,34.03846153846154,180.73573644196986,-201.52173913043478,22.66304347826087,294.29535845418104,5.3097345132743365,190.61946902654867
13.401272058486938,159.88161300635798,198.17307692307693,33.31730769230769,179.75878651525653,-199.78378378378378,21.891891891891895,291.7138202221268,5.2631578947368425,188.94736842105263
13.449197053909302,159.88161300635798,198.46153846153845,33.31730769230769,179.75878651525653,-199.45945945945945,22.86486486486487,291.7138202221268,5.7894736842105265,188.68421052631578
13.497261047363281,159.88161300635798,198.75,34.61538461538461,180.73573644196986,-200.8695652173913,25.27173913043478,294.29535845418104,5.84070796460177,190.08849557522123
13.56135106086731,159.88161300635798,198.75,37.21153846153846,180.73573644196986,-201.84782608695653,28.532608695652176,291.7138202221268,6.315789473684211,188.94736842105263
13.609132051467896,159.88161300635798,199.03846153846155,40.24038461538461,178.79234142646482,-200.0,31.935483870967747,296.9229955832362,5.892857142857143,192.8571428571429
13.657440900802612,160.65398794841764,200.28985507246378,43.04347826086956,178.79234142646482,-200.6451612903226,34.19354838709678,296.9229955832362,5.892857142857143,193.39285714285717
13.705181121826172,159.11662921206917,198.94736842105263,44.066985645933016,179.75878651525653,-201.72972972972974,36.00000000000001,296.9229955832362,6.428571428571429,193.6607142857143
13.753262996673584,159.88161300635798,199.03846153846155,45.14423076923077,178.79234142646482,-200.32258064516128,35.96774193548388,296.9229955832362,5.892857142857143,193.92857142857144
13.80117392539978,160.65398794841764,199.1304347826087,44.63768115942029,180.73573644196986,-202.17391304347825,35.380434782608695,299.5979775254275,5.405405405405405,196.21621621621625
13.8491051197052,160.65398794841764,198.84057971014494,42.7536231884058,180.73573644196986,-200.54347826086956,32.77173913043478,294.29535845418104,5.84070796460177,192.47787610619469
13.89724612236023,160.65398794841764,197.68115942028984,40.14492753623188,182.72184343583768,-201.42857142857142,30.494505494505493,296.9229955832362,5.357142857142857,193.92857142857144
13.961673974990845,161.4338616763226,197.4757281553398,38.44660194174757,182.72184343583768,-200.1098901098901,28.516483516483518,299.5979775254275,5.405405405405405,195.40540540540545
14.00927996635437,163.0165465947179,197.94117647058823,37.50000000000001,182.72184343583768,-199.12087912087912,27.52747252747253,296.9229955832362,5.357142857142857,193.39285714285717
14.057677984237671,162.2213439284022,196.97560975609755,37.31707317073171,182.72184343583768,-198.46153846153845,27.857142857142858,296.9229955832362,5.892857142857143,193.12500000000003
14.10513710975647,163.0165465947179,197.94117647058823,38.52941176470589,182.72184343583768,-198.46153846153845,29.67032967032967,296.9229955832362,6.428571428571429,193.39285714285717
14.18523907661438,163.81958377006137,198.6206896551724,42.85714285714286,181.7233634170626,-198.0327868852459,34.59016393442623,299.5979775254275,5.945945945945946,195.6756756756757
14.233190059661865,163.0165465947179,197.94117647058823,45.14705882352942,181.7233634170626,-198.36065573770492,37.21311475409836,299.5979775254275,5.945945945945946,196.21621621621625
14.280948877334595,163.0165465947179,198.23529411764707,47.20588235294118,181.7233634170626,-198.68852459016392,39.34426229508197,299.5979775254275,6.486486486486487,196.75675675675677
14.329271078109741,164.63057180852698,199.6039603960396,49.00990099009901,182.72184343583768,-199.78021978021977,40.54945054945055,299.5979775254275,6.486486486486487,197.5675675675676
14.377236127853394,163.0165465947179,197.64705882352942,48.52941176470589,181.7233634170626,-198.68852459016392,40.65573770491803,302.3215955029314,5.454545454545454,199.63636363636363
14.424978017807007,163.0165465947179,197.05882352941177,47.64705882352942,183.73135638299698,-200.22099447513813,39.447513812154696,302.3215955029314,5.454545454545454,199.9090909090909
14.473241090774536,163.0165465947179,196.47058823529412,45.88235294117648,183.73135638299698,-198.8950276243094,37.4585635359116,302.3215955029314,5.454545454545454,199.63636363636363
14.521000146865845,164.63057180852698,197.22772277227722,44.10891089108911,184.75208614068032,-199.33333333333334,35.333333333333336,296.9229955832362,5.892857142857143,196.0714285714286
14.569204092025757,163.81958377006137,195.66502463054186,42.266009852216754,184.75208614068032,-198.0,33.666666666666664,299.5979775254275,5.405405405405405,197.83783783783787
14.617403984069824,163.81958377006137,195.07389162561577,41.52709359605912,184.75208614068032,-197.33333333333334,33.0,302.3215955029314,5.454545454545454,198.8181818181818
14.665204048156738,164.63057180852698,195.74257425742573,42.02970297029703,185.78422070012547,-198.10055865921788,34.022346368715084,302.3215955029314,6.0,199.0909090909091
14.713006973266602,165.4496293797137,196.4179104477612,43.582089552238806,184.75208614068032,-197.0,35.833333333333336,299.5979775254275,5.945945945945946,196.75675675675677
14.77736496925354,163.81958377006137,194.48275862068965,45.51724137931035,185.78422070012547,-198.43575418994413,38.88268156424581,305.09518812222433,6.055045871559633,200.6422018348624
14.82523798942566,165.4496293797137,196.11940298507463,48.507462686567166,185.78422070012547,-198.7709497206704,41.899441340782126,305.09518812222433,6.055045871559633,201.19266055045873
14.873080015182495,167.11243972523846,198.09045226130652,50.80402010050251,184.75208614068032,-197.33333333333334,43.5,305.09518812222433,6.055045871559633,201.4678899082569
14.92121696472168,165.4496293797137,196.4179104477612,51.492537313432834,184.75208614068032,-197.0,44.666666666666664,305.09518812222433,6.055045871559633,201.74311926605503
14.96938705444336,167.11243972523846,196.88442211055278,52.1608040201005,185.78422070012547,-198.10055865921788,45.08379888268156,305.09518812222433,6.055045871559633,202.56880733944953
15.017689943313599,166.27687752661228,195.9,50.85,185.78422070012547,-197.0949720670391,43.74301675977654,305.09518812222433,6.055045871559633,202.56880733944953
15.065495014190674,166.27687752661228,195.3,49.05,185.78422070012547,-196.08938547486034,41.564245810055866,305.09518812222433,6.055045871559633,203.11926605504587
15.113072156906128,165.4496293797137,193.73134328358208,46.865671641791046,186.82795227709244,-196.17977528089887,39.77528089887641,305.09518812222433,6.055045871559633,202.56880733944953
15.177145004272461,167.11243972523846,194.47236180904522,45.82914572864322,186.82795227709244,-195.5056179775281,38.08988764044945,302.3215955029314,5.454545454545454,201.0
15.225160121917725,167.11243972523846,193.86934673366835,45.22613065326633,186.82795227709244,-194.8314606741573,37.58426966292136,302.3215955029314,6.0,200.72727272727272
15.27313494682312,167.956441946073,195.15151515151516,45.90909090909091,187.8834774312003,-195.9322033898305,38.64406779661017,305.09518812222433,6.055045871559633,202.56880733944953
15.321232080459595,167.11243972523846,194.17085427135677,47.336683417085425,185.78422070012547,-193.74301675977654,40.391061452513966,307.9201435678005,6.111111111111111,204.44444444444446
15.369004011154175,167.11243972523846,194.17085427135677,49.89949748743719,186.82795227709244,-195.5056179775281,43.820224719101134,307.9201435678005,6.111111111111111,205.0
15.41798710823059,167.956441946073,195.15151515151516,52.72727272727273,187.8834774312003,-196.94915254237287,47.288135593220346,307.9201435678005,6.111111111111111,205.27777777777777
15.465236902236938,167.11243972523846,194.77386934673368,54.87437185929648,186.82795227709244,-195.8426966292135,49.38202247191012,307.9201435678005,6.666666666666667,205.55555555555554
15.512953042984009,167.11243972523846,194.47236180904522,56.08040201005025,187.8834774312003,-196.61016949152543,50.67796610169492,307.9201435678005,6.666666666666667,205.83333333333334
15.577663898468018,168.80901271737287,195.2284263959391,56.80203045685279,187.8834774312003,-196.27118644067798,50.84745762711865,310.79790191890146,6.168224299065421,208.03738317757012
15.625141859054565,169.67028319042066,195.6122448979592,56.17346938775511,187.8834774312003,-195.25423728813558,49.491525423728824,310.79790191890146,6.168224299065421,208.31775700934583
15.705587148666382,168.80901271737287,193.4010152284264,51.6243654822335,190.03071717327117,-195.42857142857142,45.77142857142857,307.9201435678005,6.666666666666667,206.66666666666666
15.753366947174072,169.67028319042066,193.16326530612244,49.74489795918368,190.03071717327117,-194.05714285714285,43.542857142857144,307.9201435678005,6.666666666666667,206.11111111111111
15.801361083984375,170.54038720678182,193.23076923076923,48.61538461538462,191.12284773173826,-194.48275862068965,42.41379310344828,305.09518812222433,6.605504587155964,204.22018348623854
15.849598169326782,171.41946136764153,193.91752577319588,48.55670103092784,191.12284773173826,-194.13793103448276,42.58620689655172,307.9201435678005,6.666666666666667,205.83333333333334
15.897288084030151,170.54038720678182,193.23076923076923,49.53846153846155,191.12284773173826,-194.13793103448276,44.310344827586206,307.9201435678005,6.666666666666667,206.11111111111111
15.945038080215454,171.41946136764153,193.91752577319588,52.42268041237114,190.03071717327117,-193.37142857142857,46.8,310.79790191890146,6.728971962616822,208.31775700934583
15.99318814277649,169.67028319042066,192.55102040816325,53.72448979591837,190.03071717327117,-193.71428571428572,49.371428571428574,310.79790191890146,6.728971962616822,208.59813084112153
16.040947198867798,170.54038720678182,193.84615384615384,57.07692307692309,190.03071717327117,-194.05714285714285,52.628571428571426,310.79790191890146,6.728971962616822,209.1588785046729
16.088905096054077,171.41946136764153,194.84536082474227,59.84536082474228,190.03071717327117,-194.4,54.857142857142854,310.79790191890146,7.289719626168225,209.43925233644862
16.137634992599487,171.41946136764153,194.84536082474227,61.237113402061865,190.03071717327117,-194.05714285714285,56.4,313.72995759738166,7.3584905660377355,211.6981132075472
16.185240030288696,172.3076451052977,194.61139896373058,61.70984455958549,190.03071717327117,-193.71428571428572,56.05714285714286,310.79790191890146,6.728971962616822,210.28037383177573
16.233207941055298,171.41946136764153,193.29896907216494,59.84536082474228,192.22760407700838,-194.91329479768785,55.31791907514451,313.72995759738166,6.7924528301886795,212.26415094339626
16.280985116958618,172.3076451052977,193.3678756476684,57.66839378238342,192.22760407700838,-193.52601156069363,52.89017341040462,313.72995759738166,7.3584905660377355,211.6981132075472
16.329041004180908,172.3076451052977,192.43523316062175,55.02590673575129,193.34520642629334,-193.6046511627907,50.406976744186046,313.72995759738166,6.7924528301886795,211.98113207547172
16.377079010009766,173.20508075688778,192.5,54.0625,193.34520642629334,-192.5581395348837,49.01162790697674,313.72995759738166,6.7924528301886795,211.98113207547172
16.425153017044067,173.20508075688778,191.5625,52.5,195.61985591366147,-194.47058823529412,48.35294117647059,313.72995759738166,6.7924528301886795,211.6981132075472
16.47314190864563,173.20508075688778,191.5625,52.34375,194.47588014808454,-192.6315789473684,48.07017543859649,310.79790191890146,7.289719626168225,209.43925233644862
16.521119117736816,174.1119136404317,192.25130890052355,53.717277486910994,193.34520642629334,-191.51162790697674,49.36046511627907,313.72995759738166,7.3584905660377355,211.6981132075472
16.56900691986084,174.1119136404317,192.25130890052355,56.230366492146594,194.47588014808454,-193.33333333333334,52.63157894736842,313.72995759738166,7.3584905660377355,212.26415094339626
16.617238998413086,174.1119136404317,192.565445026178,59.05759162303665,194.47588014808454,-193.68421052631578,56.14035087719298,313.72995759738166,7.3584905660377355,213.11320754716985
16.665174961090088,173.20508075688778,192.5,61.25,192.22760407700838,-191.79190751445086,58.26589595375722,316.71786195545195,7.428571428571429,215.14285714285714
16.71332287788391,173.20508075688778,192.5,63.28125,193.34520642629334,-192.90697674418604,60.52325581395349,316.71786195545195,8.0,215.42857142857142
16.777684211730957,174.1119136404317,192.87958115183247,64.55497382198953,192.22760407700838,-191.79190751445086,61.040462427745666,319.76322601271596,7.5,218.07692307692307
16.82486915588379,173.20508075688778,191.25,63.75,193.34520642629334,-192.5581395348837,61.22093023255814,316.71786195545195,7.428571428571429,216.28571428571428
16.873332262039185,174.1119136404317,192.25130890052355,62.35602094240838,194.47588014808454,-192.6315789473684,59.64912280701754,316.71786195545195,8.0,216.0
16.921030044555664,174.1119136404317,191.3089005235602,60.31413612565445,194.47588014808454,-191.2280701754386,57.19298245614035,319.76322601271596,7.5,217.5
16.96937894821167,174.1119136404317,190.0523560209424,58.1151832460733,195.61985591366147,-190.94117647058823,55.05882352941177,313.72995759738166,7.9245283018867925,213.11320754716985
17.01771306991577,175.95436775302886,191.11111111111111,57.301587301587304,197.94866372215748,-192.5,54.2857142857143,316.71786195545195,7.428571428571429,214.85714285714286
17.065162897109985,176.8902952410769,191.48936170212767,56.808510638297875,197.94866372215748,-191.78571428571428,53.75000000000001,316.71786195545195,8.0,214.85714285714286
17.11314606666565,175.95436775302886,190.79365079365078,57.301587301587304,197.94866372215748,-191.42857142857142,54.821428571428584,319.76322601271596,8.076923076923077,216.92307692307693
17.19321584701538,176.8902952410769,191.17021276595744,60.159574468085104,197.94866372215748,-191.78571428571428,58.21428571428572,316.71786195545195,8.0,216.0
17.24113917350769,175.95436775302886,190.79365079365078,62.22222222222222,196.77736985397902,-191.0059171597633,60.53254437869823,319.76322601271596,8.076923076923077,218.65384615384616
17.304965019226074,175.02829213327607,190.42105263157896,64.89473684210526,196.77736985397902,-191.71597633136093,63.727810650887584,322.8677233526452,8.155339805825243,221.35922330097088
17.353211164474487,176.8902952410769,192.12765957446808,67.02127659574468,196.77736985397902,-191.71597633136093,65.50295857988166,322.8677233526452,8.155339805825243,221.94174757281553
17.401067972183228,175.95436775302886,190.79365079365078,66.82539682539682,197.94866372215748,-192.85714285714286,66.42857142857144,319.76322601271596,8.076923076923077,220.09615384615384
17.448987007141113,175.02829213327607,189.78947368421052,65.6842105263158,197.94866372215748,-192.14285714285714,65.53571428571429,319.76322601271596,8.653846153846153,219.80769230769232
17.49688482284546,175.95436775302886,190.15873015873015,64.28571428571429,199.1339850618111,-192.5748502994012,64.49101796407187,319.76322601271596,8.653846153846153,219.80769230769232
17.545265197753906,178.79234142646482,191.61290322580646,63.22580645161291,197.94866372215748,-190.0,62.14285714285715,319.76322601271596,8.653846153846153,219.23076923076923
17.593146085739136,176.8902952410769,189.25531914893617,61.755319148936174,200.33358738146057,-191.56626506024097,61.626506024096386,322.8677233526452,8.737864077669903,221.06796116504853
17.6412570476532,178.79234142646482,190.32258064516128,61.290322580645174,201.5477303352876,-192.0,60.54545454545455,319.76322601271596,8.653846153846153,218.3653846153846
17.689343214035034,178.79234142646482,190.0,60.96774193548388,200.33358738146057,-189.3975903614458,60.0,322.8677233526452,9.320388349514563,220.19417475728156
17.737046003341675,177.83623264878318,188.98395721925132,61.44385026737969,200.33358738146057,-189.3975903614458,60.72289156626506,319.76322601271596,9.23076923076923,218.3653846153846
17.785227060317993,178.79234142646482,189.67741935483872,63.548387096774206,200.33358738146057,-189.75903614457832,62.71084337349398,322.8677233526452,9.320388349514563,221.06796116504853
17.833266019821167,178.79234142646482,189.67741935483872,65.3225806451613,200.33358738146057,-190.12048192771084,65.06024096385542,322.8677233526452,8.737864077669903,221.94174757281553
17.88065195083618,178.79234142646482,190.32258064516128,67.25806451612904,200.33358738146057,-190.48192771084337,67.04819277108433,322.8677233526452,9.320388349514563,222.5242718446602
17.929327964782715,177.83623264878318,189.94652406417111,68.34224598930483,200.33358738146057,-190.48192771084337,68.855421686747,322.8677233526452,9.320388349514563,223.6893203883495
17.977313995361328,177.83623264878318,189.62566844919786,68.98395721925135,200.33358738146057,-190.84337349397592,69.39759036144578,322.8677233526452,9.320388349514563,223.6893203883495
18.025141954421997,179.75878651525653,190.7027027027027,69.40540540540542,200.33358738146057,-190.48192771084337,69.75903614457832,322.8677233526452,9.320388349514563,224.5631067961165
18.073168992996216,179.75878651525653,191.02702702702703,68.43243243243245,201.5477303352876,-190.9090909090909,69.63636363636364,322.8677233526452,9.902912621359222,224.27184466019418
18.12089204788208,178.79234142646482,189.3548387096774,66.7741935483871,201.5477303352876,-190.1818181818182,68.54545454545455,322.8677233526452,9.902912621359222,223.39805825242718
18.16922402381897,178.79234142646482,188.38709677419354,65.48387096774195,202.77667991050276,-190.2439024390244,67.5,322.8677233526452,9.902912621359222,223.10679611650485
18.217419862747192,179.75878651525653,188.75675675675674,64.86486486486487,202.77667991050276,-189.14634146341464,66.40243902439025,326.0330931894358,10.0,224.70588235294122
18.265336990356445,180.73573644196986,189.1304347826087,65.05434782608695,204.02070862161014,-189.57055214723925,66.44171779141104,326.0330931894358,10.588235294117647,224.11764705882356
18.31304907798767,180.73573644196986,189.1304347826087,65.3804347826087,204.02070862161014,-188.83435582822085,67.17791411042944,322.8677233526452,10.485436893203884,221.35922330097088
18.36133122444153,180.73573644196986,188.80434782608697,66.68478260869566,204.02070862161014,-189.20245398773005,67.91411042944786,329.26114361705396,10.099009900990099,226.33663366336634
18.408688068389893,180.73573644196986,188.47826086956522,67.66304347826087,202.77667991050276,-187.6829268292683,68.78048780487805,329.26114361705396,10.099009900990099,226.93069306930693
18.45689582824707,180.73573644196986,188.80434782608697,69.29347826086956,205.280095711867,-190.74074074074073,71.11111111111111,329.26114361705396,10.099009900990099,227.82178217821783
18.50495982170105,180.73573644196986,189.1304347826087,70.59782608695652,204.02070862161014,-189.57055214723925,72.33128834355828,326.0330931894358,10.588235294117647,226.17647058823533
18.55289602279663,179.75878651525653,188.75675675675674,70.86486486486487,204.02070862161014,-189.57055214723925,73.43558282208589,326.0330931894358,10.588235294117647,227.3529411764706
18.601027965545654,180.73573644196986,188.80434782608697,71.41304347826087,204.02070862161014,-189.93865030674846,73.9877300613497,326.0330931894358,10.0,228.2352941176471
18.681161880493164,180.73573644196986,188.47826086956522,69.94565217391305,205.280095711867,-190.0,73.88888888888889,329.26114361705396,10.693069306930694,230.1980198019802
18.729280948638916,182.72184343583768,189.56043956043956,69.56043956043956,205.280095711867,-188.88888888888889,73.14814814814815,326.0330931894358,11.176470588235293,227.64705882352945
18.79325294494629,182.72184343583768,188.57142857142858,68.4065934065934,206.55512736225126,-188.944099378882,72.48447204968944,329.26114361705396,11.287128712871286,229.009900990099
18.841182231903076,183.73135638299698,188.95027624309392,68.28729281767956,207.84609690826534,-189.75,72.1875,329.26114361705396,11.287128712871286,228.11881188118812
18.889261960983276,182.72184343583768,188.24175824175825,67.91208791208791,205.280095711867,-185.92592592592592,71.11111111111111,329.26114361705396,11.881188118811881,227.52475247524754
18.937176942825317,183.73135638299698,188.61878453038673,68.95027624309392,207.84609690826534,-188.25,72.5625,332.55375505322456,11.4,229.8
18.985207080841064,182.72184343583768,187.25274725274724,70.05494505494505,207.84609690826534,-188.625,73.875,332.55375505322456,11.4,229.8
19.03267812728882,181.7233634170626,186.55737704918033,71.14754098360656,206.55512736225126,-187.45341614906832,75.09316770186335,329.26114361705396,11.881188118811881,228.41584158415841
19.081107139587402,181.7233634170626,187.21311475409837,72.45901639344262,206.55512736225126,-187.82608695652175,76.3975155279503,332.55375505322456,12.0,231.6
19.12897801399231,182.72184343583768,188.24175824175825,74.01098901098901,206.55512736225126,-187.82608695652175,77.70186335403727,332.55375505322456,12.0,232.8
19.193538904190063,181.7233634170626,187.21311475409837,73.77049180327869,209.1533050649211,-190.56603773584905,79.43396226415096,332.55375505322456,12.0,234.0
19.240875005722046,182.72184343583768,187.9120879120879,74.01098901098901,209.1533050649211,-190.18867924528303,79.811320754717,332.55375505322456,12.0,234.6
19.28929090499878,182.72184343583768,187.58241758241758,72.85714285714286,209.1533050649211,-189.43396226415095,79.24528301886794,332.55375505322456,12.6,234.0
19.33699607849121,183.73135638299698,187.95580110497238,72.09944751381215,210.47706016026868,-189.49367088607596,79.17721518987344,332.55375505322456,13.2,234.0
19.385226011276245,183.73135638299698,186.96132596685084,70.93922651933701,209.1533050649211,-187.54716981132074,77.54716981132077,329.26114361705396,13.069306930693068,230.79207920792078
19.433186054229736,184.75208614068032,187.33333333333334,70.66666666666667,210.47706016026868,-187.9746835443038,77.27848101265825,332.55375505322456,13.2,232.2
19.481149196624756,184.75208614068032,187.0,70.5,210.47706016026868,-187.21518987341773,76.70886075949369,329.26114361705396,13.663366336633663,229.30693069306932
19.529551029205322,184.75208614068032,187.0,70.66666666666667,210.47706016026868,-186.83544303797467,76.8987341772152,335.912883892146,13.333333333333334,233.93939393939394
19.5933039188385,184.75208614068032,186.66666666666666,72.0,210.47706016026868,-186.83544303797467,78.22784810126583,332.55375505322456,13.2,231.6
19.64068293571472,184.75208614068032,187.0,73.33333333333333,210.47706016026868,-187.21518987341773,79.55696202531647,335.912883892146,13.333333333333334,234.24242424242425
19.689296007156372,184.75208614068032,187.33333333333334,74.66666666666667,211.81767837785003,-189.171974522293,81.59235668789809,332.55375505322456,13.8,232.5
19.737219095230103,183.73135638299698,186.62983425414365,75.41436464088397,211.81767837785003,-188.78980891719746,82.92993630573248,332.55375505322456,13.8,233.4
19.78518319129944,183.73135638299698,186.62983425414365,75.91160220994475,210.47706016026868,-187.59493670886076,83.54430379746837,332.55375505322456,13.8,234.3
19.8331561088562,183.73135638299698,186.29834254143645,76.07734806629834,211.81767837785003,-188.78980891719746,84.45859872611464,335.912883892146,13.93939393939394,237.57575757575756
19.881197929382324,183.73135638299698,186.29834254143645,75.41436464088397,211.81767837785003,-188.02547770700636,84.45859872611464,335.912883892146,14.545454545454545,237.57575757575756
19.92928409576416,185.78422070012547,187.7094972067039,74.91620111731844,213.1754840084773,-188.46153846153845,84.42307692307692,332.55375505322456,15.0,234.9
19.993251085281372,186.82795227709244,188.08988764044943,74.49438202247192,213.1754840084773,-187.30769230769232,83.46153846153847,335.912883892146,14.545454545454545,236.96969696969697
20.041118144989014,184.75208614068032,185.66666666666666,72.66666666666667,213.1754840084773,-186.53846153846155,82.11538461538461,335.912883892146,15.151515151515152,236.36363636363637
20.089136123657227,185.78422070012547,186.3687150837989,72.73743016759776,214.55080971175775,-187.3548387096774,81.87096774193549,335.912883892146,15.151515151515152,235.75757575757575
20.137234210968018,185.78422070012547,185.69832402234636,72.90502793296089,214.55080971175775,-186.96774193548387,81.87096774193549,335.912883892146,15.151515151515152,235.45454545454547
20.217390060424805,183.73135638299698,183.97790055248618,73.75690607734806,214.55080971175775,-186.96774193548387,83.41935483870968,335.912883892146,15.151515151515152,235.75757575757575
20.265276193618774,186.82795227709244,186.74157303370785,76.34831460674158,214.55080971175775,-187.3548387096774,85.16129032258064,339.3405663808413,15.306122448979592,238.46938775510208
20.313140869140625,186.82795227709244,187.07865168539325,77.69662921348316,214.55080971175775,-186.96774193548387,87.09677419354838,335.912883892146,15.757575757575758,236.96969696969697
20.361147165298462,185.78422070012547,186.03351955307264,78.10055865921788,214.55080971175775,-187.3548387096774,88.64516129032258,339.3405663808413,15.918367346938776,240.30612244897964
20.409125089645386,185.78422070012547,186.03351955307264,78.26815642458101,214.55080971175775,-187.3548387096774,89.41935483870968,339.3405663808413,15.918367346938776,240.61224489795921
20.45727300643921,185.78422070012547,186.03351955307264,77.93296089385476,214.55080971175775,-186.96774193548387,89.61290322580645,335.912883892146,16.96969696969697,238.4848484848485
20.50503706932068,185.78422070012547,185.69832402234636,76.59217877094972,214.55080971175775,-186.19354838709677,89.2258064516129,339.3405663808413,16.53061224489796,241.2244897959184
20.553300142288208,187.8834774312003,187.45762711864407,76.27118644067798,217.3553954596239,-187.84313725490196,89.80392156862744,339.3405663808413,17.142857142857142,241.2244897959184
20.601104021072388,186.82795227709244,186.06741573033707,74.49438202247192,217.3553954596239,-187.45098039215685,88.23529411764706,339.3405663808413,17.142857142857142,240.61224489795921
20.649204969406128,187.8834774312003,186.4406779661017,74.06779661016951,215.94399678780815,-185.06493506493507,86.1038961038961,335.912883892146,17.575757575757574,237.27272727272728
20.697367906570435,186.82795227709244,185.0561797752809,73.65168539325843,215.94399678780815,-184.67532467532467,85.32467532467533,339.3405663808413,17.142857142857142,239.08163265306126
20.745972871780396,185.78422070012547,184.0223463687151,73.91061452513966,218.78536516659508,-186.71052631578948,86.25,335.912883892146,17.575757575757574,236.06060606060606
20.809320211410522,186.82795227709244,185.0561797752809,75.5056179775281,217.3553954596239,-185.49019607843138,86.27450980392157,339.3405663808413,17.142857142857142,238.77551020408168
20.856925010681152,185.78422070012547,184.0223463687151,76.59217877094972,218.78536516659508,-187.10526315789474,88.42105263157895,339.3405663808413,17.142857142857142,238.77551020408168
20.905139207839966,187.8834774312003,186.10169491525423,78.98305084745765,218.78536516659508,-187.10526315789474,90.59210526315789,339.3405663808413,17.755102040816325,239.69387755102045
20.95314908027649,185.78422070012547,184.6927374301676,78.77094972067039,218.78536516659508,-187.10526315789474,92.76315789473684,339.3405663808413,17.755102040816325,240.30612244897964
21.000880002975464,185.78422070012547,184.35754189944134,78.93854748603351,218.78536516659508,-187.5,93.55263157894737,339.3405663808413,18.367346938775512,240.91836734693882
21.04940414428711,186.82795227709244,185.3932584269663,78.87640449438203,218.78536516659508,-187.10526315789474,93.94736842105263,346.41016151377556,18.75,246.875
21.0976300239563,186.82795227709244,185.3932584269663,77.52808988764046,218.78536516659508,-187.10526315789474,94.34210526315789,342.83892273528306,19.175257731958762,244.639175257732
21.14523196220398,186.82795227709244,185.73033707865167,76.1797752808989,218.78536516659508,-186.31578947368422,93.15789473684211,342.83892273528306,19.79381443298969,244.639175257732
21.20917797088623,187.8834774312003,186.4406779661017,75.25423728813561,217.3553954596239,-183.92156862745097,91.56862745098039,335.912883892146,20.606060606060606,239.3939393939394
21.257002115249634,187.8834774312003,186.10169491525423,74.74576271186442,220.23427486968512,-186.35761589403972,91.78807947019868,339.3405663808413,20.20408163265306,241.2244897959184
21.305283069610596,187.8834774312003,186.10169491525423,75.08474576271188,220.23427486968512,-185.96026490066225,90.79470198675497,339.3405663808413,20.20408163265306,240.61224489795921
21.35302495956421,187.8834774312003,185.76271186440678,75.93220338983052,220.23427486968512,-184.7682119205298,90.79470198675497,339.3405663808413,20.20408163265306,240.00000000000003
21.40102791786194,187.8834774312003,185.76271186440678,77.6271186440678,220.23427486968512,-184.3708609271523,91.3907284768212,339.3405663808413,20.20408163265306,240.00000000000003
21.449229955673218,187.8834774312003,185.08474576271186,79.49152542372883,221.7025033688164,-186.0,93.20000000000002,342.83892273528306,19.79381443298969,242.47422680412376
21.497097969055176,187.8834774312003,185.42372881355934,81.01694915254238,221.7025033688164,-186.0,94.80000000000003,342.83892273528306,20.412371134020617,243.40206185567015
21.545396089553833,188.9509971893321,186.47727272727272,82.32954545454547,221.7025033688164,-186.0,96.40000000000002,342.83892273528306,20.412371134020617,243.7113402061856
21.609267234802246,187.8834774312003,185.42372881355934,81.52542372881358,221.7025033688164,-186.0,97.40000000000002,346.41016151377556,20.625,247.1875
21.657428979873657,186.82795227709244,184.38202247191012,79.71910112359552,221.7025033688164,-186.0,97.80000000000003,342.83892273528306,21.649484536082475,245.25773195876292
21.737642288208008,188.9509971893321,186.13636363636363,77.21590909090911,223.1904396330366,-186.44295302013424,98.05369127516781,342.83892273528306,22.2680412371134,245.87628865979386
21.78527808189392,188.9509971893321,186.13636363636363,75.34090909090911,220.23427486968512,-182.7814569536424,95.96026490066225,342.83892273528306,22.88659793814433,245.5670103092784
21.833126068115234,190.03071717327117,186.85714285714286,74.4,221.7025033688164,-183.6,95.00000000000001,342.83892273528306,23.50515463917526,244.94845360824746
21.88149404525757,191.12284773173826,187.24137931034483,74.82758620689656,223.1904396330366,-184.0268456375839,94.6308724832215,342.83892273528306,23.50515463917526,244.32989690721652
21.929697036743164,188.9509971893321,185.45454545454547,74.65909090909092,223.1904396330366,-183.6241610738255,94.4295302013423,342.83892273528306,23.50515463917526,243.40206185567015
21.977118253707886,188.9509971893321,185.45454545454547,76.70454545454547,223.1904396330366,-183.2214765100671,94.22818791946311,346.41016151377556,23.125,245.0
22.025217056274414,187.8834774312003,184.74576271186442,77.6271186440678,224.69848314407065,-184.45945945945945,95.27027027027027,342.83892273528306,23.50515463917526,242.47422680412376
22.07312822341919,188.9509971893321,185.79545454545453,80.62500000000001,224.69848314407065,-184.86486486486487,97.0945945945946,342.83892273528306,22.88659793814433,242.78350515463922
22.121268272399902,186.82795227709244,184.04494382022472,81.74157303370788,224.69848314407065,-185.27027027027026,98.71621621621621,342.83892273528306,22.88659793814433,243.40206185567015
22.16946005821228,186.82795227709244,184.7191011235955,83.08988764044945,223.1904396330366,-184.0268456375839,100.06711409395974,342.83892273528306,23.50515463917526,244.32989690721652
22.21720790863037,185.78422070012547,184.0223463687151,82.79329608938548,223.1904396330366,-184.0268456375839,101.67785234899331,346.41016151377556,23.75,247.8125
22.265310049057007,185.78422070012547,184.0223463687151,81.62011173184358,223.1904396330366,-184.0268456375839,102.48322147651008,342.83892273528306,24.742268041237114,246.80412371134025
22.313459157943726,187.8834774312003,186.10169491525423,80.5084745762712,221.7025033688164,-182.0,101.60000000000002,342.83892273528306,25.36082474226804,247.42268041237116
22.361428260803223,188.9509971893321,186.47727272727272,78.57954545454547,223.1904396330366,-182.41610738255034,101.8791946308725,342.83892273528306,25.97938144329897,247.1134020618557
22.409015893936157,188.9509971893321,186.47727272727272,76.87500000000001,224.69848314407065,-183.24324324324326,101.95945945945945,342.83892273528306,26.5979381443299,247.42268041237116
22.456900119781494,190.03071717327117,186.85714285714286,75.42857142857143,223.1904396330366,-181.20805369127515,98.85906040268459,342.83892273528306,27.216494845360824,247.42268041237116
22.505035877227783,190.03071717327117,186.5142857142857,74.22857142857143,224.69848314407065,-181.21621621621622,98.3108108108108,342.83892273528306,26.5979381443299,246.1855670103093
22.55298089981079,188.9509971893321,185.11363636363637,74.14772727272728,224.69848314407065,-180.40540540540542,96.89189189189189,346.41016151377556,26.875,247.8125
22.600985050201416,190.03071717327117,185.82857142857142,75.6,224.69848314407065,-179.59459459459458,96.08108108108108,342.83892273528306,26.5979381443299,244.02061855670107
22.64869213104248,190.03071717327117,185.82857142857142,77.65714285714286,226.22704425389423,-180.81632653061226,96.93877551020408,342.83892273528306,26.5979381443299,243.09278350515467
22.696770906448364,187.8834774312003,184.40677966101694,79.15254237288137,227.7765445570031,-182.05479452054794,99.45205479452055,350.05658426655214,26.526315789473685,247.89473684210526
22.745121002197266,187.8834774312003,184.74576271186442,81.35593220338984,226.22704425389423,-181.6326530612245,100.40816326530613,346.41016151377556,26.875,245.9375
22.809183835983276,186.82795227709244,184.7191011235955,82.24719101123597,226.22704425389423,-181.6326530612245,102.85714285714286,350.05658426655214,27.157894736842106,249.1578947368421
22.85776710510254,187.8834774312003,186.10169491525423,83.22033898305087,226.22704425389423,-182.0408163265306,104.48979591836735,346.41016151377556,27.5,247.5
22.924185037612915,188.9509971893321,187.8409090909091,83.35227272727275,224.69848314407065,-180.8108108108108,105.60810810810811,346.41016151377556,28.75,248.75
22.985193252563477,187.8834774312003,187.11864406779662,80.5084745762712,223.1904396330366,-179.19463087248323,105.9060402684564,346.41016151377556,30.0,250.625
23.03387999534607,190.03071717327117,188.9142857142857,79.54285714285714,224.69848314407065,-179.59459459459458,106.01351351351352,342.83892273528306,30.309278350515463,248.0412371134021
23.082093000411987,190.03071717327117,188.57142857142858,77.82857142857142,223.1904396330366,-177.18120805369128,104.09395973154365,342.83892273528306,30.927835051546392,248.0412371134021
23.130390882492065,190.03071717327117,187.54285714285714,76.8,226.22704425389423,-178.77551020408163,103.46938775510205,342.83892273528306,30.927835051546392,247.73195876288665
23.17796492576599,190.03071717327117,186.85714285714286,76.45714285714286,226.22704425389423,-177.9591836734694,101.22448979591837,342.83892273528306,30.927835051546392,246.80412371134025
23.257299184799194,191.12284773173826,187.24137931034483,77.24137931034483,229.3474172780859,-179.58620689655172,100.34482758620689,346.41016151377556,30.625,248.125
23.30496597290039,190.03071717327117,186.17142857142858,77.48571428571428,229.3474172780859,-179.17241379310346,99.93103448275862,346.41016151377556,30.625,246.875
23.35319709777832,188.9509971893321,185.45454545454547,78.57954545454547,230.94010767585038,-180.41666666666666,101.66666666666667,346.41016151377556,30.625,246.875
23.401148080825806,188.9509971893321,185.79545454545453,79.77272727272728,229.3474172780859,-179.58620689655172,102.41379310344827,342.83892273528306,30.927835051546392,244.32989690721652
23.448989152908325,187.8834774312003,186.10169491525423,80.5084745762712,229.3474172780859,-179.58620689655172,104.6896551724138,346.41016151377556,31.25,247.5
23.496889114379883,187.8834774312003,187.11864406779662,81.18644067796612,226.22704425389423,-177.14285714285714,105.91836734693878,350.05658426655214,32.21052631578947,250.73684210526315
23.54524517059326,187.8834774312003,187.79661016949152,81.6949152542373,227.7765445570031,-178.76712328767124,108.9041095890411,346.41016151377556,33.125,249.0625
23.59307098388672,188.9509971893321,189.54545454545453,81.98863636363637,224.69848314407065,-175.94594594594594,108.85135135135135,346.41016151377556,33.75,250.0
23.640766143798828,188.9509971893321,189.88636363636363,81.47727272727275,227.7765445570031,-178.76712328767124,111.16438356164383,346.41016151377556,34.375,250.3125
23.689023971557617,187.8834774312003,189.15254237288136,80.16949152542374,226.22704425389423,-176.3265306122449,110.20408163265306,346.41016151377556,35.0,250.9375
23.737316131591797,190.03071717327117,190.28571428571428,79.88571428571429,224.69848314407065,-174.72972972972974,107.83783783783784,342.83892273528306,35.25773195876289,248.0412371134021
23.784937143325806,190.03071717327117,189.6,78.51428571428572,227.7765445570031,-176.7123287671233,106.43835616438356,350.05658426655214,34.73684210526316,252.6315789473684
23.832638025283813,191.12284773173826,190.3448275862069,77.93103448275862,226.22704425389423,-174.28571428571428,103.06122448979592,346.41016151377556,35.0,249.6875
23.881186962127686,190.03071717327117,188.57142857142858,76.62857142857143,232.55507346379338,-178.74125874125875,103.84615384615384,342.83892273528306,34.63917525773196,246.1855670103093
23.928997039794922,188.9509971893321,187.5,76.36363636363637,230.94010767585038,-176.66666666666666,101.66666666666667,350.05658426655214,34.73684210526316,250.73684210526315
23.977107048034668,188.9509971893321,187.8409090909091,76.87500000000001,230.94010767585038,-176.66666666666666,101.875,350.05658426655214,34.73684210526316,250.73684210526315
24.02504014968872,188.9509971893321,188.1818181818182,77.72727272727273,229.3474172780859,-175.0344827586207,102.0,346.41016151377556,35.0,248.125
24.072923183441162,188.9509971893321,189.20454545454547,79.09090909090911,229.3474172780859,-175.44827586206895,104.06896551724138,346.41016151377556,35.625,248.4375
24.121068000793457,188.9509971893321,190.5681818181818,80.62500000000001,229.3474172780859,-175.44827586206895,107.17241379310344,350.05658426655214,36.63157894736842,251.3684210526316
24.16965913772583,187.8834774312003,190.84745762711864,81.52542372881358,227.7765445570031,-174.65753424657535,109.52054794520548,350.05658426655214,37.26315789473684,252.6315789473684
24.216991901397705,187.8834774312003,191.1864406779661,81.86440677966102,226.22704425389423,-173.46938775510205,111.22448979591837,346.41016151377556,38.125,250.625
24.265294075012207,188.9509971893321,192.61363636363637,82.15909090909092,224.69848314407065,-172.2972972972973,111.48648648648648,346.41016151377556,38.75,250.625
24.312637090682983,187.8834774312003,191.864406779661,80.67796610169493,226.22704425389423,-173.0612244897959,112.04081632653062,346.41016151377556,39.375,250.625
24.36085796356201,187.8834774312003,191.52542372881356,78.98305084745765,226.22704425389423,-172.6530612244898,110.0,350.05658426655214,39.78947368421053,252.94736842105263
24.425295114517212,188.9509971893321,191.9318181818182,77.5568181818182,227.7765445570031,-173.013698630137,107.67123287671232,346.41016151377556,39.375,250.0
24.472902059555054,190.03071717327117,192.34285714285716,76.62857142857143,229.3474172780859,-173.3793103448276,105.51724137931035,342.83892273528306,39.58762886597938,246.80412371134025
24.520820140838623,188.9509971893321,191.25,75.34090909090911,227.7765445570031,-170.95890410958904,102.32876712328768,346.41016151377556,39.375,248.75
24.569703102111816,188.9509971893321,191.25,75.34090909090911,230.94010767585038,-172.91666666666666,102.70833333333333,346.41016151377556,39.375,248.4375
24.61726999282837,188.9509971893321,191.5909090909091,76.19318181818183,227.7765445570031,-169.31506849315068,101.3013698630137,350.05658426655214,39.78947368421053,250.73684210526315
24.6649808883667,188.9509971893321,192.27272727272728,77.72727272727273,230.94010767585038,-171.66666666666666,104.16666666666667,346.41016151377556,40.0,248.125
24.745352029800415,187.8834774312003,192.88135593220338,79.83050847457629,227.7765445570031,-169.31506849315068,106.64383561643835,346.41016151377556,41.25,249.0625
24.793073177337646,187.8834774312003,193.89830508474577,80.67796610169493,227.7765445570031,-170.13698630136986,109.31506849315069,350.05658426655214,42.31578947368421,252.0
24.840944051742554,188.9509971893321,195.0,81.3068181818182,227.7765445570031,-170.13698630136986,110.75342465753425,346.41016151377556,42.5,250.0
24.888821840286255,188.9509971893321,195.6818181818182,80.62500000000001,226.22704425389423,-168.9795918367347,111.42857142857143,346.41016151377556,43.125,250.0
24.936869144439697,190.03071717327117,196.8,80.05714285714286,224.69848314407065,-167.83783783783784,110.47297297297297,346.41016151377556,43.75,250.0
24.985055923461914,188.9509971893321,196.02272727272728,78.40909090909092,226.22704425389423,-168.9795918367347,110.0,346.41016151377556,43.75,250.3125
25.033061027526855,188.9509971893321,196.02272727272728,77.21590909090911,226.22704425389423,-168.57142857142858,108.57142857142857,346.41016151377556,43.75,250.0
25.081159114837646,190.03071717327117,197.14285714285714,76.62857142857143,226.22704425389423,-167.75510204081633,106.3265306122449,346.41016151377556,43.75,250.0
25.128963947296143,188.9509971893321,196.02272727272728,75.85227272727273,227.7765445570031,-168.08219178082192,105.41095890410959,342.83892273528306,43.91752577319588,247.1134020618557
25.177225828170776,187.8834774312003,195.25423728813558,75.7627118644068,227.7765445570031,-167.26027397260273,104.38356164383562,346.41016151377556,43.75,249.6875
25.225313901901245,187.8834774312003,195.25423728813558,76.4406779661017,229.3474172780859,-168.41379310344828,104.89655172413794,346.41016151377556,44.375,249.375
25.27284288406372,187.8834774312003,195.9322033898305,77.45762711864408,227.7765445570031,-166.43835616438355,104.58904109589041,342.83892273528306,44.5360824742268,246.80412371134025
25.32114815711975,187.8834774312003,196.61016949152543,78.47457627118645,229.3474172780859,-167.58620689655172,105.72413793103448,346.41016151377556,45.0,248.75
25.369349002838135,188.9509971893321,198.4090909090909,79.60227272727275,227.7765445570031,-166.02739726027397,106.43835616438356,350.05658426655214,46.10526315789474,251.3684210526316
25.417131900787354,188.9509971893321,199.0909090909091,79.60227272727275,229.3474172780859,-167.58620689655172,108.62068965517241,346.41016151377556,46.25,248.75
25.4649498462677,190.03071717327117,200.57142857142858,79.54285714285714,226.22704425389423,-165.30612244897958,108.36734693877551,346.41016151377556,46.875,248.75
