0.19009572813851072, 0.07141762225222381
0.19009572813851072, 0.05521434528052538
0.25338977880920766, -0.030865563631624404
0.285036804144557, 0.0018785585820171313
0.285036804144557, -0.013987150119438407
0.296429733265283, 0.03496024906590156
0.296429733265283, 0.018756972094203128
0.49865422515816427, -0.023523453753823365
0.5128953865590713, 0.009980197067866126
0.5128953865590713, -0.006223079903832307
0.5318836017602813, 0.030459338795985502
0.6458128929675375, -0.04686629964117728
0.6648011081687475, -0.02580203957796856
0.7293610398528596, 0.03415008521731666
0.7407539689735856, 0.017406699013228
0.7407539689735856, 0.001203422041529123
0.7407539689735856, -0.014999854930169754
0.9496243361868899, 0.05521434528052538
0.9604747448732933, 0.03669631445572685
0.9686125513880981, 0.018756972094203128
0.9686125513880981, 0.0025536951225042515
0.9686125513880981, -0.013649581849194625
0.9686125513880981, -0.02782744919943081
1.1205182729977743, 0.028884020201514815
1.1310672814428901, -0.04380568065763368
1.1964711338026124, 0.008629923986891441
1.1964711338026124, -0.0075733529848074355
1.1964711338026124, -0.023776629956506312
1.2534357794062405, -0.05618318389990362
1.3402390488974838, -0.04026925115984259
1.424329716217125, 0.024833200958589874
1.424329716217125, 0.008629923986891441
1.424329716217125, -0.0075733529848074355
1.424329716217125, -0.023776629956506312
1.519270792223173, -0.03862963384723006
1.6332000834304292, 0.04549237909750614
1.6332000834304292, -0.017700401092119122
1.6521882986316392, 0.02820888366102725
1.6521882986316392, 0.012005606689328818
1.6521882986316392, -0.006560648174076089
1.8719090745313487, 0.0424831990884762
1.8800468810461535, 0.024833200958589874
1.8800468810461535, 0.008629923986891441
1.8800468810461535, -0.0075733529848074355
1.8914398101668795, -0.01972581071358137
2.0943424526026604, -0.023776629956506312
2.1051928612890656, 0.012970087461453339
2.107905463460666, -0.006898216444320315
2.202846539466714, -0.036688616293328646
2.278799400271552, -0.05289189326502752
2.342093450942251, -0.011624172227732377
2.3832345838782043, -0.0701078750474573
2.4307051218812283, -0.029852858820893058
2.5066579826860647, -0.04858789781942008
2.5256461978872746, 0.008629923986891441
2.5636226282896946, -0.0075733529848074355
2.5636226282896946, -0.06377846998038761
2.6477132956093357, -0.02290859726159411
2.658563704295741, -0.04554978338722648
2.734516565100579, 0.009642628797622343
2.805722372105114, 0.03521342526858451
2.829457641106627, 0.10382417619562156
2.848445856307835, -0.006223079903832307
2.867434071509045, 0.0791141788137808
2.867434071509045, 0.05723975490198763
2.886422286710255, 0.04171161447077587
3.0193397931187214, 0.01791305141859345
3.0573162235211395, 0.0744557366844174
3.0763044387223495, 0.056834672977694733
3.0763044387223495, 0.0406313960059963
3.201084138616011, -0.0035225337418829383
3.2092219451308157, 0.01943210863469025
3.2471983755332356, -0.026409662464407013
3.330746522418556, -0.052132364656979124
3.342139451539282, -0.009598762606269684
3.361127666740492, -0.07213328466891955
3.402901740183154, -0.08372875475179153
3.475056957947748, -0.10398285096641491
3.5605039263531904, -0.046056135792591935
3.6079744643562144, -0.12352805381352683
3.6269626795574244, -0.08723946476232625
3.6459508947586343, -0.06833564162867756
3.6839273251610525, -0.10114727749636776
3.7598801859658906, -0.04848662733834708
3.787499408076741, -0.023592501809100774
3.7978566163683087, -0.0014971241204202457
3.7978566163683087, -0.07036105125014025
3.7978566163683087, -0.08150080416818284
3.8421624518377993, 0.015381289391765751
3.892797692374357, 0.031415782228342515
3.907988264535323, 0.04873303449184574
3.9768883596939997, 0.07228565494713601
4.006726983581613, 0.0903214453858725
4.025715198782823, 0.10990040506000831
4.196609135593707, 0.04981325295662531
4.205240142503349, 0.07141762225222381
4.215597350794917, 0.12812909165316944
4.215597350794917, 0.11192581468147056
4.215597350794917, 0.09572253770977213
4.28069980291335, 0.03467090483426416
4.329526642002174, 0.07546844149514875
4.348514857203384, 0.05521434528052538
4.381744233805501, 0.014199800445912736
4.3864912876058035, -0.008248489525294556
4.405479502807012, -0.024991875729383217
4.424467718008222, 0.04103647793028875
4.448202987009733, -0.04808154541405418
4.452950040810036, -0.06276576516965626
4.50042057881306, -0.076437280114527
4.50042057881306, -0.09264055708622587
4.51940879401427, -0.1400351422284447
4.538397009215478, -0.11154438021987412
4.538397009215478, -0.127747657191573
4.709290946026364, -0.1554282553515587
4.747267376428782, -0.13365510192083851
4.755706583184876, -0.11401988086832882
4.838410809394587, -0.06185433083999836
4.844921054606431, -0.09003645900148882
4.8991730980384585, -0.07036105125014025
4.911831908172598, -0.04065504346869231
4.930820123373806, -0.01871310590285047
4.9941141740445065, 0.016731562472740436
4.9941141740445065, 0.0015409903117729051
5.002745180954147, 0.0397475808984491
5.038420009513995, 0.061290574144912124
5.051078819648135, 0.07303794994939361
5.085257607010311, 0.09511491482333323
5.146019895654181, 0.1144575767082987
5.161210467815149, 0.13217991089609438
5.1975593369146065, 0.1541700725005426
5.320711475505309, 0.07486081860870986
5.349465058524283, 0.09687991463632217
5.354890262867485, 0.1443323686248683
5.362485548947969, 0.11111565083288566
5.373878478068695, 0.15952294078583584
5.3820162845835, 0.12870778011644424
5.449831338873533, 0.02584590576932122
5.456160743940604, 0.04801288884865906
5.456160743940604, 0.06871707609027444
5.459325446474137, -0.02124486792967817
5.468819554074743, 0.09167171846684719
5.4878077692759515, 0.007954787446403877
5.4878077692759515, -0.008248489525294556
5.517646393163567, -0.0385331857700173
5.525784199678371, -0.058883730061853434
5.525784199678371, -0.07508700703355187
5.56647323225239, -0.09871678595061306
5.6098748669980125, -0.12186432448161089
5.626150480027622, -0.1458798957075218
5.658701706086838, -0.20930415128245672
5.677689921288048, -0.18040830734959412
5.677689921288048, -0.19661158432129255
5.691252932146053, -0.16295120537413288
5.848583858098932, -0.17568235156618206
5.848583858098932, -0.1918856285378805
5.848583858098932, -0.20606349588811712
5.867572073300142, -0.15846636978375184
5.882762645461108, -0.13699702779625156
5.92453671890377, -0.1116794075279719
5.92453671890377, -0.09601623978866325
5.92453671890377, -0.013649581849194625
5.94352493410498, -0.08251350897891419
5.962513149306188, -0.050917118884101775
5.962513149306188, -0.06590515008292286
5.976754310707095, -0.029852858820893058
6.000489579708608, 0.002806871325187199
6.019477794909816, 0.024833200958589874
6.057454225312236, 0.04731524775682194
6.0954306557146545, 0.10179876657415887
6.0954306557146545, 0.08559548960246044
6.0954306557146545, 0.06939221263076156
6.127077681050004, 0.12520349997772406
6.171383516519493, 0.16188591867754187
6.1808776241200984, 0.18078974181119056
6.184946527377498, 0.1443323686248683
6.342277453330379, 0.19395490435069584
6.372658597652313, 0.17025761177958598
6.380253883732797, 0.15081367941354795
6.399242098934007, 0.13420532051755663
6.399242098934007, 0.11800204354585775
6.399242098934007, 0.10179876657415887
6.418230314135217, 0.0830637275756323
6.475194959738845, 0.04812541160540684
6.475194959738845, 0.03192213463370841
6.478992602779087, 0.06574647531212952
6.4996083792832575, 0.012680743229815938
6.519500795208334, -0.037279360766255376
6.532159605342473, -0.020130892637874265
6.551147820543683, -0.05820859352136587
6.557477225610754, -0.08082566762769572
6.564710831401689, -0.0023651568153328917
6.589124250946101, -0.11795817735450509
6.592921893986343, -0.09952694979919796
6.608112466147311, -0.13264239711010717
6.6545281033058234, -0.153402845730096
6.716616553011363, -0.17047415539670707
6.741029972555777, -0.18884751410568734
6.804324023226476, -0.20201267664519262
6.892935694165454, -0.13112333989401037
6.892935694165454, -0.14732661686570925
6.892935694165454, -0.16302354143204223
6.892935694165454, -0.1777077611876443
6.911923909366662, -0.19593644778080543
6.937241529634941, -0.093765784653705
6.944475135425877, -0.1152094071539489
6.987876770171502, -0.06688892047049011
7.00686498537271, -0.013649581849194625
7.00686498537271, -0.029852858820893058
7.00686498537271, -0.046056135792591935
7.025853200573918, 0.00938945259493984
7.04484141577513, 0.05116352603760044
7.0801052440059475, 0.033513527907714113
7.082817846177546, 0.0785065559273419
7.082817846177546, 0.06230327895564347
7.101806061378758, 0.10949532313571586
7.101806061378758, 0.09410221001260233
7.135984848740934, 0.13055958319892458
7.232010965615624, 0.1998864610992639
7.234723567787222, 0.1828151514326528
7.234723567787222, 0.16661187446095393
7.238521210827466, 0.15243400711071775
7.32966464379327, 0.23345039196921125
7.32966464379327, 0.2172471149975128
7.362215869852486, 0.13738810706556892
7.386629289396899, 0.20104383802581394
7.386629289396899, 0.18484056105411506
7.386629289396899, 0.16863728408241618
7.386629289396899, 0.15243400711071775
7.4246057197993185, 0.09977335695269662
7.435998648920043, 0.1175969616215653
7.443593935000527, 0.08438024382958309
7.462582150201738, 0.06736680300929931
7.468911555268809, 0.04947568468638197
7.489165651483431, -0.02094105648645872
7.500558580604155, 0.012680743229815938
7.500558580604155, -0.0035225337418829383
7.504356223644399, 0.030909429822977064
7.538535011006575, -0.06023400314282856
7.551193821140712, -0.039979906928204745
7.557523226207783, -0.07684236203881989
7.576511441408995, -0.09466596670768812
7.576511441408995, -0.110869243679387
7.576511441408995, -0.12707252065108587
7.600924860953407, -0.145301207244247
7.633476087012623, -0.1664554855128535
7.732214806058911, -0.18763226833281
7.804370023823507, -0.23239382096712768
7.804370023823507, -0.24454627869590162
7.819138635646672, -0.21056440615803318
7.861334669427135, -0.187834809294956
7.867664074494206, -0.17230666886374468
7.877610282456745, -0.14732661686570925
7.9182993150307635, -0.08150080416818284
7.9182993150307635, -0.09770408113988172
7.9182993150307635, -0.11390735811158059
7.924628720097834, -0.12842279373206056
7.964906752342825, -0.059681618700611505
7.975263960634392, -0.15137743610863374
7.994252175835603, -0.0035225337418829383
7.994252175835603, -0.01972581071358137
7.994252175835603, -0.03592908768528025
8.013240391036812, 0.01976967690493403
8.02589920117095, 0.04171161447077587
8.045791617096027, 0.06042254144999992
8.089193251841648, 0.08711454681855724
8.10818146704286, 0.14129425419267472
8.10818146704286, 0.12509097722097584
8.10818146704286, 0.10888770024927741
8.1482676991343, 0.16346123727201256
8.241098973451324, 0.17648574636558312
8.260087188652536, 0.20982061305215094
8.268718195562174, 0.23271387937958865
8.27148011777326, 0.1945625272371343
8.317051834256164, 0.25775530742675956
8.393004695061, 0.1929421995399645
8.402498802661606, 0.17876433218972831
8.411992910262212, 0.1585102359751045
8.411992910262212, 0.23952662083359844
8.411992910262212, 0.22332334386189956
8.411992910262212, 0.20712006689020068
8.418322315329279, 0.14129425419267472
8.438576411543904, 0.09207680039114008
8.449969340664628, 0.1261036820317072
8.449969340664628, 0.10990040506000831
8.47655284194632, 0.035770412914486904
8.487945771067048, 0.053188935659062686
8.500604581201186, 0.07276789533319894
8.51452927234874, -0.012839418000609282
8.525922201469468, 0.020782381715665377
8.525922201469468, 0.0045791047439665
8.563898631871885, -0.05314506946771003
8.563898631871885, -0.0693483464394089
8.563898631871885, -0.08555162341110778
8.570228036938955, -0.1037803100042689
8.576557442006026, -0.03255340498284287
8.59048213315358, -0.1538079276543889
8.601875062274305, -0.11998358697596734
8.601875062274305, -0.13618686394766621
8.677827923079144, -0.19121049199739337
8.677827923079144, -0.20707620069884847
8.680540525250743, -0.1733675977130824
8.75378078388398, -0.23948275464224578
8.772768999085189, -0.2232794776705469
8.848721859890029, -0.19593644778080543
8.893027695359516, -0.16352989383740768
8.899357100426586, -0.14732661686570925
8.899357100426586, -0.2161905439954288
8.905686505493657, -0.1807458756198379
8.905686505493657, -0.13314874951547262
8.924674720694865, -0.11323222157109303
8.924674720694865, -0.09871678595061306
8.943662935896077, -0.08656432822183868
8.962651151097285, -0.044705862711616806
8.972145258697891, -0.06453799858843601
8.981639366298493, 0.0015409903117729051
8.981639366298493, -0.014662286659925527
8.981639366298493, -0.030865563631624404
9.031008725821641, 0.024023037110004974
9.03317880755892, 0.04942746064777559
9.057592227103333, 0.08255737517026684
9.063921632170404, 0.06871707609027444
9.076580442304541, 0.09936827502840417
9.09556865750575, 0.12286302663736759
9.13354508790817, 0.1483831878677928
9.152533303109381, 0.16620679253666149
9.190509733511798, 0.17977703700045922
9.198105019592282, 0.1929421995399645
9.228486163914217, 0.2125211592141003
9.228486163914217, 0.22669902656433694
9.262664951276394, 0.24479268584940073
9.342415455121474, 0.2690976013069486
9.380391885523894, 0.18754110721606487
9.380391885523894, 0.2212979342404373
9.3898859931245, 0.20712006689020068
9.399380100725102, 0.17066269370387888
9.399380100725102, 0.15445941673218
9.399380100725102, 0.25167907856237237
9.399380100725102, 0.2354758015906735
9.405709505792172, 0.13521802532828753
9.437356531127522, 0.1190147483565891
9.437356531127522, 0.10281147138489022
9.437356531127522, 0.08660819441319134
9.446850638728128, 0.07394938427905196
9.484827069130544, 0.01976967690493403
9.48799177166408, 0.05386407219955025
9.513309391932358, 0.03225970290395219
9.551285822334778, -0.01972581071358137
9.551285822334778, -0.03592908768528025
9.551285822334778, -0.052132364656979124
9.551285822334778, -0.06833564162867756
9.557615227401849, 0.001203422041529123
9.557615227401849, -0.10310517346378134
9.570274037535986, -0.08575416437325378
9.585464609696954, -0.12140137371099113
9.589262252737198, -0.1392249783798598
9.627238683139614, -0.1554282553515587
9.638631612260342, -0.16960612270179487
9.65165210268403, -0.20288070934010483
9.665215113542034, -0.18648453621398087
9.741167974346874, -0.23847004983151443
9.760156189548082, -0.21872230602225695
9.792707415607298, -0.25322660564502586
9.836109050352919, -0.26723086645628014
9.874085480755339, -0.17568235156618206
9.912061911157759, -0.18850994583544312
9.912061911157759, -0.21078945167152918
9.912061911157759, -0.2263175921027405
9.912061911157759, -0.24454627869590162
9.931050126358967, -0.1463139120549779
9.931050126358967, -0.16251718902667678
9.946240698519935, -0.12342678333245338
9.969026556761387, -0.08251350897891419
9.969026556761387, -0.09871678595061306
9.988014771962595, -0.052537446581271574
9.988014771962595, -0.06833564162867756
10.007002987163807, 0.030909429822977064
10.025991202365015, -0.033903678063818
10.025991202365015, -0.004737779514759843
10.025991202365015, -0.017700401092119122
10.025991202365015, 0.06331598376637437
10.042266815394624, 0.014706152851278187
10.06939283711064, 0.04827008372122599
10.110383269925945, 0.08019439727856037
10.139920493572271, 0.11713401085094555
10.139920493572271, 0.09977335695269662
10.139920493572271, -0.033903678063818
10.158908708773483, 0.13825613976048112
10.17156751890762, 0.15648482635364225
10.223468640457591, 0.17471351294680337
10.23486156957832, 0.20644493034971356
10.23486156957832, 0.19091678991850225
10.23486156957832, 0.2699077651555335
10.243492576487961, 0.22939957272628675
10.272837999980739, 0.25302935164334706
10.386767291187995, 0.23345039196921125
10.405755506389204, 0.21319629575458787
10.405755506389204, 0.196993018782889
10.405755506389204, 0.24965366894091012
10.424743721590415, 0.18180244662192147
10.424743721590415, 0.16559916965022303
10.424743721590415, 0.14939589267852416
10.449157141134824, 0.13140832627839405
10.481708367194043, 0.11516647007581016
10.507025987462319, 0.06736680300929931
10.51968479759646, 0.09015266125075039
10.538673012797672, 0.05015082122686909
10.538673012797672, 0.03394754425517066
10.538673012797672, 0.017744267283471782
10.55766122799888, 0.0021486131982118017
10.576649443200088, -0.015674991470656874
10.576649443200088, -0.03187826844235575
10.576649443200088, -0.04808154541405418
10.576649443200088, -0.06428482238575306
10.5956376584013, -0.08048809935745194
10.618423516642752, -0.10033711364778286
10.63361408880372, -0.11542641532767739
10.641209374884204, -0.16920104077750242
10.648804660964684, -0.1335538314397655
10.652602304004928, -0.15137743610863374
10.728555164809764, -0.21281486129299143
10.728555164809764, -0.22665516037298428
10.732352807850008, -0.1906703827650036
10.804508025614604, -0.24353357388517027
10.861472671218232, -0.14732661686570925
10.861472671218232, -0.22834300172420274
10.88046088641944, -0.21720324880616015
10.899449101620652, -0.16732753687764967
10.899449101620652, -0.19694915259153634
10.937425532023068, -0.13936000568795714
10.965044754133919, -0.1174978569859908
10.965907854824883, -0.09567867151841947
11.000719582693767, -0.06225941276429081
11.003884285227302, -0.0771968087225754
11.013378392827908, -0.04848662733834708
11.042915616474234, -0.02895267676691038
11.070343038431536, 0.021795086526396723
11.070343038431536, 0.005591809554697846
11.076672443498603, -0.008248489525294556
11.09882536123335, 0.0423023589437026
11.146295899236373, 0.09369712808830988
11.146295899236373, 0.077493851116611
11.146295899236373, 0.061290574144912124
11.165284114437585, 0.1174956911404923
11.230386566556012, 0.1440430243932309
11.27378820130164, 0.16169302252311724
11.311764631704056, 0.17963236488464052
11.450107342455725, 0.17066269370387888
11.453904985495969, 0.13582564821472642
11.469095557656933, 0.15810515405081205
11.47858966525754, 0.1185083959512232
11.488083772858145, 0.10281147138489022
11.488083772858145, 0.08660819441319134
11.488083772858145, 0.07040491744149291
11.488083772858145, 0.05420164046979403
11.488083772858145, 0.037998363498095156
11.512497192402554, 0.020493037484027976
11.545048418461773, 0.00417402281967405
11.545048418461773, -0.011624172227732377
11.564036633662981, -0.04909425022478553
11.564036633662981, -0.0652975271964844
11.575429562783706, -0.03147318651806286
11.602013064065401, -0.08116323589793906
11.602013064065401, -0.09736651286963793
11.628596565347097, -0.13233858566688772
11.639989494467821, -0.1149200629223115
11.70961295020559, -0.153402845730096
11.73967762427417, -0.2131524295632352
11.753918785675078, -0.19728672086178056
11.772907000876286, -0.1770326246471572
11.899495102217683, -0.20538835934763
11.924812722485962, -0.1441438303176965
11.924812722485962, -0.16960612270179487
11.924812722485962, -0.18715967275446888
11.94380093768717, -0.1078311292471934
11.94380093768717, -0.12403440621889228
11.962789152888382, -0.08685367245347608
12.000765583290798, -0.06168072430101601
12.032412608626151, -0.03626665595552403
12.057730228894426, 0.030909429822977064
12.057730228894426, 0.014706152851278187
12.057730228894426, -0.0014971241204202457
12.057730228894426, -0.017700401092119122
12.071293239752437, 0.052320902964150484
12.128936035898965, 0.07698749871124555
12.165330115034616, 0.09741037906099059
12.171659520101686, 0.12914179646390078
12.177988925168753, 0.1159766339243955
12.220184958949224, 0.14500750516535543
12.285588811308942, 0.2118460226736132
12.285588811308942, 0.1956427457019143
12.285588811308942, 0.17943946873021543
12.285588811308942, 0.16323619175851656
12.413759263917106, 0.1450918972329167
12.437494532918619, 0.18889138029704
12.437494532918619, 0.17268810332534112
12.456482748119827, 0.12529351818312184
12.465976855720433, 0.20205654283654484
12.475470963321035, 0.10787499543854606
12.475470963321035, 0.09167171846684719
12.475470963321035, 0.07546844149514875
12.494459178522247, 0.056834672977694733
12.505309587208652, 0.0387217240771891
12.551423824125875, 0.021795086526396723
12.551423824125875, 0.005591809554697846
12.551423824125875, -0.01061146741700103
12.551423824125875, -0.026814744388699907
12.557753229192942, -0.04504343098186103
12.608388469729503, -0.06063908506712101
12.608388469729503, -0.07684236203881989
12.646364900131923, -0.10045285134043791
12.693835438134945, -0.12808522546181678
12.72774296527996, -0.16844874577524482
12.738593373966369, -0.1502200591820837
12.804600026808666, -0.18243371697105637
12.912199912948855, -0.1669055765398455
12.912199912948855, -0.18986021891641824
12.931188128150064, -0.15289649332473054
12.935935181950365, -0.13314874951547262
12.97549396361955, -0.09961696800459618
12.978658666153086, -0.11593276773304284
12.988152773753692, -0.08251350897891419
13.0071409889549, -0.07036105125014025
13.026129204156112, -0.04923892234060423
13.038788014290253, -0.03255340498284287
13.064105634558532, -0.01061146741700103
13.064105634558532, -0.13314874951547262
13.08309384975974, 0.012680743229815938
13.102082064960948, 0.03438156060262676
13.12107028016216, 0.10281147138489022
13.12107028016216, 0.08660819441319134
13.12107028016216, 0.07040491744149291
13.12107028016216, 0.05420164046979403
13.154299656764275, 0.12331874380219654
13.20841607008772, 0.14797810594350036
13.291964216973044, 0.16762457927168528
13.310952432174252, 0.18754110721606487
13.386905292979092, 0.14534507343559921
13.396399400579694, 0.12458462481561039
13.424881723381509, 0.16661187446095393
13.429628777181813, 0.10382417619562156
13.44386993858272, 0.18484056105411506
13.500834584186348, 0.06736680300929931
13.500834584186348, 0.05116352603760044
13.500834584186348, 0.03496024906590156
13.512227513307073, 0.08600057152675289
13.519822799387557, 0.01713664439703333
13.519822799387557, 0.0009333674253344526
13.519822799387557, -0.015269909546364424
13.557799229789977, -0.0322833503666482
13.557799229789977, 0.11192581468147056
13.588180374111909, -0.052537446581271574
13.595775660192396, -0.07036105125014025
13.614763875393605, -0.08791460130281381
13.652740305796025, -0.1068184244364625
13.671728520997233, -0.12302170140816093
13.681222628597839, -0.1539091981354619
13.690716736198441, -0.14057525146083494
13.785657812204489, -0.17163153232325712
13.809393081206002, -0.1931515095512948
13.861610673009329, -0.13112333989401037
13.90501230775495, -0.1447225187809722
13.924904723680024, -0.17230666886374468
13.937563533814165, -0.11937596408952889
13.946002740570256, -0.09691642184264637
13.975539964216585, -0.07157629702301715
14.02436680330541, -0.05126433196206692
14.051492825021421, -0.037954497306742496
14.095798660490908, -0.0210760837945565
14.102128065557983, -0.005547943363345187
14.10845747062505, 0.04103647793028875
14.10845747062505, 0.024833200958589874
14.10845747062505, 0.008629923986891441
14.127445685826261, 0.06027786933418122
14.152763306094537, 0.07546844149514875
14.15909271116161, 0.09268442327757853
14.231017768741948, 0.11744965910364069
14.241374977033518, 0.13825613976048112
14.279351407435938, 0.15378428019169288
14.355304268240774, 0.1929421995399645
14.355304268240774, 0.17673892256826562
14.43125712904561, 0.15648482635364225
14.438852415126098, 0.07465827764656341
14.450245344246822, 0.14129425419267472
14.450245344246822, 0.12509097722097584
14.450245344246822, 0.10888770024927741
14.450245344246822, 0.09268442327757853
14.488221774649238, 0.059265164523449876
14.488221774649238, 0.043061887551751
14.516704097451056, 0.02837766779614892
14.526198205051658, 0.012680743229815938
14.526198205051658, -0.0035225337418829383
14.532527610118729, -0.021413652064799837
14.564174635454078, -0.03896720211747384
14.583162850655286, -0.05456285620273382
14.602151065856498, -0.07204889260135872
14.678103926661334, -0.09466596670768812
14.678103926661334, -0.11356978984133681
14.678103926661334, -0.12977306681303524
14.754056787466174, -0.17163153232325712
14.773045002667383, -0.15137743610863374
14.82526259447071, -0.18867872997056523
14.886974293874639, -0.16758071308033262
14.905962509075847, -0.11424492638182437
14.905962509075847, -0.13044820335352325
14.912291914142918, -0.093765784653705
14.940141296438023, -0.15056727226004885
14.969256559746546, -0.06867320989892178
15.000903585081895, -0.045766791560954534
15.057868230685523, -0.020738515524312717
15.057868230685523, -0.03187826844235575
15.076856445886735, 0.01146549745693859
15.076856445886735, -0.003927615666175388
15.085295652642825, 0.03406006701191888
15.133821091490363, 0.05521434528052538
15.14738410234837, 0.06968155686239896
15.17179752189278, 0.09065901365611628
15.2097739522952, 0.10517444927659625
15.224542564118364, 0.12317809035626182
15.304715028301247, 0.1629661371423219
15.313154235057338, 0.18529065208110662
15.323703243502456, 0.1483831878677928
15.342691458703667, 0.13420532051755663
15.412314914441437, 0.11327608776244569
15.429494728194912, 0.09282909539339723
15.475608965112132, 0.052176230848331784
15.475608965112132, 0.03597295387663291
15.488267775246273, 0.07209275879271138
15.502192466393828, 0.019567135942788028
15.509787752474308, -0.008788598757684785
15.513585395514552, 0.0045791047439665
15.589538256319388, -0.04099261173893609
15.589538256319388, -0.05719588871063497
15.589538256319388, -0.0733991656823334
15.600931185440112, -0.022561384183628963
15.6139516758638, -0.08945777053821358
15.669288760164468, -0.10195744134495266
15.760432193130276, -0.1149200629223115
15.760432193130276, -0.1517825180329262
15.792983419189492, -0.13662088029512276
15.912337914739949, -0.11795817735450509
15.912337914739949, -0.046056135792591935
15.92499672487409, -0.08903982887029294
15.937655535008227, -0.14192552454180962
15.964555506543276, -0.06276576516965626
15.996729982300879, -0.0296278133073975
16.026267205947207, -0.005953025287637637
16.04525542114842, 0.026858610580052567
16.064243636349623, 0.012680743229815938
16.083231851550835, 0.04103647793028875
16.12753768702032, 0.06264084722588725
16.152855307288604, 0.094372264628797
16.159184712355675, 0.12559732962634174
16.17817292755688, 0.07614357803563587
16.311090433965347, 0.14028154938194337
16.311090433965347, 0.10787499543854606
16.33007864916656, 0.15648482635364225
16.37348028391218, 0.07228565494713601
16.387043294770187, 0.12509097722097584
16.387043294770187, 0.08964630884538494
16.425019725172604, 0.05723975490198763
16.444007940373815, 0.10787499543854606
16.462996155575027, 0.040023773119557404
16.462996155575027, 0.02382049614785897
16.48198437077623, 0.005794350516843849
16.507301991044514, -0.02782744919943081
16.519960801178655, -0.010408926454855028
16.519960801178655, 0.07546844149514875
16.54844312398047, -0.04934742642746848
16.595913661983488, -0.0732544935665147
16.601338866326692, -0.1100012109844748
16.6149018771847, -0.09331569362671299
16.659207712654187, -0.12977306681303524
16.671866522788328, -0.16758071308033262
16.69718414305661, -0.15092734508164218
16.842760459599212, -0.11154438021987412
16.861748674800424, -0.09151532951874675
16.861748674800424, -0.12747760257537832
16.861748674800424, -0.1426006610822972
16.947195643205866, -0.06428482238575306
16.95668975080647, -0.02580203957796856
16.95668975080647, -0.04200531654966744
16.97567796600768, -0.1068184244364625
16.994666181208892, 0.005254241284454064
16.994666181208892, -0.010273899146757248
16.994666181208892, -0.08352621378964553
17.002261467289372, 0.026858610580052567
17.061124934413122, 0.07040491744149291
17.070619042013725, 0.05183866257808756
17.103848418615847, 0.09521618530440623
17.146571902818565, 0.04103647793028875
17.165560118019776, 0.1159766339243955
17.184548333220988, 0.18484056105411506
17.184548333220988, 0.16863728408241618
17.184548333220988, 0.15243400711071775
17.184548333220988, 0.13623073013901887
17.355442270031872, 0.11829138777749515
17.355442270031872, 0.18484056105411506
17.355442270031872, 0.16863728408241618
17.355442270031872, 0.13623073013901887
17.374430485233077, 0.1504085974892555
17.374430485233077, 0.10179876657415887
17.39341870043429, 0.08559548960246044
17.401013986514776, 0.06696172108500686
17.450383346037917, 0.052176230848331784
17.450383346037917, 0.03597295387663291
17.456712751104988, 0.0005282855010420029
17.46937156123913, 0.017946808245617785
17.507347991641545, -0.017700401092119122
17.526336206842757, -0.036941792496011594
17.526336206842757, -0.05314506946771003
17.54532442204396, -0.08575416437325378
17.564312637245173, -0.07002348297989602
17.626702487192006, -0.1398036668431346
17.640265498050013, -0.12234656486767381
17.648403304564816, -0.10276760519353756
17.664678917594422, -0.17307825348144457
17.691804939310437, -0.1542708784250082
17.716218358854853, -0.1885943379030044
17.728877168988994, -0.20741376896909225
17.811159434860897, -0.15947907459448318
17.83014765006211, -0.11390735811158059
17.83014765006211, -0.12909793027254812
17.83014765006211, -0.1432757976227843
17.849135865263314, -0.07756250768200657
17.881687091322533, -0.09842744171897566
17.944076941269365, -0.03896720211747384
17.944076941269365, -0.05517047908917272
17.96306515647057, -0.02296646610792097
17.96306515647057, -0.07441187049306475
17.982053371671782, 0.006604514365428749
17.982053371671782, -0.009598762606269684
17.996821983494947, 0.026858610580052567
18.0200298020742, 0.04913811641613819
18.05800623247662, 0.06534139338783707
18.06663723938626, 0.08762089922392269
18.12762968821439, 0.11935231662683288
18.19092373888509, 0.15783509943461738
18.2234749649443, 0.13796679552884372
18.304853030092346, 0.18078974181119056
18.342829460494762, 0.1645864648394917
18.348254664837967, 0.12176351855714529
18.371311783296576, 0.0820510227649014
18.38080589089718, 0.1443323686248683
18.38713529596425, 0.09707281079074725
18.407931912613194, 0.061869262608186926
18.437770536500807, 0.043061887551751
18.437770536500807, 0.026858610580052567
18.437770536500807, 0.01065533360835369
18.45675875170202, -0.003927615666175388
18.45675875170202, -0.07036105125014025
18.501064587171506, -0.022763925145774966
18.513723397305647, -0.04200531654966744
18.513723397305647, -0.05820859352136587
18.528913969466615, -0.08453891860037643
18.570688042909275, -0.1064133425121696
18.61288407668974, -0.12977306681303524
18.677022048036044, -0.1521875999572191
18.68461733411653, -0.2105193970553345
18.68461733411653, -0.2234820186326929
18.703605549317743, -0.19424860642958697
18.708352603118044, -0.1761887039715475
18.83652305572621, -0.15441555054082734
18.844962262482298, -0.127747657191573
18.849181865860352, -0.17973317080910656
18.861840675994486, -0.10546815135548737
18.89348770132984, -0.08393129571393798
18.931464131732255, -0.044030726171129686
18.931464131732255, -0.06023400314282856
18.95678175200053, -0.02512690303748144
18.96311115706761, -0.009598762606269684
18.972153164306278, 0.022518447105490225
19.0264052077383, 0.0038195761359181013
19.064381638140723, 0.1129385194922019
19.064381638140723, 0.09167171846684719
19.083369853341928, 0.07479330495466119
19.083369853341928, 0.058590027982962756
19.09150765985673, 0.0421938548568388
19.10235806854314, 0.026858610580052567
19.140334498945563, 0.13803109424698556
19.172885725004775, 0.15648482635364225
19.19729914454919, 0.1929421995399645
19.2108621554072, 0.17616023410499082
19.330216650957652, 0.17673892256826562
19.335641855300857, 0.07488975303187395
19.33781193703814, 0.15405433480788755
19.344457812358563, 0.12711638684243853
19.349204866158864, 0.10855013197903318
19.349204866158864, 0.09234685500733475
19.41376479784298, 0.028478938277222365
19.415663619363094, 0.061796926550277576
19.425157726963704, 0.046100001983944594
19.46313415736612, 0.012680743229815938
19.46313415736612, -0.0035225337418829383
19.482122372567332, -0.01972581071358137
19.501110587768537, -0.036941792496011594
19.501110587768537, -0.05314506946771003
19.53908701817096, -0.06833564162867756
19.53908701817096, -0.0831886455194013
19.577063448573377, -0.09972949076134396
19.601476868117786, -0.13691022452676016
19.6150398789758, -0.11964601870572356
19.666579320236224, -0.15195612457190855
19.70455575063864, -0.16758071308033262
19.74795738538426, -0.19674661162939033
19.8239102461891, -0.17568235156618206
19.829335450532305, -0.12707252065108587
19.849227866457376, -0.16285475729692056
19.861886676591517, -0.14462607070375944
19.87454548672566, -0.11154438021987412
19.88087489179273, -0.09871678595061306
19.912521917128082, -0.0831886455194013
19.918851322195145, -0.062006236561607864
19.937839537396357, 0.026858610580052567
19.95682775259757, -0.009598762606269684
19.95682775259757, -0.02580203957796856
19.95682775259757, -0.04200531654966744
19.990057129199684, 0.011161686013719141
20.013792398201197, 0.06736680300929931
20.022231604957284, 0.04463720614622213
20.051768828603613, 0.0815446703595355
20.08499820520573, 0.09724159492586892
20.138572098094862, 0.14722581094124276
20.146709904609665, 0.13015450127463168
20.146709904609665, 0.1159766339243955
20.222662765414498, 0.17943946873021543
20.222662765414498, 0.16323619175851656
20.279627411018126, 0.1159766339243955
20.336592056621754, 0.07951926073807325
20.336592056621754, 0.1261036820317072
20.340389699661998, 0.1451425324734532
20.351782628782722, 0.10058352080128197
20.355580271822966, 0.17268810332534112
20.393556702225382, 0.060075328372034775
20.416342560466838, 0.0406313960059963
20.431533132627806, 0.024326848553224423
20.446723704788774, 0.006604514365428749
20.45052134782901, -0.011624172227732377
20.45685075289608, -0.07812512146574546
20.469509563030222, -0.02904269497230816
20.469509563030222, -0.045245971944007035
20.469509563030222, -0.06144924891570547
20.534612015148653, -0.09379793401277592
20.564450639036274, -0.12876036200230434
20.57801364989428, -0.1114479321426618
20.65517211166427, -0.14597634378473412
20.664816919385515, -0.16960612270179487
20.70279334978794, -0.18494136697858155
20.81129743665199, -0.15812880151350805
20.81129743665199, -0.1149200629223115
20.849273867054414, -0.13365510192083851
20.849273867054414, -0.07846268973598969
20.849273867054414, -0.1807458756198379
20.895689504212925, -0.0980416494101255
20.906238512658042, -0.07036105125014025
20.906238512658042, -0.02580203957796856
20.925226727859247, -0.046562488197957386
20.96320315826167, -0.014054663773487075
20.997381945623843, 0.005186727630405397
21.001179588664087, 0.027668774428637466
21.0201678038653, 0.053188935659062686
21.0201678038653, 0.043061887551751
21.05603443257869, 0.07591853252214031
21.058144234267715, 0.09369712808830988
21.123548086627437, 0.11147572365447944
21.17207352547497, 0.13555559359853175
21.180704532384617, 0.15722133894326484
21.2290381710786, 0.2298046546505792
21.24802638627981, 0.196993018782889
21.24802638627981, 0.18078974181119056
21.267014601481023, 0.21319629575458787
21.361955677487067, 0.14230695900340606
21.361955677487067, 0.1261036820317072
21.361955677487067, 0.10990040506000831
21.361955677487067, 0.09369712808830988
21.368285082554138, 0.07580600976539253
21.37461448762121, 0.16188591867754187
21.399932107889484, 0.05825245971271853
21.399932107889484, 0.0420491827410201
21.418920323090695, 0.026858610580052567
21.437908538291907, 0.009980197067866126
21.44930146741263, -0.005547943363345187
21.479682611734567, -0.02580203957796856
21.494873183895535, -0.044840890019714585
21.51386139909674, -0.06225941276429081
21.53284961429795, -0.07765252588740434
21.570826044700375, -0.10045285134043791
21.576251249043572, -0.1383569456849476
21.58981425990158, -0.1216714283271858
21.632537744104305, -0.15618778395960708
21.66576712070642, -0.17196910059350135
21.798684627114888, -0.15407798227058356
21.807123833870975, -0.12977306681303524
21.817672842316092, -0.10580571962573115
21.86197867778558, -0.08408882757338487
21.912613918322144, 0.01065533360835369
21.925272728456285, -0.06631023200721531
21.95059034872456, -0.04171597231803004
21.9632491588587, -0.024451766496993432
21.975907968992836, -0.0032974882283869356
21.988566779126977, 0.029390372606880266
22.00755499432819, 0.052176230848331784
22.0265432095294, 0.0743110645685987
22.045531424730612, 0.09572253770977213
22.074013747532426, 0.13217991089609438
22.08350785513303, 0.11327608776244569
22.153131310870798, 0.15783509943461738
22.30187232994694, 0.10990040506000831
22.31136643754754, 0.12205286278878269
22.31769584261461, 0.14253200451690162
22.330354652748753, 0.1672870110014415
22.337949938829233, 0.09329204616401698
22.36833108315117, 0.18078974181119056
22.375926369231657, 0.05237877181047779
22.393648703419444, 0.07344303187368606
22.425295728754797, 0.012680743229815938
22.425295728754797, -0.018206753497484574
22.431625133821868, 0.03293483944443931
22.44428394395601, -0.004737779514759843
22.497450946519393, -0.11370481714943459
22.501248589559637, -0.05618318389990362
22.50504623259988, -0.09466596670768812
22.513907399693778, -0.03592908768528025
22.52023680476085, -0.07198137894731005
22.563638439506462, -0.1560069438148335
22.584796736444957, -0.13274366759118017
22.64049550103517, -0.16724314481008884
22.67214252637052, -0.1862144815977862
22.67214252637052, -0.20120251279660728
22.72910717197415, -0.10884383405792475
22.767083602376566, -0.1422630928120534
22.786071817577778, -0.15947907459448318
22.813197839293792, -0.12360038987143573
22.867449882725822, -0.09206186862295107
22.900001108785034, -0.07157629702301715
22.900001108785034, 0.01065533360835369
22.918989323986246, -0.05618318389990362
22.956965754388662, -0.02647717611845568
22.956965754388662, -0.04166774827942321
22.956965754388662, 0.021795086526396723
22.963295159455733, -0.005547943363345187
22.975953969589874, 0.04508729717321325
22.994942184791086, 0.06837950782003022
23.032918615193502, 0.0845827847917291
23.04810918735447, 0.10625466774137626
23.051906830394714, 0.12893925550175478
23.11750248290798, 0.15685308264845377
23.127859691199554, 0.13825613976048112
23.146847906400758, 0.18078974181119056
23.18482433680318, 0.22939957272628675
23.18482433680318, 0.21319629575458787
23.222800767205598, 0.19429247262093918
23.298753628010438, 0.14129425419267472
23.30689143452524, 0.16342908791294164
23.336730058412854, 0.1261036820317072
23.336730058412854, 0.10990040506000831
23.355718273614066, 0.09248188231543253
23.37470648881527, 0.07648114630587965
23.412682919217694, 0.05521434528052538
23.412682919217694, 0.03496024906590156
23.412682919217694, 0.018756972094203128
23.412682919217694, 0.0025536951225042515
23.437096338762103, -0.014806958775744672
23.45065934962011, -0.08555162341110778
23.469647564821322, -0.03221583671259953
23.501294590156668, -0.05415777427844137
23.50762399522374, -0.07522203434165009
23.545600425626155, -0.10327395759890301
23.564588640827367, -0.1263973841105983
23.608894476296854, -0.14575129827123812
23.686655738549426, -0.16150448421594543
23.763964900440065, -0.17947999460642405
23.81143543844309, -0.13340192571815557
23.830423653644303, -0.15947907459448318
23.849411868845507, -0.11208448945226435
23.883590656207687, -0.09122277035120208
23.906376514449136, -0.05111965984624778
23.906376514449136, -0.06732293681794665
23.925364729650347, -0.017700401092119122
23.936215138336756, -0.03101023574744355
23.94435294485156, -0.0035225337418829383
23.963341160052764, 0.017888939399290926
23.982329375253975, 0.03698565868736425
24.008912876535668, 0.05399909950764803
24.020305805656392, 0.06804193954978643
24.031698734777116, 0.08924122692109249
24.07727045126002, 0.10483688100635247
24.085709658016114, 0.12137772624829513
24.08992926139416, 0.1443323686248683
24.12284216774293, 0.1572949902022276
24.14237290337845, 0.17268810332534112
24.143729204464258, 0.1929421995399645
24.2291761728697, 0.20712006689020068
24.286140818473328, 0.18889138029704
24.324117248875744, 0.16863728408241618
24.324117248875744, 0.15243400711071775
24.324117248875744, 0.13623073013901887
24.324117248875744, 0.12002745316732
24.343105464076956, 0.10382417619562156
24.353955872763365, 0.06939221263076156
24.362093679278168, 0.08627062614294756
24.400070109680584, 0.05116352603760044
24.400070109680584, 0.03496024906590156
24.406399514747655, 0.00019071723079822078
24.419058324881796, 0.01713664439703333
24.42538772994886, -0.020063378983825597
24.484160777000227, -0.043162693476217484
24.49501118568663, -0.06631023200721531
24.500436390029833, -0.08251350897891419
24.558305236357327, -0.10411787827451269
24.57096404649147, -0.12545219295391608
24.58995226169268, -0.14057525146083494
24.652342111639506, -0.20490611896156707
24.66590512249752, -0.17298180540423225
24.66590512249752, -0.18918508237593112
24.674042929012316, -0.15484956688828388
24.79882262890598, -0.15947907459448318
24.79882262890598, -0.17568235156618206
24.79882262890598, -0.1918856285378805
24.81306379030689, -0.12656616824571998
24.817810844107193, -0.1463139120549779
24.84523826606449, -0.10186742313955444
24.893763704912033, -0.07744998492525834
24.912751920113237, -0.06225941276429081
24.92119112686933, -0.04020495244170075
24.93174013531445, 0.016731562472740436
24.93174013531445, 0.0005282855010420029
24.93174013531445, -0.015674991470656874
24.95072835051566, -0.08858973784330137
24.97242916788847, 0.037275002919001654
24.988704780918077, 0.054404181431940035
25.026681211320494, 0.07222778610080915
25.045669426521705, 0.10584958581708381
25.045669426521705, 0.08964630884538494
25.08364585692413, 0.12458462481561039
25.130253294236184, 0.1505927256366606
25.21656336333259, 0.1929421995399645
25.2355515785338, 0.1760637860277785
25.273528008936218, 0.1443323686248683
25.29251622413743, 0.15918537251559206
25.31909972541912, 0.12792655069102343
25.330492654539846, 0.10828007736283851
25.349480869741058, 0.09065901365611628
25.36846908494227, 0.07303794994939361
25.387457300143474, 0.05521434528052538
25.387457300143474, 0.0390110683088265
25.387457300143474, 0.022807791337127625
25.406445515344686, 0.006199432441136299
25.425433730545898, -0.011624172227732377
25.43176313561296, -0.030865563631624404
25.463410160948314, -0.04706884060332328
25.469739566015384, -0.07981296281696437
25.482398376149526, -0.06225941276429081
25.512779520471454, -0.09790662210202772
25.520374806551942, -0.1165403906194813
25.525800010895146, -0.13459547067366007
25.533033616686083, -0.14800175340619637
25.612603280386388, -0.1881241535265934
25.621645287625057, -0.1662304399993575
25.72291576869818, -0.2016751083749484
25.748233388966455, -0.1837839900520315
25.805198034570083, -0.13314874951547262
25.808995677610326, -0.17325186002042692
25.833680357371897, -0.15112425990595124
25.86216268017371, -0.1141605343142631
25.881150895374923, -0.076437280114527
25.881150895374923, -0.09264055708622587
25.900139110576134, 0.022807791337127625
25.91912732577734, -0.05415777427844137
25.91912732577734, -0.01871310590285047
25.92545673084441, -0.03255340498284287
25.946554747734645, 0.004804150257462503
25.957103756179762, 0.04913811641613819
25.957103756179762, 0.03293483944443931
25.98453117813706, 0.07231780430620693
26.02925897394436, 0.09410221001260233
26.033056616984602, 0.10719985889805894
26.052044832185807, 0.1272289095991863
26.084596058245026, 0.1483831878677928
26.14698590819186, 0.1605356455965672
26.16217648035282, 0.18078974181119056
26.27990341460032, 0.13116720608536303
26.29889162980153, 0.17066269370387888
26.3052210348686, 0.19024165337801469
26.336868060203948, 0.15547212154291135
26.336868060203948, 0.14230695900340606
26.34826098932467, 0.1103054869843012
26.35585627540516, 0.07708876919231855
26.37484449060637, 0.0903214453858725
26.412820921008787, 0.037998363498095156
26.42547973114293, 0.05791489144247475
26.450797351411204, 0.022807791337127625
26.469785566612416, 0.005794350516843849
26.469785566612416, -0.010408926454855028
26.469785566612416, -0.02661220342655346
26.469785566612416, -0.04281548039825234
26.469785566612416, -0.059018757369951214
26.479279674213018, -0.07289281327696795
26.507761997014832, -0.08899481976759382
26.533079617283114, -0.14800175340619637
26.545738427417255, -0.11390735811158059
26.545738427417255, -0.13517415913693487
26.60059327133186, -0.16555530345887037
26.621691288222095, -0.20606349588811712
26.690048862946448, -0.19127800565144204
26.773597009831768, -0.15137743610863374
26.81699864457739, -0.16873809000688267
26.824232250368325, -0.1993121304832428
26.849549870636608, -0.1436808795470772
26.868538085837812, -0.12200899659743003
26.906514516240236, -0.06732293681794665
26.906514516240236, -0.08352621378964553
26.906514516240236, -0.09972949076134396
26.92550273144144, -0.0014971241204202457
26.944490946642652, -0.03592908768528025
26.944490946642652, -0.052132364656979124
26.963479161843864, -0.014999854930169754
26.98246737704507, 0.044074592362482345
26.98246737704507, 0.02787131539078347
26.98246737704507, 0.011668038419084592
27.009894799002375, 0.06759184852279487
27.020443807447492, 0.10787499543854606
27.020443807447492, 0.09167171846684719
27.05842023784991, 0.12171529451853846
27.07740845305112, 0.13825613976048112
27.10995967911034, 0.15677417058527965
27.172349529057165, 0.18484056105411506
27.191337744258377, 0.16593673792046681
27.305267035465633, 0.1483831878677928
27.324255250666845, 0.13217991089609438
27.34324346586805, 0.1143563062272257
27.34324346586805, 0.18078974181119056
27.34324346586805, 0.1645864648394917
27.36223168106926, 0.09774794733123437
27.381219896270473, 0.07951926073807325
27.400208111471677, 0.06230327895564347
27.400208111471677, 0.046100001983944594
27.400208111471677, 0.029896725012245717
27.400208111471677, 0.013693448040547285
27.4381845418741, -0.0014971241204202457
27.4381845418741, -0.01905067417309425
27.4381845418741, -0.03525395114479313
27.47995861531676, -0.05577810197561117
27.49514918747773, -0.0748169524173572
27.51413740267894, -0.09264055708622587
27.51413740267894, -0.10884383405792475
27.53855082222335, -0.12794055334599808
27.594837317284075, -0.1447948548388811
27.652480113430606, -0.18002251504074396
27.674180930803416, -0.16063645152103323
27.685031339489825, -0.2137600524496741
27.712157361205833, -0.19651513624408024
27.793535426353877, -0.13257006105219782
27.817948845898286, -0.1777077611876443
27.824278250965357, -0.15677852843253337
27.836937061099498, -0.18986021891641824
27.842362265442702, -0.1076864571313747
27.85592527630071, -0.09466596670768812
27.869488287158717, -0.07499055895633955
27.918315126247535, -0.050396299267154276
27.931878137105542, -0.033903678063818
27.945441147963557, -0.01712171262884432
27.950866352306754, 0.0005282855010420029
27.969854567507966, 0.061290574144912124
27.969854567507966, 0.04508729717321325
27.969854567507966, 0.028884020201514815
27.969854567507966, 0.012680743229815938
27.988842782709177, 0.0783040149651959
28.016462004820028, 0.09995748510010216
28.05213683337987, 0.1477080513273057
28.102772073916434, 0.12711638684243853
28.12176028911764, 0.1699875571633913
28.13600145051855, 0.18889138029704
28.159736719520062, 0.2253487534833618
28.21670136512369, 0.20752514881449358
28.254677795526106, 0.17268810332534112
28.292654225928523, 0.15648482635364225
28.292654225928523, 0.128579182680161
28.311642441129734, 0.18382785624338416
28.35436592533246, 0.10306464758757317
28.391392944974818, 0.0803294245866586
28.40658351713578, 0.06382233617174027
28.421774089296747, 0.0463025429460906
28.42557173233699, 0.02787131539078347
28.42557173233699, 0.011668038419084592
28.42557173233699, -0.004535238552613841
28.463548162739407, -0.01972581071358137
28.463548162739407, -0.03592908768528025
28.463548162739407, -0.052132364656979124
28.463548162739407, -0.06732293681794665
28.52593801268624, -0.09061514746476362
28.539501023544247, -0.11188194849011834
28.55848923874546, -0.12788268449967077
28.615453884349087, -0.16555530345887037
28.615453884349087, -0.1817585804305688
28.618166486520686, -0.1484839937922593
28.672418529952715, -0.20021231253722593
28.76735960595876, -0.1837839900520315
28.78634782115997, -0.20201267664519262
28.791094874960272, -0.11618594393572579
28.795841928760574, -0.16859341789106397
28.805336036361183, -0.1493520264871715
28.86230068196481, -0.13238922090742422
28.870739888720898, -0.09151532951874675
28.881288897166016, -0.0349163828745489
28.881288897166016, -0.05111965984624778
28.881288897166016, -0.06732293681794665
28.906606517434298, -0.014999854930169754
28.92559473263551, -0.0014971241204202457
28.938253542769644, 0.012275661305523489
28.94367874711285, 0.03206680674952711
28.976229973172067, 0.052783853734770236
28.99521818837328, 0.10281147138489022
28.99521818837328, 0.08660819441319134
28.99521818837328, 0.07040491744149291
29.014206403574484, 0.12559732962634174
29.082563978298836, 0.15101622037569395
29.12813569478174, 0.1861064420675289
29.159782720117093, 0.16863728408241618
29.20408855558658, 0.20408195245800753
29.26738260625728, 0.14196939073316184
29.299029631592624, 0.12711638684243853
29.299029631592624, 0.11091310987073966
29.299029631592624, 0.17673892256826562
29.299029631592624, 0.1605356455965672
29.318017846793836, 0.20914547651166338
29.318017846793836, 0.1929421995399645
29.337006061995048, 0.09302199154782231
29.337006061995048, 0.07715628284636722
29.374982492397464, 0.043061887551751
29.393970707598676, 0.05845500067486453
29.393970707598676, 0.026858610580052567
29.41295892279988, 0.009642628797622343
29.41295892279988, -0.006560648174076089
29.431947138001092, -0.023776629956506312
29.450935353202304, -0.04099261173893609
29.469923568403516, -0.10276760519353756
29.48891178360472, -0.06023400314282856
29.48891178360472, -0.076437280114527
29.526888214007144, -0.09466596670768812
29.542078786168105, -0.12160391467313714
29.58927806395397, -0.1490626822555341
29.625626933053432, -0.20039234894802282
29.6408175052144, -0.1648801669183828
29.6408175052144, -0.18108344389008169
29.792723226824073, -0.153402845730096
29.792723226824073, -0.19289833334861184
29.811711442025285, -0.13257006105219782
29.819306728105765, -0.1760874334904745
29.8496878724277, -0.10797580136301255
29.868676087628913, -0.08858973784330137
29.887664302830117, -0.04740640887356706
29.897158410430727, -0.06706976061526371
29.90665251803133, -0.03289097325308665
29.92564073323254, 0.08357007998099819
29.935134840833143, -0.012636877038463279
29.944628948433753, 0.009642628797622343
29.98260537883617, 0.04238675101126388
29.98260537883617, 0.02787131539078347
29.991236385745808, 0.0655255215352426
30.00159359403738, 0.09329204616401698
30.010032800793468, 0.1159766339243955
30.05855823964101, 0.14129425419267472
30.096534670043425, 0.18889138029704
30.096534670043425, 0.17268810332534112
30.096534670043425, 0.15648482635364225
30.238946284052496, 0.12331874380219654
30.28641682205552, 0.14028154938194337
30.28641682205552, 0.1585102359751045
30.324393252457938, 0.1061871540873276
30.362369682860354, 0.08964630884538494
30.362369682860354, 0.07344303187368606
30.362369682860354, 0.05723975490198763
30.368699087927432, 0.037998363498095156
30.388953184142053, 0.00417402281967405
30.400346113262778, 0.021795086526396723
30.438322543665194, -0.0349163828745489
30.438322543665194, -0.05111965984624778
30.444651948732265, -0.014324718389681745
30.457310758866406, -0.06671531393150776
30.514275404470034, -0.10276760519353756
30.525668333590758, -0.08494400052466888
30.538010673471547, -0.16909977029642942
30.55225183487245, -0.11964601870572356
30.55225183487245, -0.13584929567742243
30.55225183487245, -0.1520525726491213
30.62820469567729, -0.21416513437396656
30.68516934128092, -0.2023502449154364
30.718398717883034, -0.18277128524130015
30.723145771683335, -0.16758071308033262
30.761122202085758, -0.13517415913693487
30.791503346407687, -0.14975710841146395
30.818086847689386, -0.12504711102962318
30.83707506289059, -0.10124854797744076
30.83707506289059, -0.07846268973598969
30.856063278091803, -0.0652975271964844
30.856063278091803, -0.029852858820893058
30.875051493293014, 0.0025536951225042515
30.881380898360085, -0.04639370406283572
30.92726908509634, -0.013902758051877129
30.932016138896643, 0.02787131539078347
30.932016138896643, 0.011668038419084592
30.951004354097854, 0.04508729717321325
30.951004354097854, 0.08762089922392269
30.978623576208705, 0.06718267486189378
31.007968999701482, 0.09572253770977213
31.026957214902687, 0.1185083959512232
31.077592455439245, 0.14973346094876794
31.083921860506315, 0.22062279769994975
31.12189829090874, 0.18754110721606487
31.12189829090874, 0.171337830244366
31.135461301766746, 0.20567334573201368
31.2548157973172, 0.17268810332534112
31.27380401251841, 0.15243400711071775
31.27380401251841, 0.13217991089609438
31.27380401251841, 0.18484056105411506
31.29821743206282, 0.08385942421263559
31.311780442920828, 0.11732690700537063
31.311780442920828, 0.10112363003367175
31.368745088524456, 0.0702023764793469
31.387733303725668, 0.05420164046979403
31.387733303725668, 0.037998363498095156
31.40672151892688, 0.021997627488542726
31.40672151892688, 0.005794350516843849
31.444697949329296, -0.012029254152024826
31.444697949329296, 0.1159766339243955
31.444697949329296, 0.09977335695269662
31.444697949329296, 0.08357007998099819
31.452293235409783, -0.04686629964117728
31.463686164530507, -0.028840154010162156
31.520650810134136, -0.06347465853716816
31.539639025335347, -0.08048809935745194
31.539639025335347, -0.09669137632915037
31.539639025335347, -0.11289465330084925
31.539639025335347, -0.12909793027254812
31.54913313293595, -0.1437821500281502
31.61559188614018, -0.18310885351154393
31.61770168782921, -0.16352989383740768
31.69154474694502, -0.22260434113005978
31.699140033025508, -0.20282284049377752
31.76749760774986, -0.2293557065349341
31.786485822951065, -0.1817585804305688
31.814105045061922, -0.13848846579023721
31.818132848286417, -0.1631923255671639
31.824462253353488, -0.19998726702372993
31.824462253353488, -0.2161905439954288
31.843450468554693, -0.11390735811158059
31.862438683755904, -0.07441187049306475
31.867185737556206, -0.09188102847817747
31.881426898957116, 0.0025536951225042515
31.881426898957116, -0.013649581849194625
31.881426898957116, -0.029852858820893058
31.881426898957116, -0.046056135792591935
31.881426898957116, -0.06225941276429081
31.919403329359533, 0.02598093307741811
31.938391544560744, 0.04576243371370081
31.947885652161347, 0.06230327895564347
31.97003856989609, 0.08795846749416647
31.995356190164372, 0.10686229062781472
32.03333262056679, 0.13960641284145625
32.03333262056679, 0.12509097722097584
32.041963627476434, 0.16274518336543498
32.10928548137163, 0.18889138029704
32.16625012697526, 0.2212979342404373
32.16625012697526, 0.20509465726873843
32.223214772578885, 0.17066269370387888
32.2422029877801, 0.15364925288359466
32.2422029877801, 0.18889138029704
32.28017941818251, 0.13663581206331132
32.299167633383725, 0.1190147483565891
32.299167633383725, 0.10281147138489022
32.30971664182884, 0.06601652992832419
32.31815584858493, 0.08681073537533734
32.34347346885321, 0.03293483944443931
32.36879108912149, 0.04711270679467594
32.375120494188565, 0.014706152851278187
32.40676751952391, -0.0008219875799331255
32.43208513979219, -0.014459745697779525
32.43208513979219, -0.028333801604796705
32.44727571195316, -0.046056135792591935
32.4510733549934, -0.06428482238575306
32.47548677453781, -0.08135613205236414
32.52069681073117, -0.10299265070703356
32.573140452715464, -0.12736186488272327
32.627392496147486, -0.16324054960577028
32.62956257788477, -0.14408596147136965
32.67893193740791, -0.1780453294578881
32.72830129693106, -0.19553136585651298
32.792861228615166, -0.110869243679387
32.81184944381638, -0.12909793027254812
32.81184944381638, -0.14867688994668438
32.81184944381638, -0.1648801669183828
32.83083765901759, -0.20302538145592353
32.8498258742188, -0.09061514746476362
32.8498258742188, -0.187834809294956
32.868814089420006, -0.04200531654966744
32.868814089420006, -0.05820859352136587
32.868814089420006, -0.07441187049306475
32.88780230462122, -0.110869243679387
32.90679051982243, -0.023101493416018748
32.91542152673207, -0.002233636710042841
32.92035353068044, 0.025701233653502076
32.944766950224846, 0.06230327895564347
32.944766950224846, 0.046100001983944594
32.96375516542606, 0.0799243426623657
32.99329238907238, 0.09752290181773882
33.045133230574095, 0.12465696087351974
33.09667267183452, 0.1477080513273057
33.11566088703573, 0.21319629575458787
33.13464910223694, 0.19496760916142675
33.13464910223694, 0.17876433218972831
33.13464910223694, 0.16256105521802944
33.2675666086454, 0.18484056105411506
33.2675666086454, 0.15243400711071775
33.27516189472589, 0.09734286540694193
33.286554823846615, 0.11496392911366415
33.286554823846615, 0.1645864648394917
33.299213633980756, 0.13488045705804375
33.32453125424903, 0.0815446703595355
33.34351946945024, 0.06493631146354417
33.36630532769169, 0.0446822152489208
33.381495899852666, 0.030403077417611613
33.438460545456294, 0.015718857662009533
33.438460545456294, -0.00048441930968934344
33.438460545456294, -0.01668769628138822
33.438460545456294, -0.03289097325308665
33.4574487606575, -0.050917118884101775
33.47643697585871, -0.06833564162867756
33.47643697585871, -0.08453891860037643
33.47643697585871, -0.10074219557207531
33.49542519105992, -0.11816071831665109
33.54425203014874, -0.15195612457190855
33.55238983666355, -0.13449902259644775
33.62834269746838, -0.19222319680812472
33.64353326962936, -0.17244169617184246
33.76126020387685, -0.18986021891641824
33.78024841907806, -0.16454259864813903
33.79543899123903, -0.1448961253199541
33.81822484948048, -0.10479301481499981
33.81822484948048, -0.12099629178669868
33.83721306468169, -0.08899481976759382
33.83721306468169, -0.05415777427844137
33.865695387483505, -0.06960152264209185
33.89417771028532, -0.04504343098186103
33.90472671873044, -0.004647761309362064
33.905570639406044, -0.02661220342655346
33.95114235588895, 0.01713664439703333
33.95114235588895, 0.05116352603760044
33.96199276457535, 0.03611762599245205
33.989118786291364, 0.06968155686239896
34.008107001492576, 0.09065901365611628
34.02709521669379, 0.10706483158996116
34.05471443880464, 0.13070688571684874
34.09762287315542, 0.1529162474967798
34.13559930355784, 0.17384548025189117
34.148619793981524, 0.18646088875128486
34.2549537991083, 0.15344671192144865
34.2644479067089, 0.13015450127463168
34.292930229510716, 0.10038097983913552
34.292930229510716, 0.17268810332534112
34.300525515591204, 0.07465827764656341
34.349894875114344, 0.059265164523449876
34.38787130551677, 0.04103647793028875
34.425847735919184, 0.02719617885029635
34.425847735919184, 0.007617219176160095
34.425847735919184, -0.008586057795538782
34.425847735919184, -0.024789334767237214
34.444835951120396, -0.05658826582419607
34.4638241663216, -0.039979906928204745
34.4638241663216, -0.07441187049306475
34.4904076676033, -0.10398285096641491
34.501800596724024, -0.09061514746476362
34.547914833641244, -0.12591514372453538
34.57775345752886, -0.14698904859546547
34.61745608931321, -0.1686854819647663
34.69801215380319, -0.18738471826796443
34.710670963937325, -0.19796185740226768
34.76763560954095, -0.14125038800132206
34.786623824742165, -0.12423694718103828
34.79611793234277, -0.16150448421594543
34.81320732602386, -0.10499555577714581
34.82460025514458, -0.1817585804305688
34.84358847034579, -0.06023400314282856
34.87207079314761, -0.07896904214135514
34.88156490074821, -0.03289097325308665
34.88156490074821, -0.04909425022478553
34.91954133115063, -0.016350128011143994
34.92817233806027, 0.005131489186183558
34.93852954635184, 0.026858610580052567
34.93852954635184, -0.1149200629223115
34.95751776155305, 0.040023773119557404
34.95751776155305, 0.09167171846684719
34.97650597675426, 0.054404181431940035
34.99278158978386, 0.07315368764204866
35.022077693237165, 0.10179876657415887
35.04866119451886, 0.12083761701590534
35.10942348316272, 0.19226706299947738
35.10942348316272, 0.1760637860277785
35.10942348316272, 0.15986050905607962
35.10942348316272, 0.14365723208438075
35.24234098957119, 0.14028154938194337
35.28031741997361, 0.18551569759460262
35.28031741997361, 0.1672870110014415
35.29550799213458, 0.10544450389279136
35.29930563517482, 0.1504085974892555
35.30563504024189, 0.12362818138325338
35.3246232554431, 0.08525792133221666
35.385807504424776, 0.059940301063936996
35.413234926382074, 0.03225970290395219
35.413234926382074, 0.012680743229815938
35.432223141583286, -0.003927615666175388
35.4512113567845, -0.046056135792591935
35.4512113567845, -0.06225941276429081
35.45754076185157, -0.09534110324817568
35.46387016691863, -0.02580203957796856
35.4701995719857, -0.07765252588740434
35.489187787186914, -0.110869243679387
35.508176002388126, -0.12454075862425773
35.52716421758933, -0.14462607070375944
35.52716421758933, -0.17821411359300976
35.565140647991754, -0.1669055765398455
35.67734373781708, -0.19409516630674872
35.68286758223925, -0.2161905439954288
35.75502280000385, -0.16454259864813903
35.75502280000385, -0.1777077611876443
35.774011015205055, -0.1409972117986391
35.786669825339196, -0.11897088216523644
35.81198744560748, -0.08656432822183868
35.82148155320808, -0.05567683149453817
35.82826305863708, -0.10103153980371271
35.84574427263185, -0.039754861414709186
35.849963876009895, -0.07383318202978995
35.893365510755515, -0.014228270312469427
35.90692852161352, 0.005591809554697846
35.92049153247153, 0.02627992211677732
35.925916736814735, 0.08357007998099819
35.972332373973245, 0.06511634787434106
35.97338727481775, 0.04508729717321325
35.98288138241836, 0.09369712808830988
36.02085781282078, 0.1255410682479674
36.02085781282078, 0.11057554160049587
36.02948881973042, 0.1483831878677928
36.058834243223195, 0.18754110721606487
36.058834243223195, 0.171337830244366
36.0723972540812, 0.20509465726873843
36.19175174963166, 0.2172471149975128
36.19175174963166, 0.20104383802581394
36.19175174963166, 0.18484056105411506
36.24871639523529, 0.13015450127463168
36.24871639523529, 0.16559916965022303
36.25346344903559, 0.1483831878677928
36.286692825637715, 0.11496392911366415
36.311106245182124, 0.09601188194140953
36.36739274024285, 0.08027878934612165
36.40062211684497, 0.061290574144912124
36.40062211684497, 0.04508729717321325
36.40062211684497, 0.028884020201514815
36.419610332046176, 0.012275661305523489
36.42720561812666, -0.05496793812702627
36.43859854724739, -0.004535238552613841
36.43859854724739, -0.020738515524312717
36.43859854724739, -0.036941792496011594
36.48290438271688, -0.09264055708622587
36.48796790677053, -0.07198137894731005
36.5208808131193, -0.11053167540914322
36.552527838454644, -0.12808522546181678
36.59050426885706, -0.14192552454180962
36.59050426885706, -0.15745366497302093
36.67700613810702, -0.17725767016065275
36.68544534486311, -0.2161905439954288
36.71867472146523, -0.20024044322641288
36.76139820566795, -0.22834300172420274
36.79937463607037, -0.17973317080910656
36.804799840413565, -0.15513891111992129
36.81836285127158, -0.10985653886865565
36.81836285127158, -0.12605981584035453
36.81836285127158, -0.13719956875839756
36.81836285127158, -0.06631023200721531
36.837351066472785, -0.08605797581647323
36.837351066472785, -0.033903678063818
36.88956865827611, -0.04833472161673713
36.913303927277624, -0.015674991470656874
36.97026857288125, 0.10078606176342797
36.97026857288125, 0.0845827847917291
36.97026857288125, 0.06837950782003022
36.97026857288125, 0.052176230848331784
36.97026857288125, 0.03597295387663291
36.97026857288125, 0.01976967690493403
36.989256788082464, 0.004072752338601049
36.996852074162945, 0.11800204354585775
37.01879401172879, 0.13533054808503575
37.10318607928972, 0.15648482635364225
37.122174294490925, 0.1753886494872905
37.19541455312416, 0.196993018782889
37.23881618786979, 0.13652007437065627
37.274080016100605, 0.17268810332534112
37.28462902454572, 0.11777699803236219
37.29306823130182, 0.15405433480788755
37.33104466170423, 0.09398647231994728
37.356362281972515, 0.06939221263076156
37.36902109210665, 0.04954319834043064
37.40699752250907, 0.11192581468147056
37.41459280858955, -0.0014971241204202457
37.41543672926516, 0.025058246472085877
37.47029157317977, -0.020400947254068935
37.482950383313906, -0.04038498885249764
37.482950383313906, -0.05658826582419607
37.50826800358219, -0.13314874951547262
37.52092681371633, -0.11573022677089684
37.539915028917534, -0.09972949076134396
37.55130795803826, -0.07846268973598969
37.57789145931996, -0.14732661686570925
37.6095384846553, -0.20606349588811712
37.62943090058038, -0.16150448421594543
37.691820750527214, -0.18439161293846995
37.80575004173447, -0.1463139120549779
37.80575004173447, -0.16201083662131133
37.82473825693568, -0.12446842256634838
37.82473825693568, -0.1736569419447198
37.837397067069816, -0.10546815135548737
37.843726472136886, -0.09162785227549453
37.857289482994894, -0.07065039548177765
37.88170290253931, -0.05111965984624778
37.900691117740514, -0.0031174518175900445
37.900691117740514, -0.01932072878928892
37.900691117740514, -0.03511892383669535
37.90913032449661, 0.01965715414818625
37.95765576334414, 0.05622705009125628
37.95765576334414, 0.0415428303356542
37.995632193746566, 0.08694576268343557
37.995632193746566, 0.0717551905224676
38.01462040894777, 0.10697481338456294
38.09057326975261, 0.12661003443707264
38.10956148495382, 0.17309318524963357
38.10956148495382, 0.1517588705702302
38.10956148495382, 0.14230695900340606
38.24247899136229, 0.10006270118433402
38.261467206563495, 0.16863728408241618
38.261467206563495, 0.15243400711071775
38.29944363696592, 0.12529351818312184
38.35640828256955, 0.0769151626533362
38.35640828256955, 0.09572253770977213
38.38805530790489, 0.05487677701028115
38.413372928173175, 0.007617219176160095
38.42151073468798, 0.029752052896427017
38.43236114337438, -0.009598762606269684
38.45134935857559, -0.02782744919943081
38.4703375737768, -0.044840890019714585
38.48932578897801, -0.06225941276429081
38.48932578897801, -0.07846268973598969
38.52730221938043, -0.093990830167201
38.52730221938043, -0.11019410713889988
38.59945743714503, -0.16231464806453078
38.603255080185264, -0.14800175340619637
38.611392886700074, -0.12765120911436068
38.64334131227671, -0.18108344389008169
38.65262443970841, -0.19958218509943748
38.698196156191315, -0.24211578715014692
38.698196156191315, -0.2546733268032133
38.715074569703496, -0.22001631772485775
38.774149016996155, -0.12842279373206056
38.774149016996155, -0.14462607070375944
38.774149016996155, -0.1608293476754583
38.79313723219736, -0.17973317080910656
38.79313723219736, -0.19593644778080543
38.820564654154666, -0.10816869751743718
38.83111366259978, -0.06833564162867756
38.83111366259978, -0.08453891860037643
38.83111366259978, -0.033903678063818
38.85010187780099, -0.0014971241204202457
38.856431282868066, -0.04909425022478553
38.902319469604315, -0.018966282105532972
38.92605473860583, 0.014199800445912736
38.95860596466505, 0.043061887551751
38.964031169008244, 0.09977335695269662
38.983019384209456, 0.06331598376637437
39.007432803753865, 0.08501680113918564
39.058972245014296, 0.1416318224629185
39.058972245014296, 0.12542854549122007
39.058972245014296, 0.11023797333025209
39.067603251923934, 0.1645864648394917
39.0779604602155, 0.18889138029704
39.22986618182518, 0.14298209554389318
39.24885439702639, 0.12711638684243853
39.25518380209346, 0.11091310987073966
39.324807257831225, 0.06736680300929931
39.324807257831225, 0.05116352603760044
39.3311366628983, 0.03394754425517066
39.332945064346035, 0.08935696461374754
39.38177190343485, 0.014301070926985737
39.400760118636065, -0.002509828931151592
39.400760118636065, -0.01871310590285047
39.42517353818047, -0.035350399222005446
39.45139535917262, -0.08588919168135156
39.45772476423969, -0.051727282732686675
39.45772476423969, -0.06793055970438511
39.51468940984332, -0.13011063508327902
39.51468940984332, -0.1463139120549779
39.52282721635813, -0.10797580136301255
39.527348219977455, -0.1638674621076519
39.58114816304755, -0.18201175663325175
39.642181711908584, -0.19796185740226768
39.67714413989812, -0.21709072604941193
39.761536207459045, -0.16352989383740768
39.80710792394195, -0.1894551369921258
39.8298937821834, -0.14287071569849186
39.837489068263885, -0.07684236203881989
39.837489068263885, -0.09304563901051832
39.837489068263885, -0.1092489159822172
39.837489068263885, -0.12423694718103828
39.85647728346509, -0.037954497306742496
39.871245895288254, -0.05573309287291206
39.89445371386751, 0.0390110683088265
39.89445371386751, 0.022807791337127625
39.89445371386751, 0.006604514365428749
39.89445371386751, -0.009598762606269684
39.89445371386751, -0.02580203957796856
39.92610073920286, 0.06309093825287881
39.98939478987356, 0.08275991613241285
40.00838300507477, 0.09943578868245284
40.01787711267537, 0.11800204354585775
40.046359435477186, 0.13825613976048112
40.074841758279, 0.19091678991850225
40.0843358658796, 0.17268810332534112
40.09789887673762, 0.15561679365873005
40.198265157086865, 0.20993313580889872
40.2742180178917, 0.19395490435069584
40.2742180178917, 0.17775162737899697
40.2742180178917, 0.1615483504072981
40.29320623309291, 0.1459526963220381
40.331182663495326, 0.12812909165316944
40.331182663495326, 0.11233089660576345
40.37675437997823, 0.05561942720481783
40.388147309098954, 0.07243032706295516
40.39447671416603, 0.09234685500733475
40.42612373950138, 0.015718857662009533
40.42612373950138, -0.00048441930968934344
40.43245314456845, 0.03631052214687669
40.44511195470258, -0.015674991470656874
40.45460606230319, -0.05061330744088233
40.45596236338899, -0.03679712038019245
40.472237976418604, -0.0715184281766903
40.483088385105006, -0.09223547516193342
40.513469529426935, -0.1116794075279719
40.52106481550742, -0.12909793027254812
40.546382435775705, -0.15070229956814662
40.57802946111105, -0.16893098616130775
40.606511783912865, -0.1908729237271496
40.616005891513474, -0.21163337234713842
40.6729705371171, -0.23239382096712768
40.6729705371171, -0.25366062199248196
