0.23765398415089933, 0.0001311738065216117
0.4017174699422945, 0.0001311738065216117
0.5657809557336932, 0.0005675335114360136
0.729844441525092, 0.0010038932163504155
0.8939079273164907, 0.0010038932163504155
1.057971413107886, 0.0007129867464075179
1.2220348988992846, 0.0001311738065216117
1.3860983846906834, 0.0001311738065216117
1.550161870482082, 0.0004220802764646203
1.7142253562734773, 0.0010038932163504155
1.878288842064876, 0.0010038932163504155
2.0423523278562747, 0.0008584399813790222
2.20641581364767, 0.0007129867464075179
2.3704792994390687, 0.0010038932163504155
2.5345427852304674, 0.0010038932163504155
2.6849343138725814, -0.00008700604593558925
2.753294099618998, -0.0019051714830791155
2.8626697568132613, -0.0037960635377082275
2.9720454140075283, -0.005396049122394442
3.1224369426496423, -0.004559693021308431
3.1907967283960588, -0.001614265013136107
3.259156514142475, 0.001331162995036328
3.313844342739607, 0.00394932122452285
3.4095480427845892, 0.007440198863838177
3.4095480427845892, 0.004494770855665853
3.5189236999788527, 0.009731087314638898
3.6556432714716856, 0.009294727609724496
3.6829871857702514, 0.006967475850180982
3.737675014367383, 0.0043493176206944595
3.7923628429645184, 0.0018766126261793303
3.84705067156165, -0.0010324520732502007
3.84705067156165, -0.003650610302736723
3.8880665430095007, -0.006850581472109152
3.9427543716066324, -0.009905099406510187
4.011114157353049, -0.012377804401025205
4.065801985950181, -0.014268696455654428
4.2025215574430135, -0.014050516603197116
4.240803037461003, -0.011039634639287588
4.311897214637277, -0.007723300881938067
4.339241128935843, -0.009905099406510187
4.3529130860851275, -0.005541502357365946
4.3939289575329745, -0.0024869844229649107
4.462288743279391, 0.0005675335114360136
4.5033046147272415, 0.0033311449758940403
4.612680271921505, 0.004785677325608861
4.681040057667921, 0.0023129723310937322
4.735727886265053, -0.00008700604593558925
4.787681323432331, -0.004232423242622629
4.84510354345932, -0.008050570660623868
4.886119414907171, -0.011214178521253393
4.886119414907171, -0.013832336750739915
4.9517448092237295, -0.017672302153986852
4.995495072101434, -0.021250451734285192
5.050182900698566, -0.023577703493828706
5.115808295015125, -0.026137680429326737
5.214246386489965, -0.026486768193258237
5.250704938888056, -0.024886782608572022
5.282606172236381, -0.021686811439199594
5.323622043684232, -0.01666867483268375
5.323622043684232, -0.01885047335725587
5.378309872281363, -0.01274143748845391
5.432997700878495, -0.006196041914737549
5.432997700878495, -0.009177833231652777
5.498623095195057, -0.0023124405409991056
5.597061186669894, 0.0004220802764646203
5.66542097241631, -0.002050624718050509
5.720108801013442, -0.004886962799994232
5.747452715312008, -0.009032379996681272
5.815812501058424, -0.011795991461139299
5.815812501058424, -0.014414149690625822
5.815812501058424, -0.005977862062280348
5.870500329655556, -0.017323214390055353
5.870500329655556, -0.019941372619541875
5.870500329655556, -0.022559530849028397
5.925188158252688, -0.02663222142822963
5.979875986849823, -0.030704912007431084
5.979875986849823, -0.03332307023691761
5.979875986849823, -0.035795775231432625
6.02089185829767, -0.03892301978331936
6.0892516440440865, -0.04241389742263468
6.0892516440440865, -0.045541141974521415
6.157611429790503, -0.04743203402915053
6.253315129835485, -0.04743203402915053
6.264252695554912, -0.043766612507869396
6.308002958432617, -0.04030482551554837
6.308002958432617, -0.03477760258663232
6.321674915581902, -0.03717758096366164
6.373628352749179, -0.032159444357145794
6.417378615626884, -0.022341350996571196
6.417378615626884, -0.02546859554845793
6.431050572776165, -0.028450386865373156
6.472066444224016, -0.015795955422854835
6.472066444224016, -0.018777746739770063
6.526754272821147, -0.011868718078624996
6.59237966713771, -0.007723300881938067
6.690817758612546, -0.006850581472109152
6.701755324331973, -0.010254187170441686
6.786521458657528, -0.019941372619541875
6.80019341580681, -0.014414149690625822
6.80019341580681, -0.017032307920112344
6.80019341580681, -0.011214178521253393
6.84120928725466, -0.025614048783429433
6.854881244403945, -0.022850437318971406
6.895897115851792, -0.034341242881717915
6.909569073001077, -0.028668566717830357
6.909569073001077, -0.03128672494731688
6.9369129872996425, -0.04154117801280588
6.964256901598208, -0.03710485434617583
6.964256901598208, -0.03972301257566235
7.005272773046059, -0.05070473181600876
7.01894473019534, -0.044813875799664005
7.01894473019534, -0.04786839373406504
7.062694993073045, -0.054501061248764304
7.128320387389607, -0.05812284679955393
7.128320387389607, -0.06095918488149776
7.210352130285305, -0.06292280355361257
7.2376960445838705, -0.06095918488149776
7.265039958882436, -0.059213746061840045
7.303321438900433, -0.05607195618645611
7.3470717017781375, -0.047286580794179134
7.3470717017781375, -0.049904739023665656
7.3470717017781375, -0.05223199078320928
7.3470717017781375, -0.04175935786526308
7.360743658927419, -0.0441593362422924
7.401759530375269, -0.03957755934069096
7.4126970960947, -0.036173953642358425
7.456447358972401, -0.030123099067545067
7.456447358972401, -0.032595804062060196
7.470119316121686, -0.02714130775062984
7.511135187569536, -0.021904991291656795
7.511135187569536, -0.024086789816228915
7.565823016166668, -0.018777746739770063
7.576760581886095, -0.015577775570397634
7.675198673360931, -0.012959617340911112
7.729886501958067, -0.015868682040340643
7.784574330555198, -0.019650466149598866
7.8255902020030454, -0.026704948045715438
7.83926215915233, -0.02372315672880021
7.866606073450896, -0.036741221258747236
7.893949987749462, -0.02954128612765916
7.893949987749462, -0.032159444357145794
7.893949987749462, -0.03477760258663232
7.948637816346597, -0.04001391904560536
7.948637816346597, -0.04321389021497779
7.948637816346597, -0.04568659520949292
8.003325644943729, -0.048741113143893844
8.003325644943729, -0.051359271373380366
8.003325644943729, -0.05397742960286689
8.003325644943729, -0.05645013459738202
8.030669559242295, -0.059213746061840045
8.044341516391576, -0.06750458045521412
8.05801347354086, -0.06183190429132657
8.05801347354086, -0.06445006252081309
8.085357387839426, -0.07470451558630209
8.112701302137992, -0.07026819191967204
8.112701302137992, -0.07288635014915856
8.178326696454555, -0.07736630978628001
8.249420873630825, -0.08015901189773234
8.304108702227957, -0.07754085366824581
8.331452616526523, -0.07259544367921567
8.331452616526523, -0.07506814867373068
8.331452616526523, -0.06706822075029961
8.345124573675808, -0.06946819912732893
8.358796530825089, -0.06488642222572749
8.386140445123658, -0.06270462370115537
8.397078010843085, -0.059213746061840045
8.44082827372079, -0.052813803723095076
8.44082827372079, -0.055286508717610205
8.451765839440217, -0.04926474478979115
8.468172188019356, -0.04525023550457841
8.495516102317922, -0.04321389021497779
8.509188059467206, -0.04023209889806256
8.550203930915053, -0.032377624209602995
8.550203930915053, -0.03535941552651811
8.550203930915053, -0.03717758096366164
8.604891759512189, -0.028959473187773366
8.615829325231616, -0.025701320724412335
8.673251545258601, -0.021904991291656795
8.714267416706452, -0.018777746739770063
8.823643073900719, -0.01906865320971307
8.83731503105, -0.021904991291656795
8.864658945348566, -0.025395868930972232
8.919346773945698, -0.03521396229154672
8.933018731094982, -0.02932310627520196
8.933018731094982, -0.03245035082708869
8.974034602542833, -0.04132299816034868
8.987706559692114, -0.03826848022594764
9.01505047399068, -0.0435047966849208
9.042394388289246, -0.04641386138435033
9.042394388289246, -0.04903201961383685
9.042394388289246, -0.051650177843323375
9.042394388289246, -0.0542683360728099
9.042394388289246, -0.056741041067324915
9.097082216886381, -0.05979555900172584
9.097082216886381, -0.06241371723121247
9.138098088334228, -0.06859547971750013
9.151770045483513, -0.0656136884005849
9.206457874080645, -0.07085000485955806
9.261145702677776, -0.07274089691418717
9.288489616976346, -0.06794094016012853
9.315833531274912, -0.06270462370115537
9.315833531274912, -0.07055909838961505
9.329505488424193, -0.06510460207818469
9.370521359872043, -0.0546319691602386
9.370521359872043, -0.057759213712125335
9.384193317021328, -0.06074100502904045
9.425209188469175, -0.04808657358652224
9.425209188469175, -0.05106836490343736
9.452553102767745, -0.044813875799664005
9.479897017066307, -0.03972301257566235
9.479897017066307, -0.04234117080514899
9.490834582785737, -0.036173953642358425
9.534584845663439, -0.03245035082708869
9.534584845663439, -0.02692312789817264
9.548256802812723, -0.029759465980116473
9.58927267426057, -0.021904991291656795
9.602944631409855, -0.02517768907851492
9.64396050285771, -0.017868664021198355
9.753336160051973, -0.016014135275312036
9.808023988649104, -0.019505012914627473
9.862711817246236, -0.02226862437908539
9.862711817246236, -0.024741329373600518
9.862711817246236, -0.017323214390055353
9.917399645843368, -0.03099581847737387
9.917399645843368, -0.033613976706860504
9.931071602992652, -0.028014027160458754
9.9720874744405, -0.03681394787623293
9.9720874744405, -0.039432106105719456
9.9720874744405, -0.04205026433520609
10.013103345888354, -0.05354106989795249
10.026775303037631, -0.04525023550457841
10.026775303037631, -0.04786839373406504
10.026775303037631, -0.05048655196355156
10.0541192173362, -0.05572286842252461
10.0541192173362, -0.06597732148801361
10.08146313163477, -0.058922839591897036
10.08146313163477, -0.06154099782138356
10.08146313163477, -0.06415915605087008
10.122479003082617, -0.07230453720927277
10.136150960231902, -0.06903183942241453
10.190838788829033, -0.0757954148485881
10.245526617426165, -0.08103173130756125
10.25919857457545, -0.07884993278298913
10.327558360321866, -0.07535905514367369
10.354902274620429, -0.07026819191967204
10.354902274620429, -0.07274089691418717
10.354902274620429, -0.07754085366824581
10.36583984033986, -0.06671913298636811
10.40959010321756, -0.057759213712125335
10.40959010321756, -0.06037737194161186
10.40959010321756, -0.06270462370115537
10.40959010321756, -0.05223199078320928
10.423262060366845, -0.0546319691602386
10.464277931814692, -0.050195645493608554
10.475215497534123, -0.046646586560304626
10.518965760411831, -0.04292298374503489
10.518965760411831, -0.03739576081611884
10.532637717561109, -0.04023209889806256
10.573653589008963, -0.0330321637669746
10.573653589008963, -0.03565032199646112
10.584591154728386, -0.02954128612765916
10.628341417606094, -0.023650430111314513
10.628341417606094, -0.025832228635886634
10.683029246203226, -0.019723192767084674
10.79240490339749, -0.017323214390055353
10.833420774845344, -0.020377732324456277
10.888108603442475, -0.025832228635886634
10.901780560591753, -0.022850437318971406
10.929124474890322, -0.028232207012915955
10.956468389188892, -0.030704912007431084
10.956468389188892, -0.03332307023691761
10.956468389188892, -0.03594122846640413
10.956468389188892, -0.03841393346091915
11.011156217786024, -0.045541141974521415
11.022093783505447, -0.04210844562919458
11.038500132084586, -0.05637740797989632
11.065844046383155, -0.05194108431326627
11.065844046383155, -0.054559242542752795
11.07951600353244, -0.048959292996351045
11.120531874980287, -0.059431925914297246
11.120531874980287, -0.06241371723121247
11.175219703577419, -0.06939547250984324
11.18615726929685, -0.06584641357653931
11.284595360771682, -0.07128636456447246
11.284595360771682, -0.06968637897978625
11.311939275070252, -0.06750458045521412
11.339283189368814, -0.061613724438869366
11.339283189368814, -0.0645955157557846
11.393971017965953, -0.05245017063566648
11.393971017965953, -0.0554319619525816
11.393971017965953, -0.05805012018206823
11.421314932264515, -0.049177472848808246
11.448658846563085, -0.0432866168324636
11.462330803712362, -0.046777494471778924
11.503346675160216, -0.03768666728606185
11.503346675160216, -0.040159372280576866
11.514284240879647, -0.03425397094073501
11.558034503757348, -0.027795847308001553
11.558034503757348, -0.03026855230251657
11.585378418055917, -0.02517768907851492
11.626394289503764, -0.0227777107014856
11.681082118100896, -0.019395922988398873
11.804129732444444, -0.01906865320971307
11.831473646743014, -0.021686811439199594
11.831473646743014, -0.024304969668686116
11.897099041059569, -0.028144935071933053
11.940849303937277, -0.032159444357145794
11.940849303937277, -0.03477760258663232
11.940849303937277, -0.03739576081611884
11.940849303937277, -0.04001391904560536
11.96819321823584, -0.042632077275091884
11.995537132534409, -0.04525023550457841
11.995537132534409, -0.04786839373406504
11.995537132534409, -0.05034109872858006
12.036553003982256, -0.058995566209382844
12.05022496113154, -0.053395616662981094
12.05022496113154, -0.056013774892467616
12.07756887543011, -0.061395544586412165
12.07756887543011, -0.06903183942241453
12.104912789728672, -0.06445006252081309
12.104912789728672, -0.06706822075029961
12.145928661176526, -0.0760135947010453
12.170538184045235, -0.07230453720927277
12.22796040407222, -0.07841357307807462
12.268976275520075, -0.08088627807258975
12.323664104117206, -0.07477724220378779
12.323664104117206, -0.07754085366824581
12.33460166983663, -0.07143181779944385
12.378351932714338, -0.06423188266835589
12.378351932714338, -0.06735912722024262
12.4056958470129, -0.06095918488149776
12.43303976131147, -0.056013774892467616
12.43303976131147, -0.058486479886982634
12.4439773270309, -0.05258107854714078
12.487727589908602, -0.04641386138435033
12.487727589908602, -0.048741113143893844
12.487727589908602, -0.04088663845543428
12.501399547057886, -0.0432866168324636
12.542415418505733, -0.0328139839145174
12.542415418505733, -0.03594122846640413
12.542415418505733, -0.03841393346091915
12.597103247102865, -0.026268588340801036
12.61077520425215, -0.02954128612765916
12.651791075699997, -0.019723192767084674
12.651791075699997, -0.022704984083999902
12.761166732894267, -0.01761412085999836
12.815854561491399, -0.01979591938457048
12.843198475789961, -0.026268588340801036
12.881479955807961, -0.023432250258857312
12.925230218685662, -0.02983219259760217
12.952574132984232, -0.033468523471889
12.979918047282794, -0.03594122846640413
12.979918047282794, -0.03855938669589065
12.979918047282794, -0.041177544925377174
13.020933918730648, -0.04808657358652224
13.034605875879926, -0.044813875799664005
13.071064428278014, -0.051650177843323375
13.089293704477058, -0.054559242542752795
13.089293704477058, -0.05717740077223932
13.089293704477058, -0.058995566209382844
13.116637618775627, -0.06641368119292801
13.143981533074196, -0.06183190429132657
13.143981533074196, -0.06445006252081309
13.198669361671328, -0.07274089691418717
13.209606927390752, -0.06933729121585464
13.25335719026846, -0.07404997602893038
13.308045018865592, -0.06510460207818469
13.308045018865592, -0.07143181779944385
13.34450357126368, -0.06910456603990034
13.362732847462723, -0.061177364733954964
13.417420676059855, -0.04939565270126545
13.417420676059855, -0.05252289725315218
13.417420676059855, -0.05514105548263881
13.417420676059855, -0.057759213712125335
13.417420676059855, -0.06357734311098429
13.472108504656987, -0.04612295491440732
13.472108504656987, -0.03914119963577656
13.483046070376417, -0.042632077275091884
13.526796333254119, -0.035068509056575325
13.526796333254119, -0.03768666728606185
13.53773389897355, -0.03163581271124838
13.581484161851257, -0.02517768907851492
13.581484161851257, -0.02765039407303005
13.649843947597667, -0.022232261070342596
13.69085981904552, -0.020377732324456277
13.789297910520354, -0.02378133802278881
13.854923304836916, -0.027214034368115647
13.854923304836916, -0.02983219259760217
13.854923304836916, -0.03230489759211719
13.89593917628477, -0.04088663845543428
13.909611133434048, -0.03535941552651811
13.909611133434048, -0.037977573756004745
13.936955047732617, -0.04852293329143664
13.96429896203118, -0.044086609624806594
13.96429896203118, -0.04670476785429323
14.005314833479034, -0.055068328865153005
14.018986790628318, -0.05179563107829477
14.07367461922545, -0.05877738635692564
14.07367461922545, -0.06183190429132657
14.07367461922545, -0.06445006252081309
14.07367461922545, -0.06706822075029961
14.128362447822582, -0.07114091132950096
14.169378319270429, -0.07819539322561742
14.196722233568998, -0.07470451558630209
14.237738105016845, -0.08030446513270384
14.319769847912546, -0.07492269543875929
14.319769847912546, -0.07754085366824581
14.347113762211109, -0.06706822075029961
14.347113762211109, -0.06968637897978625
14.347113762211109, -0.07215908397430126
14.40180159080824, -0.05659558783235352
14.40180159080824, -0.059213746061840045
14.40180159080824, -0.06183190429132657
14.40180159080824, -0.0643046092858417
14.42914550510681, -0.051359271373380366
14.42914550510681, -0.05397742960286689
14.45648941940538, -0.04932292608377975
14.470161376554657, -0.04634113476686452
14.511177248002511, -0.03914119963577656
14.511177248002511, -0.04175935786526308
14.511177248002511, -0.0435047966849208
14.511177248002511, -0.032159444357145794
14.522114813721934, -0.03565032199646112
14.565865076599643, -0.027795847308001553
14.565865076599643, -0.03026855230251657
14.576802642319073, -0.024304969668686116
14.63422486234606, -0.02070500210314208
14.675240733793906, -0.017323214390055353
14.78461639098817, -0.019505012914627473
14.78461639098817, -0.017323214390055353
14.850241785304732, -0.022908618612959897
14.880320091033155, -0.032595804062060196
14.89399204818244, -0.02692312789817264
14.89399204818244, -0.02954128612765916
14.921335962481002, -0.03477760258663232
14.948679876779572, -0.03739576081611884
14.948679876779572, -0.04001391904560536
15.003367705376704, -0.04321389021497779
15.003367705376704, -0.04583204844446431
15.003367705376704, -0.048450206673950835
15.003367705376704, -0.05106836490343736
15.003367705376704, -0.05790466694709673
15.058055533973835, -0.0542683360728099
15.058055533973835, -0.05688649430229642
15.085399448272398, -0.06772276030767133
15.112743362570967, -0.060668278411554755
15.112743362570967, -0.06328643664104128
15.112743362570967, -0.0659045948705278
15.167431191168099, -0.07114091132950096
15.235790976914515, -0.07426815588138769
15.304150762660932, -0.07099545809452945
15.331494676959501, -0.06881365956995733
15.331494676959501, -0.07317725661910157
15.342432242678925, -0.065322781930642
15.386182505556633, -0.05812284679955393
15.386182505556633, -0.06125009135144066
15.413526419855195, -0.054850149012695804
15.440870334153765, -0.043722976537378
15.440870334153765, -0.04670476785429323
15.440870334153765, -0.04932292608377975
15.45454229130305, -0.05223199078320928
15.468214248452327, -0.040450278750519764
15.495558162750896, -0.037977573756004745
15.506495728470327, -0.03477760258663232
15.550245991348028, -0.031141271712345486
15.561183557067459, -0.027795847308001553
15.61587138566459, -0.023257706376891507
15.714309477139423, -0.02052318555942778
15.768997305736562, -0.023141343788914304
15.768997305736562, -0.02495950922605772
15.796341220035124, -0.032377624209602995
15.823685134333694, -0.027795847308001553
15.823685134333694, -0.030414005537488076
15.851029048632256, -0.038486660078404844
15.889310528650256, -0.03565032199646112
15.933060791527957, -0.04175935786526308
15.933060791527957, -0.04495932903463551
15.933060791527957, -0.04757748726412203
15.987748620125089, -0.05048655196355156
15.987748620125089, -0.053104710193038085
15.987748620125089, -0.055577415187553214
16.028764491572936, -0.06445006252081309
16.04243644872222, -0.058922839591897036
16.04243644872222, -0.06154099782138356
16.097124277319352, -0.06735912722024262
16.097124277319352, -0.06997728544972914
16.097124277319352, -0.07259544367921567
16.151812105916484, -0.07917720256167493
16.16548406306577, -0.0760135947010453
16.261187763110755, -0.07972265219281793
16.288531677409317, -0.07797721337316021
16.315875591707886, -0.07317725661910157
16.315875591707886, -0.0755045083786452
16.315875591707886, -0.06619550134047081
16.326813157427317, -0.06968637897978625
16.370563420305018, -0.0645955157557846
16.38150098602445, -0.06130827264542926
16.39790733460358, -0.057468307242182326
16.42525124890215, -0.050195645493608554
16.42525124890215, -0.052813803723095076
16.42525124890215, -0.0554319619525816
16.42525124890215, -0.0443775160947496
16.438923206051435, -0.047213854176693326
16.45259516320072, -0.042632077275091884
16.47993907749928, -0.03768666728606185
16.47993907749928, -0.04030482551554837
16.490876643218712, -0.03425397094073501
16.534626906096413, -0.027795847308001553
16.534626906096413, -0.030414005537488076
16.561970820394983, -0.02517768907851492
16.589314734693545, -0.022704984083999902
16.60298669184283, -0.019723192767084674
16.65767452043996, -0.017323214390055353
16.753378220484947, -0.015577775570397634
16.78072213478351, -0.01863229350479856
16.80806604908208, -0.021104998499313687
16.80806604908208, -0.02372315672880021
16.86275387767921, -0.02714130775062984
16.86275387767921, -0.02932310627520196
16.917441706276342, -0.031868537887202786
16.917441706276342, -0.03448669611668931
16.917441706276342, -0.03710485434617583
16.917441706276342, -0.03972301257566235
16.972129534873474, -0.042632077275091884
16.972129534873474, -0.04525023550457841
17.01314540632133, -0.05659558783235352
17.026817363470606, -0.048450206673950835
17.026817363470606, -0.05106836490343736
17.026817363470606, -0.05368652313292399
17.054161277769175, -0.059213746061840045
17.081505192067738, -0.06154099782138356
17.081505192067738, -0.06335916325852708
17.108849106366307, -0.0657591416355564
17.136193020664876, -0.06823184663007142
17.136193020664876, -0.07085000485955806
17.136193020664876, -0.07332270985407308
17.204552806411293, -0.07535905514367369
17.272912592157702, -0.07143181779944385
17.30025650645627, -0.06619550134047081
17.30025650645627, -0.07404997602893038
17.30025650645627, -0.0762317745535025
17.313928463605556, -0.06903183942241453
17.354944335053403, -0.06183190429132657
17.354944335053403, -0.06445006252081309
17.365881900772834, -0.05834102665201113
17.409632163650535, -0.053104710193038085
17.409632163650535, -0.054850149012695804
17.420569729369966, -0.04961383255372265
17.464319992247667, -0.04205026433520609
17.464319992247667, -0.04466842256469261
17.464319992247667, -0.04655931461932172
17.475257557967097, -0.03861756798987925
17.5190078208448, -0.03477760258663232
17.532679777994083, -0.03194126450468848
17.573695649441937, -0.024086789816228915
17.573695649441937, -0.027214034368115647
17.573695649441937, -0.02932310627520196
17.69400887235563, -0.021686811439199594
17.751431092382617, -0.02495950922605772
17.80611892097975, -0.027795847308001553
17.847134792427596, -0.03157763141725989
17.847134792427596, -0.03419578964674641
17.901822621024728, -0.03710485434617583
17.901822621024728, -0.03972301257566235
17.901822621024728, -0.04234117080514899
17.95651044962186, -0.04583204844446431
17.95651044962186, -0.048450206673950835
17.95651044962186, -0.05106836490343736
18.011198278219, -0.05397742960286689
18.011198278219, -0.05659558783235352
18.011198278219, -0.059213746061840045
18.011198278219, -0.061177364733954964
18.03854219251756, -0.06357734311098429
18.06588610681613, -0.0659045948705278
18.06588610681613, -0.06852275310001432
18.06588610681613, -0.07034091853715785
18.120573935413262, -0.07288635014915856
18.120573935413262, -0.07535905514367369
18.175261764010394, -0.07884993278298913
18.257293506906095, -0.07644995440595981
18.284637421204657, -0.07077727824207225
18.284637421204657, -0.07375906955898748
18.33932524980179, -0.065031875460699
18.33932524980179, -0.06735912722024262
18.35026281552122, -0.06148281652739507
18.366669164100358, -0.057468307242182326
18.39401307839892, -0.052813803723095076
18.39401307839892, -0.055286508717610205
18.39401307839892, -0.046995674324236125
18.407685035548205, -0.04983201240617996
18.44870090699606, -0.04292298374503489
18.44870090699606, -0.04539568873954991
18.459638472715483, -0.03949028739970806
18.47604482129462, -0.03565032199646112
18.50338873559319, -0.02517768907851492
18.50338873559319, -0.027795847308001553
18.50338873559319, -0.030414005537488076
18.50338873559319, -0.0330321637669746
18.558076564190323, -0.022559530849028397
18.571748521339607, -0.019723192767084674
18.612764392787454, -0.016741401450169446
18.722140049981718, -0.015141415865483232
18.77682787857885, -0.01834138703485566
18.83151570717598, -0.021104998499313687
18.83151570717598, -0.02372315672880021
18.83151570717598, -0.026195861723315228
18.88620353577312, -0.028959473187773366
18.88620353577312, -0.031432178182288384
18.927219407220967, -0.04110481830789148
18.940891364370252, -0.03521396229154672
18.940891364370252, -0.03826848022594764
18.995579192967384, -0.044813875799664005
18.995579192967384, -0.04786839373406504
18.995579192967384, -0.04983201240617996
19.022923107265946, -0.05223199078320928
19.050267021564515, -0.054850149012695804
19.050267021564515, -0.057468307242182326
19.050267021564515, -0.06008646547166885
19.050267021564515, -0.06270462370115537
19.050267021564515, -0.06466824237327029
19.104954850161647, -0.06735912722024262
19.104954850161647, -0.06997728544972914
19.15964267875878, -0.07317725661910157
19.15964267875878, -0.0756499616136167
19.21433050735591, -0.07710449396333141
19.279955901672473, -0.07090818615354655
19.29636225025161, -0.07492269543875929
19.32370616455018, -0.06706822075029961
19.351050078848743, -0.06445006252081309
19.378393993147313, -0.05717740077223932
19.378393993147313, -0.05979555900172584
19.378393993147313, -0.06226826399624097
19.378393993147313, -0.051359271373380366
19.378393993147313, -0.06925001927487173
19.39206595029659, -0.0541956094553242
19.433081821744445, -0.043722976537378
19.433081821744445, -0.04670476785429323
19.433081821744445, -0.049177472848808246
19.460425736043007, -0.040450278750519764
19.487769650341576, -0.03826848022594764
19.498707216061007, -0.03477760258663232
19.51511356464014, -0.030850365242402478
19.55339504465814, -0.027795847308001553
19.60808287325527, -0.023083162494925702
19.733864879028673, -0.02081409202937068
19.761208793327242, -0.023432250258857312
19.80222466477509, -0.02910492642274476
19.815896621924374, -0.026050408488343835
19.870584450521505, -0.031868537887202786
19.870584450521505, -0.03448669611668931
19.925272279118637, -0.03739576081611884
19.925272279118637, -0.04001391904560536
19.925272279118637, -0.042632077275091884
19.925272279118637, -0.044595695947206804
19.966288150566484, -0.05005019225863716
19.97996010771577, -0.047286580794179134
20.0346479363129, -0.053395616662981094
20.0346479363129, -0.056013774892467616
20.0346479363129, -0.05863193312195414
20.0346479363129, -0.06125009135144066
20.06199185061147, -0.06401370281589869
20.089335764910032, -0.06648640781041382
20.089335764910032, -0.06910456603990034
20.144023593507164, -0.07259544367921567
20.198711422104303, -0.0760863213185311
20.280743164999997, -0.07143181779944385
20.280743164999997, -0.07404997602893038
20.308087079298566, -0.06895911280492883
20.32175903644785, -0.06597732148801361
20.362774907895698, -0.058922839591897036
20.362774907895698, -0.06154099782138356
20.362774907895698, -0.06357734311098429
20.37371247361513, -0.05537378065859311
20.39011882219426, -0.051359271373380366
20.41746273649283, -0.0437957031548637
20.41746273649283, -0.04641386138435033
20.41746273649283, -0.04903201961383685
20.41746273649283, -0.03826848022594764
20.431134693642115, -0.040668458602976965
20.47215056508996, -0.03637758817131853
20.483088130809392, -0.0330321637669746
20.49949447938853, -0.02910492642274476
20.526838393687093, -0.02692312789817264
20.537775959406524, -0.023432250258857312
20.592463788003656, -0.019243197091678876
20.647151616600787, -0.01505414392450033
20.745589708075627, -0.017977753947426955
20.77293362237419, -0.01470505616056883
20.813949493822044, -0.02114136180805659
20.85496536526989, -0.024304969668686116
20.85496536526989, -0.02692312789817264
20.85496536526989, -0.02954128612765916
20.909653193867022, -0.03681394787623293
20.920590759586453, -0.0333812515309061
20.936997108165592, -0.04765021388160784
20.964341022464154, -0.04321389021497779
20.964341022464154, -0.04583204844446431
20.97801297961344, -0.04023209889806256
21.019028851061286, -0.050922911668465964
21.019028851061286, -0.05397742960286689
21.019028851061286, -0.05594104827498181
21.06004472250914, -0.06641368119292801
21.073716679658425, -0.05834102665201113
21.073716679658425, -0.06095918488149776
21.073716679658425, -0.06357734311098429
21.128404508255556, -0.06990455883224345
21.128404508255556, -0.07208635735681557
21.183092336852688, -0.0772499471983028
21.196764294001973, -0.07448633573384489
21.29246799404695, -0.07055909838961505
21.29246799404695, -0.07797721337316021
21.31981190834552, -0.06794094016012853
21.31981190834552, -0.07317725661910157
21.31981190834552, -0.0755772349961309
21.347155822644083, -0.0657591416355564
21.347155822644083, -0.06008646547166885
21.360827779793368, -0.06292280355361257
21.401843651241215, -0.05245017063566648
21.401843651241215, -0.0554319619525816
21.4155156083905, -0.05834102665201113
21.429187565539785, -0.049177472848808246
21.456531479838347, -0.04670476785429323
21.467469045557777, -0.0431557089209893
21.511219308435486, -0.0339048831768034
21.511219308435486, -0.036523041406290035
21.524891265584763, -0.03957755934069096
21.538563222734048, -0.03128672494731688
21.579579094181895, -0.02910492642274476
21.59325105133118, -0.026050408488343835
21.634266922779034, -0.023650430111314513
21.67528279422688, -0.02052318555942778
21.784658451421144, -0.023432250258857312
21.784658451421144, -0.02081409202937068
21.839346280018276, -0.026050408488343835
21.839346280018276, -0.028523113482858964
21.88036215146613, -0.034559422734175116
21.894034108615408, -0.03157763141725989
21.935049980063262, -0.042850257127549085
21.948721937212547, -0.03739576081611884
21.948721937212547, -0.04001391904560536
21.97606585151111, -0.04568659520949292
22.00340976580968, -0.04815930020400794
22.00340976580968, -0.05077745843349457
22.00340976580968, -0.053395616662981094
22.00340976580968, -0.056013774892467616
22.05809759440681, -0.059431925914297246
22.05809759440681, -0.06241371723121247
22.123722988723372, -0.06619550134047081
22.167473251601074, -0.07274089691418717
22.181145208750358, -0.06968637897978625
22.222161080198205, -0.07426815588138769
22.304192823093906, -0.06968637897978625
22.304192823093906, -0.07208635735681557
22.33153673739247, -0.06445006252081309
22.33153673739247, -0.06677731428035671
22.33153673739247, -0.057468307242182326
22.3424743031119, -0.06095918488149776
22.386224565989608, -0.056013774892467616
22.39716213170903, -0.05258107854714078
22.41356848028817, -0.048741113143893844
22.44091239458674, -0.044086609624806594
22.44091239458674, -0.04655931461932172
22.44091239458674, -0.03826848022594764
22.454584351736017, -0.04110481830789148
22.49560022318387, -0.03666849464126143
22.5065377889033, -0.0333812515309061
22.522944137482433, -0.02954128612765916
22.550288051781003, -0.027214034368115647
22.563960008930287, -0.024523149521143317
22.604975880378134, -0.019286833062170272
22.604975880378134, -0.021468631586742393
22.670601274694697, -0.015577775570397634
22.7963832804681, -0.015141415865483232
22.82372719476667, -0.018195933799884156
22.82372719476667, -0.02081409202937068
22.8784150233638, -0.02372315672880021
22.8784150233638, -0.026341314958286843
22.8784150233638, -0.02881401995280175
22.933102851960932, -0.032377624209602995
22.933102851960932, -0.034559422734175116
22.960446766259494, -0.03695940111120444
22.987790680558064, -0.039432106105719456
22.987790680558064, -0.04205026433520609
22.987790680558064, -0.04466842256469261
22.987790680558064, -0.047286580794179134
22.987790680558064, -0.04975928578869415
23.02880655200591, -0.05965010576675445
23.042478509155195, -0.05375924975040969
23.042478509155195, -0.05688649430229642
23.097166337752327, -0.06270462370115537
23.097166337752327, -0.065322781930642
23.097166337752327, -0.06794094016012853
23.124510252050896, -0.07055909838961505
23.138182209200174, -0.07361361632401597
23.20654199494659, -0.07855902631304612
23.20654199494659, -0.08015901189773234
23.220213952095875, -0.0755772349961309
23.31591765214086, -0.07754085366824581
23.326855217860285, -0.07143181779944385
23.343261566439423, -0.07514087529121649
23.370605480737993, -0.06765003369018552
23.381543046457423, -0.06445006252081309
23.425293309335125, -0.05201381093075208
23.425293309335125, -0.05514105548263881
23.425293309335125, -0.057759213712125335
23.43896526648441, -0.06074100502904045
23.479981137932256, -0.04546841535703572
23.49365309508154, -0.048741113143893844
23.507325052230826, -0.04219571757017748
23.534668966529388, -0.03739576081611884
23.534668966529388, -0.04001391904560536
23.54560653224882, -0.0339048831768034
23.58935679512652, -0.02983219259760217
23.60029436084595, -0.02657404013424114
23.657716580872936, -0.0229958905539428
23.712404409470068, -0.020159552471999076
23.835452023813616, -0.02081409202937068
23.862795938112185, -0.023432250258857312
23.862795938112185, -0.026050408488343835
23.917483766709317, -0.029759465980116473
23.917483766709317, -0.03274125729703159
23.917483766709317, -0.03535941552651811
23.944827681007887, -0.04197753771772028
23.98310916102588, -0.03914119963577656
24.02685942390358, -0.04525023550457841
24.02685942390358, -0.048450206673950835
24.02685942390358, -0.05106836490343736
24.02685942390358, -0.05354106989795249
24.081547252500712, -0.05979555900172584
24.095219209649997, -0.05681376768481072
24.136235081097844, -0.06299553017109838
24.136235081097844, -0.0656136884005849
24.136235081097844, -0.06823184663007142
24.190922909694983, -0.07128636456447246
24.245610738292115, -0.07317725661910157
24.272954652590677, -0.06925001927487173
24.311236132608677, -0.06619550134047081
24.354986395486378, -0.05979555900172584
24.354986395486378, -0.06241371723121247
24.36592396120581, -0.05624650006842191
24.40967422408351, -0.052377444018180674
24.40967422408351, -0.046995674324236125
24.423346181232795, -0.04939565270126545
24.46436205268064, -0.04154117801280588
24.478034009829926, -0.045032055652121206
24.519049881277773, -0.03565032199646112
24.519049881277773, -0.03826848022594764
24.519049881277773, -0.028668566717830357
24.529987446997204, -0.032159444357145794
24.573737709874905, -0.02692312789817264
24.584675275594336, -0.023432250258857312
24.64209749562132, -0.019395922988398873
24.696785324218453, -0.01645049498022655
24.81983293856201, -0.01645049498022655
24.84717685286057, -0.01935955967965597
24.84717685286057, -0.021977717909142602
24.888192724308418, -0.030850365242402478
24.901864681457702, -0.02517768907851492
24.901864681457702, -0.027795847308001553
24.929208595756272, -0.0330321637669746
24.942880552905557, -0.03892301978331936
24.956552510054834, -0.03594122846640413
24.983896424353404, -0.04132299816034868
25.011240338651966, -0.0437957031548637
25.011240338651966, -0.04641386138435033
25.011240338651966, -0.04903201961383685
25.011240338651966, -0.051650177843323375
25.065928167249105, -0.055286508717610205
25.065928167249105, -0.05834102665201113
25.065928167249105, -0.06030464532412605
25.106944038696952, -0.07099545809452945
25.120615995846237, -0.06299553017109838
25.120615995846237, -0.0656136884005849
25.120615995846237, -0.06823184663007142
25.17530382444337, -0.07457360767482779
25.2299916530405, -0.07906811263544633
25.243663610189785, -0.07688631411087421
25.339367310234763, -0.07332270985407308
25.339367310234763, -0.07754085366824581
25.350304875954194, -0.07003546674371774
25.366711224533333, -0.06619550134047081
25.394055138831895, -0.06401370281589869
25.394055138831895, -0.05834102665201113
25.40772709598118, -0.061177364733954964
25.448742967429027, -0.05397742960286689
25.448742967429027, -0.05659558783235352
25.448742967429027, -0.046995674324236125
25.459680533148457, -0.05048655196355156
25.503430796026166, -0.04525023550457841
25.503430796026166, -0.03826848022594764
25.51436836174559, -0.04175935786526308
25.558118624623297, -0.03681394787623293
25.56905619034272, -0.0333812515309061
25.58546253892186, -0.02954128612765916
25.626478410369714, -0.026704948045715438
25.66749428181756, -0.021468631586742393
25.66749428181756, -0.024086789816228915
25.776869939011824, -0.019286833062170272
25.842495333328387, -0.022908618612959897
25.899917553355372, -0.026595858119486837
25.940933424803227, -0.030123099067545067
25.940933424803227, -0.03274125729703159
25.940933424803227, -0.03521396229154672
25.981949296251074, -0.04175935786526308
26.009293210549636, -0.038486660078404844
26.02296516769892, -0.0443775160947496
26.05030908199749, -0.046995674324236125
26.05030908199749, -0.04961383255372265
26.05030908199749, -0.05223199078320928
26.104996910594622, -0.05594104827498181
26.104996910594622, -0.058922839591897036
26.104996910594622, -0.06074100502904045
26.14601278204247, -0.06903183942241453
26.159684739191754, -0.06357734311098429
26.159684739191754, -0.06619550134047081
26.22804452493817, -0.07143181779944385
26.269060396386017, -0.07448633573384489
26.32374822498315, -0.06445006252081309
26.32374822498315, -0.06968637897978625
26.32374822498315, -0.07186817750435825
26.337420182132433, -0.06685004089784241
26.378436053580288, -0.05979555900172584
26.378436053580288, -0.06241371723121247
26.38937361929971, -0.05624650006842191
26.43312388217742, -0.04961383255372265
26.446795839326697, -0.05266835048812368
26.46046779647598, -0.0443775160947496
26.46046779647598, -0.046995674324236125
26.48781171077455, -0.03972301257566235
26.48781171077455, -0.04234117080514899
26.48781171077455, -0.0339048831768034
26.501483667923836, -0.036741221258747236
26.542499539371683, -0.032159444357145794
26.553437105091113, -0.029017654481761856
26.597187367968814, -0.025323142313486424
26.6108593251181, -0.022341350996571196
26.66554715371523, -0.01917774313594167
26.78859476805878, -0.017323214390055353
26.81593868235735, -0.020232279089484884
26.81593868235735, -0.022704984083999902
26.856954553805195, -0.025832228635886634
26.925314339551612, -0.02910492642274476
26.925314339551612, -0.032159444357145794
26.925314339551612, -0.03477760258663232
26.925314339551612, -0.036741221258747236
26.925314339551612, -0.0430684369800064
26.980002168148744, -0.039432106105719456
26.980002168148744, -0.04205026433520609
27.007346082447306, -0.04525023550457841
27.034689996745875, -0.04786839373406504
27.034689996745875, -0.05048655196355156
27.034689996745875, -0.053104710193038085
27.034689996745875, -0.055577415187553214
27.075705868193722, -0.061613724438869366
27.089377825343007, -0.05863193312195414
27.116721739641577, -0.06401370281589869
27.14406565394014, -0.06677731428035671
27.14406565394014, -0.06939547250984324
27.14406565394014, -0.07201363073932976
27.14406565394014, -0.07448633573384489
27.212425439686555, -0.07775903352070301
27.25344131113441, -0.08030446513270384
27.30812913973154, -0.07383179617647317
27.335473054030103, -0.07710449396333141
27.362816968328673, -0.06728640060275681
27.362816968328673, -0.07026819191967204
27.390160882627235, -0.06401370281589869
27.417504796925805, -0.05812284679955393
27.417504796925805, -0.07230453720927277
27.43117675407509, -0.061613724438869366
27.472192625522936, -0.04961383255372265
27.472192625522936, -0.05223199078320928
27.472192625522936, -0.054850149012695804
27.472192625522936, -0.042632077275091884
27.483130191242367, -0.04612295491440732
27.526880454120068, -0.03826848022594764
27.526880454120068, -0.04088663845543428
27.5378180198395, -0.03477760258663232
27.5815682827172, -0.03172308465223128
27.59250584843663, -0.029017654481761856
27.63625611131433, -0.02517768907851492
27.649928068463616, -0.022341350996571196
27.704615897060748, -0.019286833062170272
27.827663511404296, -0.019505012914627473
27.84133546855358, -0.02517768907851492
27.855007425702865, -0.02226862437908539
27.909695254299997, -0.02808675377794445
27.909695254299997, -0.030704912007431084
27.950711125747844, -0.036523041406290035
27.96438308289713, -0.033613976706860504
28.01907091149426, -0.039432106105719456
28.01907091149426, -0.04205026433520609
28.01907091149426, -0.04466842256469261
28.01907091149426, -0.04714112755920763
28.060086782942115, -0.05855920650446833
28.073758740091392, -0.05048655196355156
28.073758740091392, -0.053104710193038085
28.073758740091392, -0.05572286842252461
28.12844656868853, -0.06154099782138356
28.12844656868853, -0.06415915605087008
28.16946244013638, -0.07012273868470065
28.183134397285663, -0.06706822075029961
28.237822225882795, -0.07215908397430126
28.265166140181357, -0.07404997602893038
28.31985396877849, -0.07012273868470065
28.347197883077058, -0.06423188266835589
28.347197883077058, -0.06735912722024262
28.374541797375628, -0.06095918488149776
28.40188571167419, -0.05863193312195414
28.41282327739362, -0.0551992367766273
28.45657354027132, -0.04612295491440732
28.45657354027132, -0.048741113143893844
28.45657354027132, -0.051359271373380366
28.48391745456989, -0.04088663845543428
28.48391745456989, -0.0435047966849208
28.511261368868453, -0.03623213493634703
28.511261368868453, -0.03885029316583355
28.524933326017738, -0.0332503436194318
28.565949197465592, -0.030414005537488076
28.576886763185016, -0.027795847308001553
28.620637026062724, -0.021904991291656795
28.620637026062724, -0.024304969668686116
28.730012683256987, -0.01935955967965597
28.78470051185412, -0.021977717909142602
28.83938834045125, -0.028959473187773366
28.85032590617068, -0.02552677684244653
28.894076169048382, -0.03245035082708869
28.894076169048382, -0.035068509056575325
28.935092040496237, -0.043722976537378
28.948763997645514, -0.03826848022594764
28.948763997645514, -0.04088663845543428
28.976107911944084, -0.04655931461932172
28.98977986909337, -0.05223199078320928
29.003451826242653, -0.04932292608377975
29.058139654839785, -0.0554319619525816
29.058139654839785, -0.05805012018206823
29.058139654839785, -0.060668278411554755
29.058139654839785, -0.06328643664104128
29.085483569138347, -0.06619550134047081
29.112827483436917, -0.06852275310001432
29.112827483436917, -0.07034091853715785
29.14017139773548, -0.07775903352070301
29.16751531203405, -0.07317725661910157
29.16751531203405, -0.0757954148485881
29.27689096922831, -0.07917720256167493
29.30423488352688, -0.0757954148485881
29.331578797825443, -0.07055909838961505
29.345250754974728, -0.07328634654533017
29.386266626422575, -0.06030464532412605
29.386266626422575, -0.06328643664104128
29.386266626422575, -0.0659045948705278
29.39993858357186, -0.06881365956995733
29.413610540721145, -0.057031947537267924
29.440954455019714, -0.05223199078320928
29.440954455019714, -0.054559242542752795
29.451892020739137, -0.048741113143893844
29.495642283616846, -0.03892301978331936
29.495642283616846, -0.04205026433520609
29.495642283616846, -0.04466842256469261
29.522986197915408, -0.03565032199646112
29.550330112213977, -0.0330321637669746
29.561267677933408, -0.02954128612765916
29.60501794081111, -0.023650430111314513
29.60501794081111, -0.026050408488343835
29.67064333512767, -0.02011591650150768
29.769081426602504, -0.01790502732994126
29.769081426602504, -0.022123171144113996
29.823769255199636, -0.021104998499313687
29.878457083796775, -0.024886782608572022
29.878457083796775, -0.027504940838058545
29.878457083796775, -0.030123099067545067
29.933144912393907, -0.0330321637669746
29.933144912393907, -0.03565032199646112
29.974160783841754, -0.04546841535703572
29.98783274099104, -0.03957755934069096
29.98783274099104, -0.042632077275091884
30.04252056958817, -0.049177472848808246
30.04252056958817, -0.05223199078320928
30.04252056958817, -0.0541956094553242
30.069864483886732, -0.05659558783235352
30.097208398185302, -0.058922839591897036
30.097208398185302, -0.06154099782138356
30.097208398185302, -0.06415915605087008
30.097208398185302, -0.06597732148801361
30.151896226782434, -0.06881365956995733
30.151896226782434, -0.07143181779944385
30.22025601252885, -0.07317725661910157
30.31595971257383, -0.07143181779944385
30.31595971257383, -0.07492269543875929
30.329631669723113, -0.06903183942241453
30.370647541170968, -0.061177364733954964
30.370647541170968, -0.06415915605087008
30.370647541170968, -0.06597732148801361
30.39799145546953, -0.05790466694709673
30.4253353697681, -0.050195645493608554
30.4253353697681, -0.052813803723095076
30.4253353697681, -0.0554319619525816
30.43627293548753, -0.046646586560304626
30.48002319836523, -0.04277753051006339
30.48002319836523, -0.03739576081611884
30.493695155514516, -0.03979573919314816
30.534711026962363, -0.02932310627520196
30.534711026962363, -0.03245035082708869
30.548382984111647, -0.03543214214400392
30.600336421278925, -0.02517768907851492
30.65775864130591, -0.021250451734285192
30.698774512753758, -0.02714130775062984
30.75346234135089, -0.024304969668686116
30.75346234135089, -0.01906865320971307
30.78080625564946, -0.021686811439199594
30.84460872234611, -0.027214034368115647
30.86283799854516, -0.030123099067545067
30.86283799854516, -0.03274125729703159
30.86283799854516, -0.034559422734175116
30.903853869993007, -0.04023209889806256
30.917525827142292, -0.03739576081611884
30.972213655739424, -0.0435047966849208
30.972213655739424, -0.04612295491440732
30.972213655739424, -0.048741113143893844
30.972213655739424, -0.051359271373380366
31.01322952718727, -0.057468307242182326
31.026901484336555, -0.054559242542752795
31.067917355784402, -0.06881365956995733
31.081589312933687, -0.060668278411554755
31.081589312933687, -0.06328643664104128
31.081589312933687, -0.0659045948705278
31.108933227232257, -0.07143181779944385
31.13627714153082, -0.07404997602893038
31.13627714153082, -0.07666813425841701
31.204636927277235, -0.07895902270921773
31.30034062732222, -0.07252271706172997
31.30034062732222, -0.0755045083786452
31.30034062732222, -0.07884993278298913
31.327684541620783, -0.06925001927487173
31.355028455919353, -0.06706822075029961
31.365966021638783, -0.06357734311098429
31.409716284516485, -0.051141091520923165
31.409716284516485, -0.0542683360728099
31.409716284516485, -0.05688649430229642
31.409716284516485, -0.05950465253178305
31.437060198815054, -0.04786839373406504
31.464404113113616, -0.04525023550457841
31.464404113113616, -0.03826848022594764
31.475341678833047, -0.04175935786526308
31.519091941710748, -0.03419578964674641
31.519091941710748, -0.03681394787623293
31.53002950743018, -0.030763093301419575
31.57377977030788, -0.024304969668686116
31.57377977030788, -0.026777674663201245
31.60112368460645, -0.021686811439199594
31.642139556054296, -0.019286833062170272
31.68315542750215, -0.01615958851028354
31.792531084696414, -0.01906865320971307
31.792531084696414, -0.022123171144113996
31.86089087044283, -0.02495950922605772
31.874562827592115, -0.028232207012915955
31.901906741890677, -0.030704912007431084
31.901906741890677, -0.03332307023691761
31.95659457048781, -0.036741221258747236
31.95659457048781, -0.03972301257566235
31.95659457048781, -0.04234117080514899
31.997610441935663, -0.054850149012695804
32.01128239908494, -0.04612295491440732
32.01128239908494, -0.04932292608377975
32.01128239908494, -0.05194108431326627
32.052298270532795, -0.06074100502904045
32.06597022768207, -0.057759213712125335
32.09331414198064, -0.06314098340606988
32.12065805627921, -0.0656136884005849
32.12065805627921, -0.06823184663007142
32.12065805627921, -0.07070455162458644
32.17534588487634, -0.07383179617647317
32.284721542070606, -0.07503178536498789
32.29565910779004, -0.07055909838961505
32.33940937066774, -0.06415915605087008
32.33940937066774, -0.06677731428035671
32.35034693638717, -0.06061009711756615
32.36675328496631, -0.05659558783235352
32.39409719926487, -0.051359271373380366
32.39409719926487, -0.06881365956995733
32.407769156414155, -0.0544137893077814
32.42144111356344, -0.048741113143893844
32.448785027862, -0.04088663845543428
32.448785027862, -0.0435047966849208
32.462456985011286, -0.04655931461932172
32.47612894216057, -0.03826848022594764
32.50347285645913, -0.03565032199646112
32.50347285645913, -0.030414005537488076
32.51714481360842, -0.0328139839145174
32.569098250775696, -0.027446759544069943
32.62652047080268, -0.023541340185085913
32.68120829939982, -0.02081409202937068
32.7769119994448, -0.021686811439199594
32.78784956516423, -0.02517768907851492
32.83159982804193, -0.02881401995280175
32.872615699489785, -0.03739576081611884
32.88628765663906, -0.031868537887202786
32.88628765663906, -0.03448669611668931
32.91363157093763, -0.04001391904560536
32.940975485236194, -0.04234117080514899
32.940975485236194, -0.0441593362422924
32.968319399534764, -0.04655931461932172
32.99566331383333, -0.04903201961383685
32.99566331383333, -0.051650177843323375
32.99566331383333, -0.0542683360728099
32.99566331383333, -0.05688649430229642
33.032121866231414, -0.06037737194161186
33.050351142430465, -0.06328643664104128
33.050351142430465, -0.0659045948705278
33.1050389710276, -0.07317725661910157
33.11597653674703, -0.06968637897978625
33.15972679962473, -0.0761445026125196
33.21441462822186, -0.07884993278298913
33.26910245681899, -0.07666813425841701
33.29644637111756, -0.07492269543875929
33.32379028541612, -0.06968637897978625
33.32379028541612, -0.07215908397430126
33.32379028541612, -0.06270462370115537
33.334727851135554, -0.06619550134047081
33.378478114013255, -0.05245017063566648
33.378478114013255, -0.0554319619525816
33.378478114013255, -0.05805012018206823
33.378478114013255, -0.060668278411554755
33.405822028311825, -0.049177472848808246
33.433165942610394, -0.046995674324236125
33.44410350832982, -0.0435047966849208
33.460509856908956, -0.03957755934069096
33.487853771207526, -0.03106854509485968
33.487853771207526, -0.03419578964674641
33.5015257283568, -0.03717758096366164
33.54254159980466, -0.027941300542972947
33.55347916552409, -0.024654057432617615
33.56988551410322, -0.02081409202937068
33.610901385551074, -0.018414113652341357
33.665589214148206, -0.015577775570397634
33.788636828491754, -0.016014135275312036
33.815980742790316, -0.01906865320971307
33.815980742790316, -0.021686811439199594
33.870668571387455, -0.024595876138629125
33.870668571387455, -0.027214034368115647
33.870668571387455, -0.029686739362630665
33.9116844428353, -0.03935937948823376
33.92535639998459, -0.033468523471889
33.92535639998459, -0.036523041406290035
33.966372271432434, -0.04634113476686452
33.98004422858172, -0.0430684369800064
34.03473205717885, -0.05026837211109436
34.03473205717885, -0.053395616662981094
34.03473205717885, -0.056013774892467616
34.03473205717885, -0.05863193312195414
34.08941988577598, -0.06183190429132657
34.08941988577598, -0.06445006252081309
34.14410771437311, -0.06765003369018552
34.14410771437311, -0.07026819191967204
34.14410771437311, -0.07288635014915856
34.21246750011953, -0.0756863249223595
34.280827285865946, -0.07230453720927277
34.308171200164516, -0.06706822075029961
34.308171200164516, -0.06968637897978625
34.308171200164516, -0.0757954148485881
34.33551511446308, -0.06445006252081309
34.36285902876165, -0.05979555900172584
34.36285902876165, -0.06241371723121247
34.36285902876165, -0.05397742960286689
34.376530985910925, -0.05681376768481072
34.41754685735878, -0.05223199078320928
34.42848442307821, -0.048741113143893844
34.47223468595591, -0.03761394066857604
34.47223468595591, -0.04059573198549127
34.47223468595591, -0.04321389021497779
34.47223468595591, -0.045032055652121206
34.52692251455304, -0.034341242881717915
34.53786008027247, -0.03093763718338538
34.581610343150174, -0.02735948760308704
34.59528230029946, -0.024523149521143317
34.64997012889659, -0.021686811439199594
34.74567382894158, -0.019941372619541875
34.77301774324014, -0.022559530849028397
34.80036165753871, -0.02517768907851492
34.80036165753871, -0.02765039407303005
34.85504948613584, -0.030704912007431084
34.85504948613584, -0.03332307023691761
34.90973731473297, -0.03623213493634703
34.90973731473297, -0.03885029316583355
34.90973731473297, -0.04146845139532007
34.95075318618082, -0.04786839373406504
34.964425143330104, -0.04495932903463551
34.99176905762867, -0.05048655196355156
35.00544101477795, -0.05834102665201113
35.019112971927235, -0.052813803723095076
35.019112971927235, -0.0554319619525816
35.07380080052437, -0.06183190429132657
35.07380080052437, -0.065031875460699
35.1284886291215, -0.06823184663007142
35.1284886291215, -0.07085000485955806
35.1284886291215, -0.07332270985407308
35.18317645771864, -0.0759408680835596
35.23786428631577, -0.07754085366824581
35.26520820061433, -0.07404997602893038
35.2925521149129, -0.07143181779944385
35.30348968063233, -0.06794094016012853
35.34723994351003, -0.06299553017109838
35.34723994351003, -0.06488642222572749
35.35817750922946, -0.059562833825771544
35.374583857808595, -0.05572286842252461
35.401927772107165, -0.05106836490343736
35.401927772107165, -0.053395616662981094
35.401927772107165, -0.04525023550457841
35.41559972925645, -0.04808657358652224
35.456615600704296, -0.03761394066857604
35.456615600704296, -0.04059573198549127
35.47028755785358, -0.0435047966849208
35.483959515002866, -0.034341242881717915
35.51130342930143, -0.03172308465223128
35.52224099502086, -0.028319478953898858
35.56599125789856, -0.024741329373600518
35.56599125789856, -0.01906865320971307
35.579663215047844, -0.021904991291656795
35.63161665221512, -0.01645049498022655
35.73005474368996, -0.01863229350479856
35.757398657988524, -0.01470505616056883
35.784742572287094, -0.01761412085999836
35.82575844373494, -0.024086789816228915
35.839430400884225, -0.021104998499313687
35.866774315182795, -0.026486768193258237
35.89411822948136, -0.028959473187773366
35.89411822948136, -0.03157763141725989
35.89411822948136, -0.044813875799664005
35.94880605807849, -0.03543214214400392
35.94880605807849, -0.03855938669589065
35.94880605807849, -0.041177544925377174
35.94880605807849, -0.0437957031548637
35.97614997237706, -0.046995674324236125
35.98982192952634, -0.05266835048812368
36.00349388667562, -0.04961383255372265
36.03083780097419, -0.054850149012695804
36.05818171527276, -0.057468307242182326
36.05818171527276, -0.06008646547166885
36.11286954386989, -0.06299553017109838
36.11286954386989, -0.0656136884005849
36.11286954386989, -0.06823184663007142
36.16755737246702, -0.07085000485955806
36.16755737246702, -0.07346816308904458
36.18122932961631, -0.07644995440595981
36.29516230586032, -0.07666813425841701
36.304276943959856, -0.07143181779944385
36.304276943959856, -0.07404997602893038
36.34255842397785, -0.06829002792406003
36.35896477255699, -0.06445006252081309
36.38630868685555, -0.05979555900172584
36.38630868685555, -0.06241371723121247
36.38630868685555, -0.05397742960286689
36.399980644004835, -0.05681376768481072
36.44099651545268, -0.05223199078320928
36.44099651545268, -0.04525023550457841
36.45193408117211, -0.048741113143893844
36.49568434404982, -0.041177544925377174
36.49568434404982, -0.04365024991989219
36.506621909769244, -0.03774484858005034
36.55037217264695, -0.034050336411774906
36.55037217264695, -0.028668566717830357
36.56404412979623, -0.03106854509485968
36.605060001244084, -0.02321407040640011
36.61873195839337, -0.026704948045715438
36.71443565843835, -0.02103227188182799
36.82381131563261, -0.023868609963771714
36.82381131563261, -0.02692312789817264
36.88943670994917, -0.030763093301419575
36.933186972826874, -0.037977573756004745
36.933186972826874, -0.04059573198549127
36.94685892997616, -0.03499578243908952
36.960530887125444, -0.0435047966849208
36.98787480142401, -0.04583204844446431
36.98787480142401, -0.048450206673950835
36.98787480142401, -0.05106836490343736
37.02889067287186, -0.05855920650446833
37.053500195740575, -0.054850149012695804
37.06990654431971, -0.061395544586412165
37.09725045861828, -0.0638682495809273
37.09725045861828, -0.06648640781041382
37.09725045861828, -0.07186817750435825
37.16287585293484, -0.07003546674371774
37.20662611581254, -0.07390452279395898
37.28865785870824, -0.06881365956995733
37.28865785870824, -0.07143181779944385
37.3160017730068, -0.07361361632401597
37.32967373015609, -0.06641368119292801
37.370689601603935, -0.05594104827498181
37.370689601603935, -0.058922839591897036
37.370689601603935, -0.06154099782138356
37.370689601603935, -0.06335916325852708
37.398033515902505, -0.05266835048812368
37.425377430201074, -0.05048655196355156
37.4363149959205, -0.046995674324236125
37.480065258798206, -0.03826848022594764
37.480065258798206, -0.04088663845543428
37.480065258798206, -0.043359343449949295
37.491002824517636, -0.03477760258663232
37.50740917309677, -0.030850365242402478
37.53475308739534, -0.028668566717830357
37.54569065311477, -0.02517768907851492
37.6003784817119, -0.020988635911336595
37.65506631030903, -0.016363223039243535
37.780848316082434, -0.015577775570397634
37.79452027323172, -0.018414113652341357
37.84920810182885, -0.028014027160458754
37.862880058978135, -0.022123171144113996
37.862880058978135, -0.02517768907851492
37.91756788757527, -0.03150490479977408
37.91756788757527, -0.03448669611668931
37.94491180187383, -0.04634113476686452
37.9722557161724, -0.04175935786526308
37.9722557161724, -0.0443775160947496
37.98319328189183, -0.03826848022594764
38.013271587620245, -0.052886530340580884
38.02694354476953, -0.04939565270126545
38.06795941621738, -0.06488642222572749
38.08163137336666, -0.05637740797989632
38.08163137336666, -0.05950465253178305
38.08163137336666, -0.062122810761269576
38.13631920196379, -0.06823184663007142
38.13631920196379, -0.07085000485955806
38.17733507341165, -0.07666813425841701
38.20467898771021, -0.07317725661910157
38.24569485915806, -0.07841357307807462
38.32772660205376, -0.07012273868470065
38.32772660205376, -0.07274089691418717
38.32772660205376, -0.07514087529121649
38.35507051635233, -0.06423188266835589
38.36874247350161, -0.06772276030767133
38.40975834494946, -0.06095918488149776
38.40975834494946, -0.05397742960286689
38.42069591066889, -0.057468307242182326
38.46444617354659, -0.05252289725315218
38.47538373926602, -0.04909020090782534
38.49179008784516, -0.04525023550457841
38.51913400214372, -0.037977573756004745
38.51913400214372, -0.04059573198549127
38.51913400214372, -0.04292298374503489
38.53280595929301, -0.03499578243908952
38.573821830740854, -0.029759465980116473
38.573821830740854, -0.03194126450468848
38.628509659337986, -0.02663222142822963
38.63944722505742, -0.023432250258857312
38.73788531653226, -0.020159552471999076
38.84726097372652, -0.022341350996571196
38.84726097372652, -0.025323142313486424
38.90194880232365, -0.028886746570287558
38.90194880232365, -0.031868537887202786
38.9429646737715, -0.03935937948823376
38.967574196640214, -0.03565032199646112
38.98398054521935, -0.04219571757017748
39.011324459517915, -0.04466842256469261
39.011324459517915, -0.047286580794179134
39.06601228811505, -0.050922911668465964
39.06601228811505, -0.05397742960286689
39.06601228811505, -0.05659558783235352
39.06601228811505, -0.05855920650446833
39.09335620241362, -0.06095918488149776
39.12070011671218, -0.06328643664104128
39.12070011671218, -0.06510460207818469
39.16171598816003, -0.07077727824207225
39.189059902458595, -0.06750458045521412
39.23007577390645, -0.07332270985407308
39.31210751680214, -0.06881365956995733
39.31210751680214, -0.07099545809452945
39.33945143110071, -0.0663409545754422
39.35038899682014, -0.06305371146508698
39.36679534539928, -0.059213746061840045
39.394139259697845, -0.05717740077223932
39.394139259697845, -0.051359271373380366
39.40781121684713, -0.0541956094553242
39.448827088294976, -0.047286580794179134
39.448827088294976, -0.04961383255372265
39.45976465401441, -0.0438538844488523
39.50351491689211, -0.03477760258663232
39.50351491689211, -0.03739576081611884
39.50351491689211, -0.03986846581063397
39.53085883119068, -0.032159444357145794
39.55820274548924, -0.02983219259760217
39.571874702638524, -0.02714130775062984
39.61289057408638, -0.021904991291656795
39.61289057408638, -0.024086789816228915
39.678515968402934, -0.017846846035952657
39.80429797417634, -0.01688685468514095
39.81796993132562, -0.019941372619541875
39.88632971707204, -0.023141343788914304
39.88632971707204, -0.025759502018400826
39.88632971707204, -0.02837766024788735
39.92734558851989, -0.0341230630292606
39.94101754566917, -0.03128672494731688
39.977476098067264, -0.03768666728606185
39.98203341711702, -0.04612295491440732
39.9957053742663, -0.04059573198549127
39.9957053742663, -0.04321389021497779
40.05039320286344, -0.04939565270126545
40.05039320286344, -0.05252289725315218
40.05039320286344, -0.0549956022476672
40.05039320286344, -0.06837729986504293
40.10508103146057, -0.058995566209382844
40.10508103146057, -0.062122810761269576
40.10508103146057, -0.0647409689907561
40.10508103146057, -0.06735912722024262
40.13242494575913, -0.07055909838961505
40.14609690290842, -0.07361361632401597
40.214456688654835, -0.07855902631304612
40.214456688654835, -0.08059537160264674
40.22812864580412, -0.0755772349961309
40.3238323458491, -0.07797721337316021
40.33476991156853, -0.07178090556337535
40.35117626014767, -0.0755772349961309
40.37852017444623, -0.065322781930642
40.37852017444623, -0.06794094016012853
40.4058640887448, -0.06270462370115537
40.43320800304336, -0.05223199078320928
40.43320800304336, -0.054850149012695804
40.43320800304336, -0.057468307242182326
40.446879960192646, -0.06052282517658325
40.46055191734193, -0.04961383255372265
40.4878958316405, -0.04466842256469261
40.4878958316405, -0.04714112755920763
40.4878958316405, -0.03914119963577656
40.50156778878978, -0.04154117801280588
40.54258366023763, -0.037250307581147446
40.553521225957056, -0.0339048831768034
40.597271488834764, -0.02983219259760217
40.608209054554194, -0.02657404013424114
40.66563127458118, -0.022668620775256998
40.67930323173046, -0.019505012914627473
