0.2109355273091431, 0.0014484504269347553
0.32063646526829714, 0.0014484504269347553
0.4303374032274512, -0.000010684873253730132
0.5400383411866088, -0.0043880907738191866
0.6497392791457628, -0.0043880907738191866
0.7594402171049168, -0.0043880907738191866
0.8691411550640744, -0.0043880907738191866
0.9788420930232284, -0.0043880907738191866
1.0885430309823825, 0.0014484504269347553
1.19824396894154, 0.0014484504269347553
1.307944906900694, 0.0014484504269347553
1.4176458448598481, 0.0014484504269347553
1.5273467828190022, 0.0014484504269347553
1.6370477207781597, -0.002928955473630701
1.7467486587373138, -0.0043880907738191866
1.8564495966964678, -0.0043880907738191866
1.9661505346556254, -0.0043880907738191866
2.0758514726147794, -0.0043880907738191866
2.1855524105739335, -0.0043880907738191866
2.295253348533091, -0.0043880907738191866
2.404954286492245, -0.000010684873253730132
2.514655224451399, 0.002907585727123241
2.6243561624105567, 0.007284991627688697
2.7340571003697107, 0.010203262228065668
2.8437580383288648, 0.005825856327500212
2.9534589762880223, -0.002928955473630701
3.0631599142471764, -0.014602037875138585
3.1728608522063304, -0.027734255576835842
3.282561790165488, -0.029193390877024328
3.392262728124642, -0.017520308475516444
3.501963666083796, -0.000010684873253730132
3.602522859213021, 0.027712885830328382
3.7213655420021077, 0.05105905063334504
3.840208224791194, 0.03549494076466697
3.9407674179204193, 0.02187634462957444
3.9407674179204193, -0.008765496674384643
4.050468355879573, -0.0218977143760819
4.050468355879573, -0.05399869098022947
4.1510275490087984, -0.07053555771569897
4.279011976627814, -0.08318139698400007
4.352145935267249, -0.07442658518286827
4.388712914586968, -0.050107663513060174
4.4435633835665485, -0.017033930042119394
4.4984138525461255, 0.020903587762782116
4.5532643215257025, 0.06856867423560686
4.57154781118556, 0.02479461522995141
4.644681769824995, 0.0909420821718312
4.772666197444014, 0.09677862337258514
4.864083645743307, 0.04424975256579877
4.873225390573236, 0.0831600272374926
4.928075859552816, 0.010203262228065668
4.955501094042603, 0.04522250943259021
4.973784583702461, -0.03259803991079746
5.01035156302218, 0.010203262228065668
5.03777679751197, -0.06275350278136038
5.092627266491547, -0.10652756178701583
5.156619480301057, -0.13960129525795573
5.257178673430282, -0.14154680899154037
5.321170887239788, -0.09874550685267725
5.366879611389436, -0.1298737265900325
5.394304845879223, -0.10069102058626189
5.421730080369013, -0.039407337978343726
5.421730080369013, -0.07004917928230281
5.430871825198942, 0.004366721027311726
5.485722294178519, 0.053004564366929685
5.50400578383838, -0.01606117317532707
5.531431018328167, 0.1035879214401314
5.577139742477819, 0.07051418796919151
5.595423232137673, 0.14249819611182524
5.695982425266902, 0.15684635989701246
5.79654161839613, 0.15319852164654169
5.851392087375707, 0.08413278410428404
5.860533832205633, 0.12693408624314806
5.91538430118521, 0.04376337413240172
5.942809535675, 0.09775138023937746
5.97023477016479, -0.05691696158060644
5.979376514994716, -0.015088416308535635
5.997660004654577, 0.033549427031082324
6.034226983974293, -0.10360929118663886
6.052510473634154, -0.01897944377570493
6.052510473634154, -0.05399869098022947
6.079935708123944, -0.1590564325938031
6.1073609426137345, -0.08901793818475401
6.134786177103521, -0.13279199719040946
6.14392792193345, -0.19115740919795066
6.244487115062675, -0.19407567979832763
6.345046308191904, -0.19018465233115833
6.354188053021833, -0.15613816199342612
6.363329797851758, -0.11236410298776978
6.40903852200141, -0.06567177338173735
6.418180266831339, -0.020924957509289577
6.454747246151058, -0.10360929118663886
6.463888990980987, 0.02479461522995141
6.473030735810916, 0.06856867423560686
6.491314225470777, -0.01897944377570493
6.491314225470777, -0.05399869098022947
6.527881204790493, 0.1288795999767327
6.546164694450354, 0.03500856233127081
6.573589928940141, 0.09483310963900049
6.58273167377007, 0.18919052571785855
6.601015163429931, 0.13860716864465594
6.655865632409508, 0.18384036295050077
6.692432611729224, 0.22323701605559076
6.783850060028524, 0.18043571391672675
6.7929918048584526, 0.22323701605559076
6.820417039348243, 0.11817927444201715
6.8569840186679585, 0.14249819611182524
6.87526750832782, 0.1911360394514432
6.893550997987681, 0.03160391329749768
6.9118344876475355, 0.0782962429035301
6.930117977307397, 0.12693408624314806
6.957543211797187, -0.020438579075893415
6.984968446286974, 0.0744052154363608
6.984968446286974, 0.039385968231836266
7.012393680776764, -0.11528237358814764
7.012393680776764, -0.15030162079267217
7.0215354256066895, -0.07345382831607594
7.039818915266551, -0.02481598497645887
7.0763858945862665, -0.18532086799719671
7.094669384246128, -0.09485447938550795
7.094669384246128, -0.1298737265900325
7.131236363565847, -0.2349314682036061
7.1495198532257085, -0.18240259739681974
7.2043703222052855, -0.2670324448077537
7.240937301525001, -0.24174076627115237
7.3140712601644395, -0.24222714470454854
7.34149649465423, -0.17364778559568794
7.34149649465423, -0.20866703280021248
7.350638239484155, -0.13181924032361714
7.396346963633807, -0.09777274998588492
7.405488708463732, -0.055944204713814116
7.423772198123594, -0.16197470319418006
7.451197432613384, 0.02479461522995141
7.451197432613384, -0.010224631974573128
7.460339177443313, 0.07051418796919151
7.478622667103174, -0.05983523218098341
7.51518964642289, 0.12693408624314806
7.533473136082751, 0.0744052154363608
7.533473136082751, 0.039385968231836266
7.533473136082751, 0.004366721027311726
7.560898370572538, 0.21448220425445985
7.560898370572538, 0.1794629570499353
7.588323605062328, 0.11234273324126232
7.615748839552115, 0.15903506284729563
7.624890584382044, 0.2533924789261537
7.643174074041905, 0.20280912185295108
7.7254497775112725, 0.28452069866350893
7.7254497775112725, 0.2495014514589844
7.789441991320778, 0.21253669052087432
7.8351507154704265, 0.2495014514589844
7.844292460300355, 0.154171278513334
7.8900011844500035, 0.18821776885106623
7.8900011844500035, 0.08461916253768109
7.935709908599655, -0.017033930042119394
7.9448516534295806, 0.12693408624314806
7.9539933982595095, 0.02965839956391303
7.972276887919371, 0.08024175663711564
7.990560377579232, -0.10652756178701583
8.008843867239086, -0.052053177246643934
8.027127356898948, 0.004366721027311726
8.04541084655881, -0.21547633086775875
8.054552591388738, -0.17364778559568794
8.063694336218663, -0.12792821285644784
8.081977825878525, -0.0715083145824913
8.109403060368315, -0.24952282120549185
8.136828294858105, -0.18823913859757369
8.173395274177821, -0.2806510409428471
8.24652923281726, -0.3020516920122782
8.283096212136975, -0.2689779585413383
8.328804936286627, -0.23201319760322914
8.337946681116552, -0.19018465233115833
8.356230170776414, -0.26995071540813065
8.383655405266204, -0.11528237358814764
8.383655405266204, -0.15030162079267217
8.39279715009613, -0.0715083145824913
8.41108063975599, -0.19407567979832763
8.41108063975599, -0.2261766564024752
8.43850587424578, 0.016039803428820498
8.43850587424578, -0.01897944377570493
8.465931108735568, -0.10215015588645038
8.493356343225358, 0.07148694483598383
8.493356343225358, 0.036467697631459295
8.493356343225358, -0.04378474387890918
8.502498088055287, 0.11331549010805464
8.520781577715148, -0.0131429025749501
8.548206812204935, 0.15611679224691866
8.557348557034864, 0.20086360811936643
8.575632046694725, 0.10212878613994292
8.61219902601444, 0.2592290201269076
8.630482515674302, 0.20864566305370502
8.630482515674302, 0.17362641584918048
8.68533298465388, 0.2611745338604923
8.721899963973595, 0.28938448299747055
8.813317412272895, 0.19794533751898946
8.822459157102823, 0.27284761626200016
8.822459157102823, 0.23782836905747562
8.8773096260824, 0.15465765694673017
8.90473486057219, 0.2203187454552138
8.932160095061978, 0.07732348603673778
8.932160095061978, 0.04230423883221324
8.932160095061978, 0.008744126927877183
8.941301839891906, 0.12304305877597876
8.987010564041558, -0.07442658518286827
8.996152308871483, -0.030652526177212813
9.014435798531345, 0.05689559183409898
9.014435798531345, 0.02187634462957444
9.032719288191206, -0.20477600533304408
9.041861033021135, -0.167811244394934
9.05100277785106, -0.1259826991228632
9.069286267510922, -0.0423256085787207
9.069286267510922, -0.07734485578324524
9.105853246830637, -0.25827763300662276
9.124136736490499, -0.14154680899154037
9.124136736490499, -0.1765660561960649
9.124136736490499, -0.21158530340058945
9.19727069512994, -0.2971879076783166
9.206412439959866, -0.25827763300662276
9.316113377919024, -0.24952282120549185
9.316113377919024, -0.28016466250945093
9.325255122748949, -0.20380324846625086
9.370963846898597, -0.16197470319418006
9.38010559172853, -0.12014615792210925
9.398389081388387, -0.22179925050190974
9.425814315878178, -0.08026312638362221
9.434956060708103, -0.036489067377966755
9.453239550367968, -0.12403718538927855
9.453239550367968, -0.1590564325938031
9.480664784857751, 0.08607829783786958
9.480664784857751, 0.05105905063334504
9.480664784857751, 0.016039803428820498
9.508090019347541, -0.01897944377570493
9.508090019347541, -0.05399869098022947
9.535515253837332, 0.11526100384164017
9.544656998667257, 0.16000781971408795
9.562940488327122, 0.0744052154363608
9.562940488327122, 0.029172021130516868
9.590365722816912, 0.21156393365408288
9.599507467646838, 0.257283506393323
9.617790957306696, 0.17362641584918048
9.617790957306696, 0.13860716864465594
9.672641426286276, 0.25533799265973833
9.672641426286276, 0.2203187454552138
9.709208405605992, 0.28549345553030125
9.800625853905295, 0.23685561219068418
9.80976759873522, 0.278684157462755
9.864618067714801, 0.15611679224691866
9.873759812544726, 0.19891809438578179
9.892043302204584, 0.2495014514589844
9.910326791864449, 0.06370488990164525
9.9286102815243, 0.11720651757522482
9.946893771184165, 0.17362641584918048
9.965177260844023, -0.017033930042119394
9.98346075050388, 0.02965839956391303
10.001744240163745, 0.11526100384164017
10.001744240163745, 0.08024175663711564
10.020027729823603, -0.1386285383911634
10.029169474653528, -0.09777274998588492
10.038311219483461, -0.052053177246643934
10.056594709143319, 0.004366721027311726
10.074878198803184, -0.21547633086775875
10.093161688463034, -0.16294746006097238
10.1114451781229, -0.0715083145824913
10.1114451781229, -0.10652756178701583
10.138870412612683, -0.25827763300662276
10.166295647102473, -0.2057487621998355
10.193720881592263, -0.2947560155113358
10.257713095401769, -0.25827763300662276
10.303421819551417, -0.2918377449109588
10.330847054041207, -0.2641141742073767
10.358272288530998, -0.19991222099908157
10.358272288530998, -0.23347233290341762
10.367414033360923, -0.1551654051266338
10.413122757510571, -0.08026312638362221
10.413122757510571, -0.11528237358814764
10.422264502340504, -0.0384345811115514
10.440547992000361, -0.16489297379455703
10.440547992000361, -0.1969939503987046
10.467973226490152, 0.04522250943259021
10.467973226490152, 0.010203262228065668
10.495398460979942, -0.02481598497645887
10.495398460979942, -0.05983523218098341
10.495398460979942, -0.09193620878513098
10.522823695469732, 0.07732348603673778
10.531965440299658, 0.12304305877597876
10.550248929959515, 0.027712885830328382
10.577674164449306, 0.17362641584918048
10.586815909279231, 0.21837323172162915
10.605099398939096, 0.10066965083975443
10.632524633428886, 0.14736198044578774
10.641666378258812, 0.27284761626200016
10.65994986791867, 0.2203187454552138
10.65994986791867, 0.18529949825068925
10.74222557138804, 0.2991120516653938
10.74222557138804, 0.2670110750612462
10.842784764517269, 0.20086360811936643
10.851926509347194, 0.275765886862378
10.851926509347194, 0.2407466396578526
10.897635233496842, 0.11428824697484785
10.9159187231567, 0.1619533334476726
10.934202212816558, 0.21448220425445985
10.952485702476423, -0.015088416308535635
10.961627447306348, 0.02479461522995141
10.970769192136274, 0.06662316050202222
10.989052681796139, 0.15028025104616471
10.989052681796139, 0.11526100384164017
11.016477916285929, -0.1094458323873928
11.025619661115854, -0.067617287115322
11.04390315077572, 0.05105905063334504
11.04390315077572, 0.016039803428820498
11.04390315077572, -0.01897944377570493
11.071328385265502, -0.20428962689964703
11.080470130095435, -0.16294746006097238
11.098753619755293, -0.07734485578324524
11.098753619755293, -0.11236410298776978
11.135320599075008, -0.23784973880398308
11.153604088734873, -0.14738335019229432
11.153604088734873, -0.18240259739681974
11.190171068054589, -0.2806510409428471
11.235879792204237, -0.24076800940436005
11.299872006013743, -0.27092347227492297
11.345580730163391, -0.22325838580209822
11.354722474993324, -0.17851156992965045
11.373005964653181, -0.26119590360699974
11.400431199142972, -0.1298737265900325
11.409572943972897, -0.08512691071758471
11.427856433632762, -0.18386173269700823
11.455281668122545, -0.04524387917909767
11.464423412952478, -0.003415333907026863
11.482706902612335, -0.09485447938550795
11.482706902612335, -0.1298737265900325
11.510132137102126, 0.11526100384164017
11.510132137102126, 0.08024175663711564
11.510132137102126, 0.04522250943259021
11.537557371591916, -0.0043880907738191866
11.564982606081706, 0.18529949825068925
11.564982606081706, 0.15028025104616471
11.59240784057149, 0.11526100384164017
11.59240784057149, 0.06710953893541838
11.61983307506128, 0.21448220425445985
11.628974819891205, 0.2592290201269076
11.64725830955107, 0.17654468644955745
11.70210877853065, 0.24658318085860742
11.738675757850366, 0.2884117261306782
11.830093206149662, 0.2456104239918151
11.839234950979588, 0.2874389692638859
11.894085419959168, 0.16341246874786108
11.903227164789094, 0.20475463558653662
11.921510654448959, 0.25533799265973833
11.948935888938749, 0.11526100384164017
11.948935888938749, 0.08024175663711564
11.948935888938749, 0.04522250943259021
11.976361123428532, 0.18529949825068925
11.976361123428532, 0.15028025104616471
12.003786357918322, 0.010203262228065668
12.003786357918322, -0.02481598497645887
12.003786357918322, -0.058376096880794925
12.031211592408113, 0.11526100384164017
12.031211592408113, 0.08024175663711564
12.031211592408113, 0.04522250943259021
12.049495082067978, -0.14057405212474894
12.067778571727828, -0.08707242445116847
12.086062061387693, -0.030652526177212813
12.104345551047551, -0.21644908773455196
12.122629040707409, -0.16683848752814168
12.140912530367267, -0.11236410298776978
12.168337764857057, -0.2633846065572829
12.195762999346847, -0.21158530340058945
12.278038702816211, -0.24660455060511488
12.278038702816211, -0.2816237978096394
12.342030916625717, -0.20380324846625086
12.360314406285582, -0.2845420684100164
12.387739640775365, -0.24368628000473702
12.396881385605298, -0.1512743776594636
12.415164875265155, -0.2057487621998355
12.442590109754946, -0.07442658518286827
12.442590109754946, -0.1094458323873928
12.451731854584871, -0.030652526177212813
12.470015344244736, -0.16343383849436854
12.497440578734519, 0.01895807402919747
12.506582323564452, 0.06467764676843757
12.52486581322431, -0.01897944377570493
12.52486581322431, -0.06713090868192584
12.5522910477141, 0.15611679224691866
12.5522910477141, 0.12109754504239412
12.57971628220389, 0.08607829783786958
12.57971628220389, 0.036467697631459295
12.60714151669368, 0.18821776885106623
12.616283261523606, 0.23393734159030632
12.634566751183463, 0.13714803334446746
12.671133730503186, 0.2825751849299234
12.689417220163044, 0.21302306895427137
12.762551178802482, 0.2884117261306782
12.835685137441914, 0.2699293456616232
12.872252116761636, 0.17168090211559583
12.890535606421494, 0.2203187454552138
12.908819096081352, 0.27284761626200016
12.908819096081352, 0.10066965083975443
12.945386075401068, 0.12498857250956341
12.963669565060933, 0.20864566305370502
12.963669565060933, 0.17362641584918048
12.98195305472079, -0.01606117317532707
12.991094799550723, 0.02479461522995141
13.000236544380648, 0.06856867423560686
13.018520034040506, 0.12109754504239412
13.045945268530296, -0.09777274998588492
13.055087013360229, -0.05399869098022947
13.073370503020087, 0.033549427031082324
13.073370503020087, -0.0014698201734422156
13.091653992679952, -0.18532086799719671
13.100795737509877, -0.14154680899154037
13.128220971999667, -0.0715083145824913
13.128220971999667, -0.10652756178701583
13.15564620648945, -0.25827763300662276
13.164787951319383, -0.21547633086775875
13.18307144097924, -0.16489297379455703
13.219638420298956, -0.28746033901039336
13.265347144448612, -0.24076800940436005
13.320197613428185, -0.2772463919090731
13.375048082407766, -0.22909492700285217
13.384189827237691, -0.18629362486398815
13.402473316897556, -0.2670324448077537
13.429898551387339, -0.11236410298776978
13.429898551387339, -0.14738335019229432
13.439040296217271, -0.06956280084890665
13.45732378587713, -0.19115740919795066
13.48474902036692, -0.02481598497645887
13.493890765196845, 0.019930830895988905
13.51217425485671, -0.06567177338173735
13.51217425485671, -0.10069102058626189
13.51217425485671, -0.13279199719040946
13.539599489346493, 0.09775138023937746
13.539599489346493, 0.06273213303485292
13.548741234176426, 0.14055268237824148
13.567024723836283, 0.0014484504269347553
13.594449958326074, 0.1794629570499353
13.603591703155999, 0.22226425918879844
13.621875192815864, 0.132770627443902
13.621875192815864, 0.0831600272374926
13.65844217213558, 0.27673864372916945
13.676725661795437, 0.21448220425445985
13.759001365264808, 0.28452069866350893
13.859560558394037, 0.21253669052087432
13.868702303223962, 0.2874389692638859
13.868702303223962, 0.25241972205936136
13.91441102737361, 0.08802381157145422
13.923552772203543, 0.12985235684352503
13.932694517033468, 0.17557192958276602
13.950978006693326, 0.23199182785672168
13.969261496353191, 0.008257748494481021
13.987544986013042, 0.05689559183409898
14.005828475672907, 0.14444370984540988
14.005828475672907, 0.10942446264088534
14.033253710162697, -0.06713090868192584
14.042395454992622, -0.022870471242873336
14.060678944652487, 0.033549427031082324
14.08810417914227, -0.14446507959191734
14.08810417914227, -0.17948432679644188
14.097245923972203, -0.09874550685267725
14.11552941363206, -0.0423256085787207
14.14295464812185, -0.2166922769512496
14.170379882611641, -0.1182006441885246
14.170379882611641, -0.15321989139304915
14.188663372271499, -0.2670324448077537
14.252655586081005, -0.23784973880398308
14.26179733091093, -0.2962151508115243
14.353214779210234, -0.28356931154322407
14.362356524040159, -0.24952282120549185
14.371498268870091, -0.2057487621998355
14.41720699301974, -0.1182006441885246
14.41720699301974, -0.15321989139304915
14.44463222750953, -0.18823913859757369
14.44463222750953, -0.22034011520172125
14.472057461999313, -0.0131429025749501
14.472057461999313, -0.04816214977947464
14.472057461999313, -0.08318139698400007
14.499482696489103, -0.1182006441885246
14.499482696489103, -0.15321989139304915
14.526907930978894, 0.04814078003296807
14.526907930978894, 0.013121532828442639
14.536049675808819, 0.09191483903862352
14.554333165468684, -0.0423256085787207
14.581758399958474, 0.16778987464842654
14.581758399958474, 0.132770627443902
14.5909001447884, 0.21059117678729056
14.609183634448257, 0.08607829783786958
14.609183634448257, 0.039385968231836266
14.636608868938048, 0.2611745338604923
14.664034103427838, 0.17654468644955745
14.691459337917628, 0.23636923375728713
14.700601082747554, 0.2884117261306782
14.801160275876782, 0.2896276722141682
14.865152489686288, 0.23588285532389097
14.883435979346146, 0.28452069866350893
14.90171946900601, 0.13568889804427897
14.910861213835936, 0.1794629570499353
14.938286448325726, 0.2495014514589844
14.965711682815517, 0.1998908512525741
14.965711682815517, 0.05981386243447595
14.965711682815517, 0.02479461522995141
14.974853427645442, 0.10164240770654676
14.9931369173053, 0.15028025104616471
15.011420406965165, -0.07442658518286827
15.029703896625016, -0.02481598497645887
15.04798738628488, 0.06273213303485292
15.04798738628488, 0.027712885830328382
15.066270875944738, -0.15613816199342612
15.084554365604596, -0.10458204805343119
15.102837855264461, -0.0131429025749501
15.102837855264461, -0.04816214977947464
15.121121344924319, -0.23784973880398308
15.139404834584177, -0.18823913859757369
15.157688324244035, -0.13571026779078643
15.19425530356375, -0.28259655467643086
15.212538793223615, -0.2057487621998355
15.239964027713405, -0.2553593624062458
15.294814496692979, -0.29767428611171276
15.34966496567256, -0.2641141742073767
15.358806710502485, -0.21936735833492893
15.377090200162343, -0.29037860961077033
15.413657179482065, -0.16878400126172632
15.431940669141923, -0.23784973880398308
15.459365903631713, -0.0510804203798525
15.459365903631713, -0.08609966758437704
15.459365903631713, -0.12111891478890158
15.468507648461639, -0.00536084764061151
15.486791138121504, -0.17218865029549946
15.514216372611287, 0.04814078003296807
15.52335811744122, 0.09386035277220817
15.541641607101077, 0.010203262228065668
15.541641607101077, -0.02481598497645887
15.541641607101077, -0.05983523218098341
15.541641607101077, -0.09193620878513098
15.569066841590868, 0.14736198044578774
15.578208586420793, 0.19308155318502784
15.596492076080658, 0.06273213303485292
15.623917310570448, 0.11963840974220563
15.633059055400373, 0.24171939652464491
15.651342545060231, 0.18529949825068925
15.651342545060231, 0.15028025104616471
15.687909524379947, 0.2864662123970936
15.706193014039812, 0.2407466396578526
15.77932697267925, 0.2923027535978475
15.843319186488756, 0.2290735572563447
15.852460931318682, 0.2747931299955857
15.89816965546833, 0.18748820120097154
15.92559488995812, 0.2495014514589844
15.943878379617985, 0.05689559183409898
15.95302012444791, 0.09483310963900049
15.962161869277836, 0.1366616549110713
15.9804453589377, 0.18529949825068925
15.998728848597558, -0.03746182424475908
16.017012338257416, 0.010203262228065668
16.035295827917274, 0.09775138023937746
16.035295827917274, 0.06273213303485292
16.05357931757714, -0.1298737265900325
16.071862807236997, -0.08123588325041453
16.090146296896854, 0.004366721027311726
16.090146296896854, -0.030652526177212813
16.10842978655672, -0.21644908773455196
16.12671327621657, -0.16683848752814168
16.144996765876435, -0.11236410298776978
16.17242200036622, -0.28891947431058185
16.18156374519615, -0.24855006433869953
16.19984723485601, -0.19407567979832763
16.28212293832538, -0.2735985536586023
16.336973407304953, -0.2932968802111473
16.391823876284533, -0.22909492700285217
16.391823876284533, -0.26119590360699974
16.40096562111446, -0.18629362486398815
16.446674345264107, -0.10360929118663886
16.446674345264107, -0.1386285383911634
16.45581609009404, -0.057889718447397875
16.474099579753897, -0.18969827389776217
16.501524814243687, 0.01895807402919747
16.501524814243687, -0.01606117317532707
16.510666559073613, 0.060786619301268274
16.528950048733478, -0.06567177338173735
16.528950048733478, -0.10069102058626189
16.528950048733478, -0.13279199719040946
16.55637528322326, 0.10066965083975443
16.565517028053193, 0.14444370984540988
16.58380051771305, 0.05689559183409898
16.58380051771305, 0.011662397528254154
16.61122575220284, 0.18529949825068925
16.620367497032767, 0.22810080038955238
16.63865098669263, 0.12547495094295957
16.675217966012347, 0.2864662123970936
16.693501455672205, 0.22323701605559076
16.775777159141576, 0.3049485928661477
16.775777159141576, 0.2713884809618117
16.839769372951082, 0.24658318085860742
16.85805286261094, 0.30203032226577076
16.876336352270805, 0.19016328258465087
16.91290333159052, 0.2670110750612462
16.91290333159052, 0.23199182785672168
16.931186821250378, 0.0831600272374926
16.94032856608031, 0.1619533334476726
16.94032856608031, 0.12693408624314806
16.967753800570094, 0.19697258065219714
16.98603729022996, 0.004366721027311726
17.00432077988981, 0.053004564366929685
17.022604269549674, 0.13860716864465594
17.022604269549674, 0.1035879214401314
17.040887759209532, -0.11917340105531604
17.050029504039465, -0.07734485578324524
17.05917124886939, -0.03259803991079746
17.077454738529248, 0.02187634462957444
17.104879973019038, -0.1969939503987046
17.11402171784897, -0.15321989139304915
17.13230520750883, -0.06567177338173735
17.13230520750883, -0.10069102058626189
17.15973044199862, -0.2772463919090731
17.168872186828544, -0.23298595447002146
17.18715567648841, -0.1765660561960649
17.223722655808125, -0.2971879076783166
17.269431379957773, -0.24952282120549185
17.324281848937353, -0.29110817726086413
17.379132317916927, -0.21158530340058945
17.379132317916927, -0.2451454153049264
17.388274062746852, -0.16878400126172632
17.433982786896507, -0.12403718538927855
17.443124531726433, -0.07929036951683077
17.461408021386298, -0.16489297379455703
17.461408021386298, -0.21012616810040097
17.48883325587608, -0.0043880907738191866
17.48883325587608, -0.039407337978343726
17.497975000706013, 0.03744045449825162
17.51625849036587, -0.10069102058626189
17.54368372485566, 0.12109754504239412
17.54368372485566, 0.08607829783786958
17.57110895934545, 0.05105905063334504
17.57110895934545, 0.016039803428820498
17.57110895934545, -0.029193390877024328
17.598534193835235, 0.17654468644955745
17.598534193835235, 0.1415254392450329
17.607675938665167, 0.21837323172162915
17.625959428325025, 0.09775138023937746
17.653384662814815, 0.2670110750612462
17.680809897304606, 0.18384036295050077
17.708235131794396, 0.24658318085860742
17.71737687662432, 0.30203032226577076
17.81793606975355, 0.30203032226577076
17.81793606975355, 0.2670110750612462
17.872786538733124, 0.21594133955464834
17.900211773222914, 0.27284761626200016
17.91849526288278, 0.11526100384164017
17.93677875254263, 0.16389884718125725
17.955062242202494, 0.21448220425445985
17.973345731862352, 0.019930830895988905
17.99162922152221, 0.06662316050202222
18.009912711182068, 0.15028025104616471
18.009912711182068, 0.11526100384164017
18.037337945671858, -0.06275350278136038
18.037337945671858, -0.09777274998588492
18.046479690501783, -0.017033930042119394
18.06476318016165, 0.039385968231836266
18.083046669821506, -0.21644908773455196
18.09218841465144, -0.1765660561960649
18.101330159481364, -0.13181924032361714
18.11961364914123, -0.0423256085787207
18.11961364914123, -0.07734485578324524
18.147038883631012, -0.26046633595690505
18.174464118120802, -0.17072951499531097
18.174464118120802, -0.2057487621998355
18.211031097440518, -0.3049699626126552
18.256739821590166, -0.26119590360699974
18.320732035399672, -0.29037860961077033
18.366440759549327, -0.2057487621998355
18.375582504379253, -0.2504955780722833
18.4212912285289, -0.1386285383911634
18.4212912285289, -0.17364778559568794
18.430432973358833, -0.0929089656519233
18.44871646301869, -0.22179925050190974
18.47614169750848, -0.04816214977947464
18.485283442338407, -0.00536084764061151
18.50356693199827, -0.09485447938550795
18.50356693199827, -0.1400876736913519
18.530992166488055, 0.11234273324126232
18.530992166488055, 0.07732348603673778
18.530992166488055, 0.04230423883221324
18.540133911317987, 0.1580623059805033
18.558417400977845, 0.004366721027311726
18.558417400977845, -0.0423256085787207
18.59498438029756, 0.20670014932012037
18.613267869957426, 0.15028025104616471
18.613267869957426, 0.11526100384164017
18.613267869957426, 0.08024175663711564
18.640693104447216, 0.25533799265973833
18.668118338937, 0.20718652775351654
18.704685318256715, 0.29424826733143217
18.75039404240637, 0.26409280446086925
18.805244511385943, 0.30203032226577076
18.8509532355356, 0.21059117678729056
18.86923672519545, 0.257283506393323
18.905803704515172, 0.15903506284729563
18.942370683834888, 0.23782836905747562
18.942370683834888, 0.20280912185295108
18.969795918324678, 0.09483310963900049
18.969795918324678, 0.05981386243447595
18.969795918324678, 0.02479461522995141
18.978937663154603, 0.14055268237824148
19.015504642474326, -0.060807989047775735
19.033788132134184, -0.0131429025749501
19.052071621794042, 0.0744052154363608
19.052071621794042, 0.039385968231836266
19.070355111453907, -0.19018465233115833
19.079496856283832, -0.15030162079267217
19.088638601113757, -0.10847307552060137
19.106922090773622, -0.02481598497645887
19.106922090773622, -0.05983523218098341
19.134347325263413, -0.2356610358537008
19.161772559753203, -0.13571026779078643
19.161772559753203, -0.17072951499531097
19.189197794242986, -0.27870552720926245
19.244048263222567, -0.30788823321303216
19.308040477032073, -0.27384174287529994
19.362890946011646, -0.22714941326926752
19.38117443567151, -0.2816237978096394
19.4085996701613, -0.15321989139304915
19.4085996701613, -0.18823913859757369
19.417741414991227, -0.11041858925418513
19.436024904651084, -0.23201319760322914
19.463450139140875, -0.030652526177212813
19.463450139140875, -0.06567177338173735
19.472591883970807, 0.014094289695234963
19.490875373630665, -0.10652756178701583
19.490875373630665, -0.14154680899154037
19.490875373630665, -0.17364778559568794
19.518300608120455, 0.06273213303485292
19.52744235295038, 0.1074789489073007
19.545725842610246, 0.02187634462957444
19.545725842610246, -0.02481598497645887
19.57315107710003, 0.15611679224691866
19.58229282192996, 0.20086360811936643
19.60057631158982, 0.11526100384164017
19.60057631158982, 0.06856867423560686
19.62800154607961, 0.25533799265973833
19.6554267805694, 0.17508555114936897
19.68285201505919, 0.2305326925565332
19.691993759889115, 0.2864662123970936
19.792552953018344, 0.3078668634665256
19.792552953018344, 0.27430675156218864
19.85654516682785, 0.22810080038955238
19.902253890977498, 0.26409280446086925
19.902253890977498, 0.1619533334476726
19.92967912546729, 0.21448220425445985
19.95710435995707, 0.07148694483598383
19.95710435995707, 0.03792683293164778
19.966246104787004, 0.11720651757522482
19.98452959444686, 0.17362641584918048
19.98452959444686, -0.033570796777589784
20.021096573766577, -0.009251875107780805
20.039380063426442, 0.10942446264088534
20.039380063426442, 0.0744052154363608
20.039380063426442, 0.039385968231836266
20.0576635530863, -0.14932886392587985
20.066805297916233, -0.10652756178701583
20.075947042746158, -0.06178074591456806
20.094230532406016, -0.0073063613741961575
20.11251402206588, -0.23104044073643681
20.13079751172574, -0.17851156992965045
20.149081001385596, -0.08901793818475401
20.149081001385596, -0.12403718538927855
20.176506235875387, -0.2757872566088846
20.203931470365177, -0.22325838580209822
20.23135670485496, -0.30934736851322064
20.295348918664466, -0.2796782840760539
20.350199387644047, -0.2349314682036061
20.368482877303904, -0.2845420684100164
20.395908111793695, -0.18532086799719671
20.40504985662362, -0.13960129525795573
20.441616835943343, -0.22423114266889055
20.450758580773275, -0.05983523218098341
20.450758580773275, -0.09485447938550795
20.4599003256032, -0.017033930042119394
20.47818381526306, -0.14154680899154037
20.47818381526306, -0.1765660561960649
20.50560904975285, 0.01895807402919747
20.51475079458278, 0.060786619301268274
20.53303428424264, -0.030652526177212813
20.53303428424264, -0.07734485578324524
20.56045951873243, 0.13568889804427897
20.56045951873243, 0.10066965083975443
20.569601263562355, 0.1794629570499353
20.58788475322222, 0.04522250943259021
20.624451732541935, 0.22810080038955238
20.642735222201793, 0.17362641584918048
20.642735222201793, 0.12839322154333654
20.67930220152151, 0.2747931299955857
20.725010925671164, 0.23636923375728713
20.779861394650737, 0.25241972205936136
20.789003139480663, 0.29424826733143217
20.834711863630318, 0.21594133955464834
20.862137098120108, 0.28452069866350893
20.88956233260989, 0.2407466396578526
20.88956233260989, 0.13568889804427897
20.898704077439824, 0.1794629570499353
20.944412801589472, 0.08753743313805806
20.971838036079262, 0.18529949825068925
20.971838036079262, 0.15028025104616471
20.971838036079262, -0.05691696158060644
20.999263270569053, -0.0043880907738191866
20.999263270569053, -0.039407337978343726
21.008405015398978, 0.03744045449825162
21.026688505058836, 0.08607829783786958
21.0449719947187, -0.13279199719040946
21.06325548437855, -0.08123588325041453
21.081538974038416, 0.010203262228065668
21.081538974038416, -0.02481598497645887
21.108964208528207, -0.20866703280021248
21.108964208528207, -0.24222714470454854
21.118105953358132, -0.16489297379455703
21.13638944301799, -0.11236410298776978
21.172956422337712, -0.2757872566088846
21.19123991199757, -0.18823913859757369
21.19123991199757, -0.22325838580209822
21.26437387063701, -0.31080650381341
21.273515615466934, -0.26995071540813065
21.33750782927644, -0.2388224956707754
21.383216553426095, -0.19115740919795066
21.383216553426095, -0.2757872566088846
21.39235829825602, -0.14543783645870967
21.41064178791588, -0.22909492700285217
21.43806702240567, -0.09193620878513098
21.447208767235594, -0.04621663604588999
21.46549225689546, -0.17510692089587643
21.49291749138525, 0.04522250943259021
21.49291749138525, 0.010203262228065668
21.49291749138525, -0.12257805008909006
21.52034272587504, -0.02481598497645887
21.52034272587504, -0.05983523218098341
21.52034272587504, -0.09485447938550795
21.547767960364823, 0.11234273324126232
21.547767960364823, 0.07732348603673778
21.556909705194755, 0.1580623059805033
21.575193194854613, 0.026253750530139897
21.61176017417433, 0.21837323172162915
21.630043663834194, 0.132770627443902
21.630043663834194, 0.09775138023937746
21.657468898323977, 0.18238122765031228
21.66661064315391, 0.27284761626200016
21.712319367303557, 0.23345096315691016
21.767169836283138, 0.2961937810650168
21.767169836283138, 0.2611745338604923
21.831162050092644, 0.232964584723514
21.876870774242292, 0.2699293456616232
21.876870774242292, 0.18529949825068925
21.92257949839194, 0.09969689397296211
21.931721243221865, 0.21156393365408288
21.940862988051798, 0.15028025104616471
21.986571712201446, 0.02187634462957444
21.986571712201446, -0.011683767274761614
21.99571345703137, 0.06662316050202222
22.013996946691236, 0.12109754504239412
22.032280436351094, -0.13765578152437108
22.041422181181026, -0.09485447938550795
22.050563926010952, -0.050107663513060174
22.06884741567081, 0.039385968231836266
22.06884741567081, 0.004366721027311726
22.0962726501606, -0.21158530340058945
22.105414394990525, -0.16683848752814168
22.12369788465039, -0.07734485578324524
22.12369788465039, -0.11236410298776978
22.160264863970106, -0.2514683349390765
22.17854835362997, -0.19991222099908157
22.215115332949686, -0.3010789351454859
22.260824057099335, -0.2641141742073767
22.315674526078908, -0.2932968802111473
22.37052499505849, -0.23201319760322914
22.37052499505849, -0.2655733095075652
22.379666739888414, -0.19018465233115833
22.42537546403807, -0.15030162079267217
22.434517208867994, -0.10652756178701583
22.452800698527852, -0.207207897500024
22.480225933017643, -0.030652526177212813
22.480225933017643, -0.06567177338173735
22.489367677847575, 0.012148775961651204
22.507651167507433, -0.12403718538927855
22.535076401997223, 0.05981386243447595
22.54421814682715, 0.10553343517371694
22.562501636487013, 0.02187634462957444
22.562501636487013, -0.026275120276647357
22.589926870976797, 0.15319852164654169
22.59906861580673, 0.19697258065219714
22.617352105466587, 0.10942446264088534
22.617352105466587, 0.06419126833504141
22.644777339956377, 0.2495014514589844
22.672202574446167, 0.16924900994861503
22.699627808935958, 0.22615528665596774
22.708769553765883, 0.28452069866350893
22.809328746895112, 0.2903572398642629
22.809328746895112, 0.25533799265973833
22.873320960704618, 0.21934598858842147
22.891604450364476, 0.27284761626200016
22.90988794002434, 0.11915203130880858
22.92817142968419, 0.16778987464842654
22.946454919344056, 0.2203187454552138
22.97388015383384, 0.03792683293164778
22.98302189866377, 0.08024175663711564
23.00130538832363, 0.16778987464842654
23.00130538832363, 0.132770627443902
23.019588877983495, -0.08609966758437704
23.02873062281342, -0.0073063613741961575
23.02873062281342, -0.0423256085787207
23.05615585730321, 0.06273213303485292
23.05615585730321, 0.027712885830328382
23.083581091793, -0.15321989139304915
23.083581091793, -0.18823913859757369
23.092722836622926, -0.10847307552060137
23.111006326282784, -0.01897944377570493
23.111006326282784, -0.05399869098022947
23.138431560772574, -0.23274276525332382
23.165856795262364, -0.17072951499531097
23.20242377458208, -0.27870552720926245
23.220707264241945, -0.22909492700285217
23.275557733221518, -0.3049699626126552
23.3166955849562, -0.27140985070831913
23.35783343669089, -0.2057487621998355
23.385258671180672, -0.2728689860085076
23.412683905670463, -0.18240259739681974
23.421825650500388, -0.13960129525795573
23.421825650500388, -0.24076800940436005
23.467534374650043, -0.06859004398211432
23.467534374650043, -0.10360929118663886
23.47667611947997, -0.02676149871004352
23.494959609139826, -0.15321989139304915
23.522384843629617, 0.010203262228065668
23.53152658845955, 0.053004564366929685
23.549810078119407, -0.036489067377966755
23.549810078119407, -0.08318139698400007
23.577235312609197, 0.17362641584918048
23.577235312609197, 0.13860716864465594
23.577235312609197, 0.1035879214401314
23.604660547098987, 0.06856867423560686
23.604660547098987, 0.033549427031082324
23.63208578158877, 0.24366491025823045
23.63208578158877, 0.20864566305370502
23.65951101607856, 0.17362641584918048
23.65951101607856, 0.12401581564277109
23.696077995398277, 0.2825751849299234
23.71436148505814, 0.23491009845709865
23.78749544369758, 0.28452069866350893
23.851487657507086, 0.25241972205936136
23.897196381656734, 0.1658443609148419
23.90633812648666, 0.20864566305370502
23.93376336097645, 0.24366491025823045
23.96118859546624, 0.09775138023937746
23.96118859546624, 0.06273213303485292
23.96118859546624, 0.029172021130516868
23.970330340296165, 0.14249819611182524
23.98861382995603, 0.19697258065219714
24.006897319615888, -0.022870471242873336
24.043464298935604, 0.09191483903862352
24.043464298935604, 0.05689559183409898
24.043464298935604, 0.02187634462957444
24.070889533425394, -0.08609966758437704
24.070889533425394, -0.12111891478890158
24.070889533425394, -0.15613816199342612
24.08003127825532, -0.04038009484513605
24.125740002404974, -0.20064178864917626
24.153165236894758, -0.10652756178701583
24.153165236894758, -0.14154680899154037
24.180590471384548, -0.2560889300563396
24.208015705874338, -0.19991222099908157
24.244582685194054, -0.2962151508115243
24.299433154173634, -0.24855006433869953
24.354283623153208, -0.2845420684100164
24.372567112813073, -0.2349314682036061
24.399992347302863, -0.17948432679644188
24.399992347302863, -0.2145035740009673
24.40913409213279, -0.13765578152437108
24.454842816282437, -0.10360929118663886
24.463984561112362, -0.06178074591456806
24.482268050772227, -0.15321989139304915
24.482268050772227, -0.18532086799719671
24.509693285262017, -0.01606117317532707
24.518835030091942, 0.02965839956391303
24.5371185197518, -0.06713090868192584
24.56454375424159, 0.12109754504239412
24.56454375424159, 0.08607829783786958
24.59196898873138, 0.002907585727123241
24.61939422322117, 0.22615528665596774
24.61939422322117, 0.1911360394514432
24.61939422322117, 0.15611679224691866
24.61939422322117, 0.05689559183409898
24.64681945771096, 0.12109754504239412
24.64681945771096, 0.08607829783786958
24.674244692200745, 0.2611745338604923
24.701669926690535, 0.22615528665596774
24.701669926690535, 0.19405431005182017
24.73823690601025, 0.2864662123970936
24.829654354309554, 0.278684157462755
24.89364656811906, 0.20718652775351654
24.902788312948985, 0.2495014514589844
24.939355292268708, 0.08121451350390707
24.948497037098633, 0.12109754504239412
24.957638781928566, 0.1658443609148419
24.975922271588423, 0.2203187454552138
24.99420576124829, 0.002421207293727079
25.003347506078214, 0.04522250943259021
25.030772740568004, 0.15028025104616471
25.030772740568004, 0.11526100384164017
25.030772740568004, 0.08024175663711564
25.049056230227862, -0.11139134612097834
25.058197975057794, -0.0715083145824913
25.06733971988772, -0.028707012443628166
25.085623209547578, 0.02187634462957444
25.113048444037368, -0.15467902669323763
25.140473678527158, -0.05399869098022947
25.140473678527158, -0.08901793818475401
25.158757168187016, -0.24271352313794559
25.177040657846874, -0.19018465233115833
25.231891126826454, -0.27870552720926245
25.277599850976102, -0.24076800940436005
25.332450319955676, -0.2852716360601102
25.387300788935256, -0.22909492700285217
25.396442533765182, -0.1843481111304044
25.414726023425047, -0.26119590360699974
25.442151257914837, -0.13279199719040946
25.451293002744762, -0.08707242445116847
25.46957649240462, -0.17072951499531097
25.46957649240462, -0.2057487621998355
25.49700172689441, -0.033570796777589784
25.506143471724336, 0.012148775961651204
25.5244269613842, -0.1182006441885246
25.55185219587399, 0.05981386243447595
25.55185219587399, -0.058376096880794925
25.560993940703916, 0.1035879214401314
25.57927743036378, 0.016039803428820498
25.57927743036378, -0.01897944377570493
25.606702664853564, 0.14736198044578774
25.615844409683497, 0.1911360394514432
25.634127899343355, 0.09045570373843503
25.67069487866307, 0.23588285532389097
25.688978368322935, 0.16633073934823805
25.72554534764265, 0.28062967119633964
25.7712540717923, 0.2509605867591729
25.82610454077188, 0.2903572398642629
25.871813264921528, 0.21156393365408288
25.890096754581386, 0.2631200475940769
25.935805478731034, 0.13714803334446746
25.94494722356096, 0.1794629570499353
25.963230713220824, 0.23199182785672168
25.981514202880682, 0.04814078003296807
25.990655947710607, 0.09191483903862352
26.018081182200397, 0.1619533334476726
26.018081182200397, 0.12693408624314806
26.045506416690188, -0.0218977143760819
26.045506416690188, -0.05691696158060644
26.054648161520113, 0.02187634462957444
26.072931651179978, 0.0744052154363608
26.091215140839836, -0.14932886392587985
26.109498630499694, -0.10069102058626189
26.12778212015955, -0.0131429025749501
26.12778212015955, -0.04816214977947464
26.15520735464934, -0.2247175211022867
26.164349099479267, -0.1804570836632342
26.182632589139132, -0.12403718538927855
26.215542870526882, -0.26995071540813065
26.237483058118713, -0.19991222099908157
26.319758761588076, -0.28746033901039336
26.328900506418, -0.24855006433869953
26.40203446505744, -0.2349314682036061
26.40203446505744, -0.28016466250945093
26.42945969954723, -0.17948432679644188
26.42945969954723, -0.2145035740009673
26.438601444377156, -0.13765578152437108
26.48431016852681, -0.10360929118663886
26.493451913356736, -0.06178074591456806
26.511735403016594, -0.16635210909474551
26.539160637506384, 0.04814078003296807
26.539160637506384, 0.013121532828442639
26.539160637506384, -0.0218977143760819
26.548302382336317, 0.09191483903862352
26.566585871996175, -0.07588572048305675
26.594011106485965, 0.1415254392450329
26.60315285131589, 0.1872450119842739
26.621436340975755, 0.1035879214401314
26.621436340975755, 0.06856867423560686
26.621436340975755, 0.02187634462957444
26.64886157546554, 0.24366491025823045
26.67628680995533, 0.16341246874786108
26.712853789275044, 0.2825751849299234
26.712853789275044, 0.21740047485483682
26.804271237574348, 0.2884117261306782
26.868263451383854, 0.2604449662103985
26.923113920363427, 0.17362641584918048
26.93225566519336, 0.2164277179880445
26.950539154853217, 0.2670110750612462
26.968822644513082, 0.08218727037070028
26.987106134172933, 0.13471614117748665
27.005389623832798, 0.1911360394514432
27.023673113492656, 0.002421207293727079
27.041956603152514, 0.05105905063334504
27.06024009281237, 0.13860716864465594
27.06024009281237, 0.1035879214401314
27.078523582472236, -0.11625513045493907
27.08766532730216, -0.07442658518286827
27.096807072132087, -0.028707012443628166
27.115090561791952, 0.027712885830328382
27.142515796281742, -0.18969827389776217
27.151657541111668, -0.14738335019229432
27.169941030771525, -0.05983523218098341
27.169941030771525, -0.09485447938550795
27.197366265261316, -0.2356610358537008
27.224791499751106, -0.17072951499531097
27.26135847907082, -0.2796782840760539
27.30706720322047, -0.24368628000473702
27.371059417029976, -0.28648758214360104
27.41676814117963, -0.21742184460134428
27.41676814117963, -0.24806368590530337
27.425909886009556, -0.17462054246248027
27.471618610159204, -0.13279199719040946
27.48076035498913, -0.08901793818475401
27.499043844648995, -0.1765660561960649
27.499043844648995, -0.20866703280021248
27.526469079138785, -0.0131429025749501
27.526469079138785, -0.04816214977947464
27.53561082396871, 0.02965839956391303
27.553894313628568, -0.10652756178701583
27.58131954811836, 0.11234273324126232
27.58131954811836, 0.07732348603673778
27.59046129294829, 0.1580623059805033
27.60874478260815, 0.039385968231836266
27.60874478260815, 0.004366721027311726
27.60874478260815, -0.04086647327853221
27.645311761927864, 0.21837323172162915
27.66359525158773, 0.11817927444201715
27.691020486077512, 0.18238122765031228
27.700162230907445, 0.27673864372916945
27.718445720567303, 0.22615528665596774
27.800721424036674, 0.28233199571322576
27.901280617165895, 0.17654468644955745
27.910422361995828, 0.28452069866350893
27.910422361995828, 0.2495014514589844
27.910422361995828, 0.21448220425445985
27.9652728309754, 0.12620451859305337
27.99269806546519, 0.2203187454552138
27.99269806546519, 0.18529949825068925
28.010981555125056, 0.03257667016429
28.029265044784907, 0.08024175663711564
28.047548534444772, 0.132770627443902
28.074973768934555, -0.0073063613741961575
28.074973768934555, -0.0423256085787207
28.074973768934555, -0.07588572048305675
28.102399003424345, 0.06273213303485292
28.102399003424345, 0.027712885830328382
28.12068249308421, -0.1931029229315353
28.129824237914136, -0.15321989139304915
28.13896598274406, -0.10847307552060137
28.157249472403926, -0.01897944377570493
28.157249472403926, -0.05399869098022947
28.184674706893716, -0.23712017115388928
28.2120999413835, -0.14738335019229432
28.2120999413835, -0.18240259739681974
28.248666920703222, -0.2816237978096394
28.29437564485287, -0.24660455060511488
28.349226113832444, -0.28746033901039336
28.404076582812024, -0.25827763300662276
28.41321832764195, -0.213530817134175
28.458927051791605, -0.16489297379455703
28.46806879662153, -0.12014615792210925
28.486352286281388, -0.21888097990153277
28.51377752077118, -0.07734485578324524
28.522919265601104, -0.03454355364438211
28.54120275526097, -0.12403718538927855
28.54120275526097, -0.15613816199342612
28.56862798975076, 0.12109754504239412
28.56862798975076, 0.08607829783786958
28.56862798975076, 0.05105905063334504
28.56862798975076, 0.016039803428820498
28.596053224240542, -0.01897944377570493
28.596053224240542, -0.06567177338173735
28.623478458730332, 0.1415254392450329
28.632620203560265, 0.18335398451710372
28.650903693220123, 0.09191483903862352
28.650903693220123, 0.04668164473277869
28.678328927709913, 0.22323701605559076
28.68747067253984, 0.2670110750612462
28.705754162199703, 0.1794629570499353
28.760604631179277, 0.2480423161587959
28.797171610498992, 0.2923027535978475
28.888589058798296, 0.22226425918879844
28.89773080362822, 0.2961937810650168
28.89773080362822, 0.2611745338604923
28.9525812726078, 0.12985235684352503
28.961723017437727, 0.17168090211559583
28.980006507097592, 0.25533799265973833
28.980006507097592, 0.2203187454552138
29.007431741587375, 0.033549427031082324
29.016573486417307, 0.07635072916994634
29.034856976077165, 0.1619533334476726
29.034856976077165, 0.12693408624314806
29.05314046573703, -0.054971447847020904
29.062282210566956, -0.0131429025749501
29.089707445056746, 0.09191483903862352
29.089707445056746, 0.05689559183409898
29.089707445056746, 0.02187634462957444
29.117132679546536, -0.12695545598965552
29.117132679546536, -0.16197470319418006
29.12627442437646, -0.08318139698400007
29.14455791403632, -0.030652526177212813
29.17198314852611, -0.2057487621998355
29.1994083830159, -0.10652756178701583
29.1994083830159, -0.14154680899154037
29.22683361750569, -0.24806368590530337
29.290825831315196, -0.2777327703424701
29.382243279614492, -0.2884330958771857
29.391385024444418, -0.24660455060511488
29.446235493424, -0.19115740919795066
29.446235493424, -0.2261766564024752
29.455377238253924, -0.14932886392587985
29.50108596240358, -0.0715083145824913
29.50108596240358, -0.10652756178701583
29.510227707233504, -0.02676149871004352
29.528511196893362, -0.14738335019229432
29.528511196893362, -0.19407567979832763
29.555936431383152, 0.06273213303485292
29.555936431383152, 0.027712885830328382
29.583361665872943, -0.0073063613741961575
29.583361665872943, -0.05691696158060644
29.610786900362733, 0.16778987464842654
29.610786900362733, 0.132770627443902
29.610786900362733, 0.09775138023937746
29.638212134852523, 0.06273213303485292
29.638212134852523, 0.027712885830328382
29.665637369342306, 0.18821776885106623
29.67477911417224, 0.23004631412313703
29.693062603832097, 0.1415254392450329
29.729629583151812, 0.2825751849299234
29.747913072811677, 0.2203187454552138
29.821047031451116, 0.2923027535978475
29.88503924526062, 0.26482237211096393
29.93074796941027, 0.17654468644955745
29.939889714240195, 0.2203187454552138
29.967314948729985, 0.25533799265973833
29.98559843838985, 0.10066965083975443
30.0038819280497, 0.15028025104616471
30.022165417709566, 0.20280912185295108
30.040448907369424, -0.0218977143760819
30.04959065219935, 0.01895807402919747
30.05873239702928, 0.06273213303485292
30.07701588668914, 0.11526100384164017
30.095299376349004, -0.11041858925418513
30.113582866008855, -0.0637262596481527
30.13186635566872, 0.02187634462957444
30.13186635566872, -0.0131429025749501
30.15929159015851, -0.15321989139304915
30.15929159015851, -0.18823913859757369
30.15929159015851, -0.22325838580209822
30.186716824648293, -0.08318139698400007
30.186716824648293, -0.1182006441885246
30.214142059138084, -0.2663028771576599
30.241567293627874, -0.1765660561960649
30.241567293627874, -0.21158530340058945
30.323842997097238, -0.2838125007599217
30.40611870056661, -0.3035108273124667
30.43354393505639, -0.2261766564024752
30.43354393505639, -0.25973676830681125
30.442685679886324, -0.1804570836632342
30.488394404035972, -0.10360929118663886
30.488394404035972, -0.1386285383911634
30.497536148865898, -0.06178074591456806
30.515819638525763, -0.18823913859757369
30.515819638525763, -0.22034011520172125
30.543244873015553, -0.0218977143760819
30.552386617845478, 0.02187634462957444
30.570670107505336, -0.06567177338173735
30.570670107505336, -0.11382323828795826
30.598095341995126, 0.10650619204050837
30.598095341995126, 0.07148694483598383
30.60723708682506, 0.15222576477974936
30.625520576484917, 0.033549427031082324
30.625520576484917, 0.0014484504269347553
30.662087555804632, 0.2164277179880445
30.680371045464497, 0.132770627443902
30.680371045464497, 0.08753743313805806
30.70779627995428, 0.1809220923501238
30.716938024784213, 0.27673864372916945
30.73522151444407, 0.22615528665596774
30.81749721791344, 0.30203032226577076
30.81749721791344, 0.2684702103614347
30.899772921382805, 0.30203032226577076
30.927198155872595, 0.2670110750612462
30.927198155872595, 0.23199182785672168
30.927198155872595, 0.19697258065219714
30.972906880022244, 0.11817927444201715
30.9911903696821, 0.16973538838201208
31.00947385934196, 0.22615528665596774
31.027757349001824, 0.0014484504269347553
31.03689909383175, 0.04230423883221324
31.046040838661675, 0.08607829783786958
31.06432432832154, 0.13860716864465594
31.082607817981398, -0.07929036951683077
31.091749562811323, -0.036489067377966755
31.119174797301113, 0.06856867423560686
31.119174797301113, 0.033549427031082324
31.119174797301113, -0.0014698201734422156
31.137458286960978, -0.1931029229315353
31.146600031790904, -0.15321989139304915
31.15574177662083, -0.11041858925418513
31.174025266280694, -0.05983523218098341
31.201450500770484, -0.2363906035037946
31.228875735260267, -0.13571026779078643
31.228875735260267, -0.17072951499531097
31.256300969750058, -0.28016466250945093
31.33857667321943, -0.2962151508115243
31.375143652539144, -0.27384174287529994
31.420852376688792, -0.23201319760322914
31.429994121518718, -0.18629362486398815
31.448277611178582, -0.2670324448077537
31.475702845668373, -0.13279199719040946
31.484844590498298, -0.08707242445116847
31.503128080158156, -0.2057487621998355
31.530553314647946, -0.04524387917909767
31.530553314647946, -0.16197470319418006
31.53969505947787, -0.003415333907026863
31.557978549137736, -0.09485447938550795
31.557978549137736, -0.1298737265900325
31.585403783627527, 0.06565040363522989
31.585403783627527, 0.030631156430705353
31.594545528457452, 0.1074789489073007
31.61282901811731, -0.01897944377570493
31.6402542526071, 0.1415254392450329
31.649395997437033, 0.18335398451710372
31.66767948709689, 0.09191483903862352
31.66767948709689, 0.05689559183409898
31.69510472158668, 0.2670110750612462
31.69510472158668, 0.23199182785672168
31.72252995607647, 0.18384036295050077
31.749955190566254, 0.30203032226577076
31.79566391471591, 0.2582562632601153
31.859656128525415, 0.30203032226577076
31.905364852675064, 0.21740047485483682
31.923648342334914, 0.2631200475940769
31.96935706648457, 0.132770627443902
31.978498811314495, 0.17751744331634978
31.99678230097436, 0.23199182785672168
32.01506579063422, 0.0491135368997595
32.02420753546414, 0.09191483903862352
32.05163276995393, 0.1619533334476726
32.05163276995393, 0.12693408624314806
32.07905800444372, -0.01897944377570493
32.07905800444372, -0.05399869098022947
32.07905800444372, -0.08901793818475401
32.07905800444372, -0.12257805008909006
32.08819974927365, 0.025767372096743735
32.106483238933514, 0.08024175663711564
32.1339084734233, -0.167811244394934
32.16133370791309, -0.036489067377966755
32.16133370791309, -0.0715083145824913
32.16133370791309, -0.10652756178701583
32.17961719757295, -0.26216866047379206
32.1979006872328, -0.21547633086775875
32.21618417689267, -0.16489297379455703
32.25275115621238, -0.28356931154322407
32.27103464587224, -0.22909492700285217
32.35331034934161, -0.28089423015954473
32.408160818321186, -0.22909492700285217
32.41730256315112, -0.1843481111304044
32.435586052810976, -0.26995071540813065
32.463011287300766, -0.14446507959191734
32.47215303213069, -0.10263653431984654
32.490436521790556, -0.19407567979832763
32.490436521790556, -0.22909492700285217
32.51786175628035, -0.02481598497645887
32.51786175628035, -0.05983523218098341
32.52700350111027, 0.019930830895988905
32.54528699077013, -0.11382323828795826
32.57271222525992, 0.10942446264088534
32.57271222525992, 0.0744052154363608
32.60013745974971, 0.039385968231836266
32.60013745974971, 0.004366721027311726
32.60013745974971, -0.0423256085787207
32.6275626942395, 0.1415254392450329
32.636704439069426, 0.1872450119842739
32.654987928729284, 0.09191483903862352
32.69155490804901, 0.23977388279106115
32.72812188736873, 0.18432674138389693
32.74640537702858, 0.2864662123970936
32.764688866688445, 0.23199182785672168
32.84696457015781, 0.2991120516653938
32.84696457015781, 0.26555193976105773
32.910956783967315, 0.23782836905747562
32.92924027362717, 0.2903572398642629
32.95666550811696, 0.14444370984540988
32.96580725294689, 0.18919052571785855
32.98409074260675, 0.24366491025823045
33.01151597709654, 0.09629224493918898
33.038941211586334, 0.1911360394514432
33.038941211586334, 0.15611679224691866
33.05722470124619, -0.06956280084890665
33.06636644607612, 0.004366721027311726
33.06636644607612, -0.030652526177212813
33.07550819090605, 0.04716802316617574
33.09379168056591, 0.09775138023937746
33.11207517022577, -0.16197470319418006
33.13035865988562, -0.11236410298776978
33.14864214954549, 0.010203262228065668
33.14864214954549, -0.02481598497645887
33.14864214954549, -0.05983523218098341
33.17606738403528, -0.24368628000473702
33.1852091288652, -0.19991222099908157
33.20349261852506, -0.14738335019229432
33.24005959784478, -0.29037860961077033
33.25834308750464, -0.21158530340058945
33.28576832199443, -0.26119590360699974
33.340618790974005, -0.30059255671208973
33.395469259953586, -0.2743281213086961
33.40461100478351, -0.23298595447002146
33.45031972893316, -0.1590564325938031
33.45031972893316, -0.19407567979832763
33.45946147376309, -0.11625513045493907
33.47774496342295, -0.2524410918058688
33.50517019791274, -0.07442658518286827
33.51431194274267, -0.030652526177212813
33.53259543240253, -0.1182006441885246
33.53259543240253, -0.16343383849436854
33.56002066689232, 0.04230423883221324
33.56002066689232, 0.007284991627688697
33.56916241172225, 0.08413278410428404
33.587445901382104, -0.055457826280417954
33.614871135871894, 0.11817927444201715
33.62401288070183, 0.16000781971408795
33.642296370361684, 0.05397732123372201
33.669721604851475, 0.19405431005182017
33.67886334968141, 0.23588285532389097
33.697146839341265, 0.14444370984540988
33.73371381866099, 0.2884117261306782
33.75199730832084, 0.23782836905747562
33.82513126696027, 0.2903572398642629
33.88912348076978, 0.26190410151058696
33.934832204919424, 0.178490200183143
33.94397394974936, 0.2203187454552138
33.97139918423915, 0.25533799265973833
33.99882441872894, 0.10942446264088534
33.99882441872894, 0.0744052154363608
33.99882441872894, 0.039385968231836266
34.00796616355887, 0.154171278513334
34.02624965321873, 0.20864566305370502
34.05367488770852, -0.0014698201734422156
34.05367488770852, -0.03502993207777827
34.08110012219831, 0.1035879214401314
34.08110012219831, 0.06856867423560686
34.08110012219831, 0.033549427031082324
34.09938361185816, -0.1512743776594636
34.10852535668809, -0.1094458323873928
34.11766710151803, -0.0637262596481527
34.13595059117788, -0.0073063613741961575
34.16337582566767, -0.22763579170266368
34.172517570497604, -0.18629362486398815
34.19080106015746, -0.10069102058626189
34.19080106015746, -0.13571026779078643
34.227368039477184, -0.28356931154322407
34.245651529137035, -0.2057487621998355
34.273076763626825, -0.24952282120549185
34.327927232606406, -0.2962151508115243
34.39191944641591, -0.23104044073643681
34.42848642573563, -0.2796782840760539
34.43762817056556, -0.18823913859757369
34.44676991539549, -0.14543783645870967
34.46505340505535, -0.2349314682036061
34.49247863954513, -0.09777274998588492
34.50162038437507, -0.052053177246643934
34.519903874034924, -0.13571026779078643
34.519903874034924, -0.18386173269700823
34.547329108524714, 0.0744052154363608
34.547329108524714, 0.039385968231836266
34.547329108524714, 0.004366721027311726
34.574754343014504, -0.07734485578324524
34.602179577504295, 0.1035879214401314
34.602179577504295, -0.017520308475516444
34.61132132233423, 0.14833473731257918
34.62960481199408, 0.06273213303485292
34.62960481199408, 0.027712885830328382
34.65703004648387, 0.1911360394514432
34.6661717913138, 0.23393734159030632
34.68445528097366, 0.13131149214371352
34.72102226029338, 0.28062967119633964
34.73930574995324, 0.21156393365408288
34.8215814534226, 0.3078668634665256
34.8215814534226, 0.27430675156218864
34.885573667232116, 0.23491009845709865
34.93128239138176, 0.2699293456616232
34.94042413621169, 0.17168090211559583
34.98613286036134, 0.20572739245332805
34.98613286036134, 0.06565040363522989
34.99527460519127, 0.1074789489073007
35.01355809485112, -0.01606117317532707
35.04098332934091, 0.1415254392450329
35.05012507417084, 0.008257748494481021
35.0684085638307, 0.09191483903862352
35.0684085638307, 0.05689559183409898
35.08669205349056, -0.1298737265900325
35.09583379832049, -0.08901793818475401
35.104975543150424, -0.04427112231230623
35.12325903281028, 0.010203262228065668
35.150684267300065, -0.20137135629927005
35.159826012130004, -0.15711091886021844
35.178109501789855, -0.06567177338173735
35.178109501789855, -0.10069102058626189
35.205534736279645, -0.2816237978096394
35.21467648110958, -0.24076800940436005
35.232959970769436, -0.18823913859757369
35.30609392940887, -0.2932968802111473
35.3152356742388, -0.24952282120549185
35.37008614321838, -0.30059255671208973
35.42493661219795, -0.18240259739681974
35.42493661219795, -0.21742184460134428
35.42493661219795, -0.2524410918058688
35.479787081177534, -0.07734485578324524
35.479787081177534, -0.11236410298776978
35.479787081177534, -0.14738335019229432
35.507212315667324, -0.1955348150985161
35.53463755015711, -0.0131429025749501
35.53463755015711, -0.04816214977947464
35.54377929498705, 0.03160391329749768
35.5620627846469, -0.10215015588645038
35.58948801913669, 0.07732348603673778
35.59862976396662, 0.12109754504239412
35.61691325362648, 0.033549427031082324
35.61691325362648, -0.014602037875138585
35.64433848811627, 0.20864566305370502
35.64433848811627, 0.17362641584918048
35.67176372260605, 0.1035879214401314
35.69918895709584, 0.23199182785672168
35.69918895709584, 0.1517393863463532
35.708330701925775, 0.2747931299955857
35.72661419158563, 0.18529949825068925
35.78146466056521, 0.2699293456616232
35.818031639884936, 0.29424826733143217
35.90944908818422, 0.20086360811936643
35.91859083301416, 0.275765886862378
35.91859083301416, 0.2407466396578526
35.97344130199373, 0.11526100384164017
35.98258304682366, 0.16000781971408795
36.00086653648352, 0.21448220425445985
36.02829177097331, 0.0744052154363608
36.02829177097331, 0.039385968231836266
36.02829177097331, 0.004366721027311726
36.02829177097331, -0.029193390877024328
36.0557170054631, 0.14444370984540988
36.0557170054631, 0.10942446264088534
36.07400049512295, -0.1182006441885246
36.09228398478282, -0.07345382831607594
36.110567474442675, 0.04522250943259021
36.110567474442675, 0.010203262228065668
36.110567474442675, -0.02481598497645887
36.12885096410253, -0.1726750287288965
36.165417943422256, -0.09485447938550795
36.165417943422256, -0.1298737265900325
36.183701433082106, -0.24174076627115237
36.19284317791204, -0.19991222099908157
36.22026841240183, -0.16489297379455703
36.24769364689162, -0.2823533654597332
36.3025441158712, -0.24368628000473702
36.3025441158712, -0.3064290979128437
36.384819819340564, -0.2918377449109588
36.412245053830354, -0.25973676830681125
36.421386798660286, -0.21936735833492893
36.46709552280993, -0.15030162079267217
36.46709552280993, -0.18532086799719671
36.47623726763987, -0.10847307552060137
36.49452075729972, -0.2261766564024752
36.52194599178951, -0.06567177338173735
36.53108773661944, -0.020924957509289577
36.5493712262793, -0.10652756178701583
36.5493712262793, -0.15321989139304915
36.57679646076909, 0.1035879214401314
36.57679646076909, 0.06856867423560686
36.57679646076909, 0.033549427031082324
36.60422169525887, -0.0014698201734422156
36.60422169525887, -0.04670301447928615
36.63164692974866, 0.12985235684352503
36.640788674578594, 0.17362641584918048
36.65907216423845, 0.08607829783786958
36.65907216423845, 0.05105905063334504
36.68649739872824, 0.2203187454552138
36.695639143558175, 0.26506556132766157
36.713922633218026, 0.16487160404804957
36.768773102197606, 0.24658318085860742
36.80534008151733, 0.29327551046463984
36.89675752981662, 0.21059117678729056
36.90589927464655, 0.28452069866350893
36.90589927464655, 0.2495014514589844
36.96074974362613, 0.15538722459682397
36.988174978115914, 0.24366491025823045
36.988174978115914, 0.20864566305370502
37.015600212605705, 0.06273213303485292
37.015600212605705, 0.027712885830328382
37.02474195743564, 0.1074789489073007
37.043025447095495, 0.1619533334476726
37.070450681585285, -0.06275350278136038
37.070450681585285, -0.09777274998588492
37.07959242641522, -0.020924957509289577
37.097875916075076, 0.09775138023937746
37.097875916075076, 0.06273213303485292
37.097875916075076, 0.027712885830328382
37.12530115056486, -0.148112917842389
37.15272638505465, -0.04816214977947464
37.15272638505465, -0.08318139698400007
37.17100987471451, -0.23979525253756862
37.18929336437437, -0.19213016606474298
37.20757685403423, -0.14154680899154037
37.24414383335395, -0.2845420684100164
37.2624273230138, -0.2349314682036061
37.317277791993384, -0.3020516920122782
37.353844771313106, -0.2757872566088846
37.40869524029268, -0.22520389953568287
37.445262219612395, -0.27384174287529994
37.45440396444233, -0.18240259739681974
37.46354570927226, -0.13960129525795573
37.48182919893212, -0.22909492700285217
37.5092544334219, -0.09777274998588492
37.51839617825184, -0.05399869098022947
37.53667966791169, -0.14154680899154037
37.53667966791169, -0.1867800032973852
37.56410490240148, 0.01895807402919747
37.56410490240148, -0.01606117317532707
37.573246647231414, 0.060786619301268274
37.59153013689127, -0.07588572048305675
37.61895537138106, 0.13568889804427897
37.61895537138106, 0.10066965083975443
37.628097116210995, 0.1794629570499353
37.646380605870846, 0.05689559183409898
37.646380605870846, 0.008744126927877183
37.68294758519057, 0.22810080038955238
37.701231074850426, 0.17362641584918048
37.701231074850426, 0.1415254392450329
37.73779805417015, 0.2747931299955857
37.75608154383001, 0.22615528665596774
37.82921550246944, 0.2874389692638859
37.893207716278944, 0.25533799265973833
37.948058185258525, 0.15903506284729563
37.948058185258525, 0.12401581564277109
37.95719993008846, 0.20086360811936643
37.975483419748315, 0.2495014514589844
38.002908654238105, 0.06273213303485292
38.03033388872789, 0.18529949825068925
38.03033388872789, 0.15028025104616471
38.03033388872789, 0.11526100384164017
38.05775912321768, 0.010203262228065668
38.05775912321768, -0.02481598497645887
38.05775912321768, -0.05983523218098341
38.08518435770747, 0.08024175663711564
38.08518435770747, 0.04522250943259021
38.11260959219726, -0.09485447938550795
38.11260959219726, -0.1298737265900325
38.14003482668705, 0.010203262228065668
38.14003482668705, -0.02481598497645887
38.14003482668705, -0.05983523218098341
38.1583183163469, -0.21547633086775875
38.17660180600677, -0.16489297379455703
38.19488529566662, -0.11236410298776978
38.22231053015641, -0.25171152415577414
38.2497357646462, -0.18823913859757369
38.286302743965926, -0.2855148252768087
38.377720192265215, -0.2806510409428471
38.39600368192508, -0.23687698193719164
38.44171240607472, -0.15321989139304915
38.44171240607472, -0.18823913859757369
38.46913764056451, -0.23784973880398308
38.4965628750543, -0.12403718538927855
38.505704619884234, -0.07929036951683077
38.52398810954409, -0.17510692089587643
38.551413344033875, -0.039407337978343726
38.560555088863815, 0.002421207293727079
38.578838578523666, -0.10069102058626189
38.606263813013456, 0.11234273324126232
38.606263813013456, 0.07732348603673778
38.606263813013456, 0.04230423883221324
38.61540555784339, 0.15611679224691866
38.633689047503246, -0.01606117317532707
38.67025602682297, 0.2164277179880445
38.68853951648282, 0.132770627443902
38.68853951648282, 0.08607829783786958
38.71596475097261, 0.1809220923501238
38.72510649580254, 0.26895658879483175
38.7433899854624, 0.21448220425445985
38.79824045444198, 0.2611745338604923
38.8348074337617, 0.2903572398642629
38.926224882060986, 0.19697258065219714
38.935366626890925, 0.27284761626200016
38.935366626890925, 0.23782836905747562
38.981075351040566, 0.11136997637447088
38.9902170958705, 0.15611679224691866
39.01764233036029, 0.22615528665596774
39.01764233036029, 0.1911360394514432
39.03592582002015, 0.007284991627688697
39.04506756485008, 0.08607829783786958
39.04506756485008, 0.05105905063334504
39.07249279933986, 0.12109754504239412
39.09077628899972, -0.09971826371946957
39.09991803382965, -0.05983523218098341
39.109059778659585, -0.015088416308535635
39.12734326831944, 0.039385968231836266
39.1456267579793, -0.18532086799719671
39.163910247639166, -0.13571026779078643
39.18219373729902, -0.08318139698400007
39.200477226958874, -0.23201319760322914
39.2370442062786, -0.15321989139304915
39.2370442062786, -0.18823913859757369
39.26446944076839, -0.26849158010794216
39.37417037872754, -0.2728689860085076
39.42902084770712, -0.23201319760322914
39.438162592537054, -0.19018465233115833
39.45644608219691, -0.26995071540813065
39.483871316686695, -0.15613816199342612
39.493013061516635, -0.11430961672135531
39.511296551176486, -0.2057487621998355
39.538721785666276, -0.036489067377966755
39.538721785666276, -0.0715083145824913
39.54786353049621, 0.008257748494481021
39.566147020156066, -0.12549632068946703
39.59357225464585, 0.05397732123372201
39.60271399947579, 0.09775138023937746
39.62099748913564, 0.010203262228065668
39.62099748913564, -0.03502993207777827
39.64842272362543, 0.14444370984540988
39.65756446845536, 0.18919052571785855
39.67584795811522, 0.1035879214401314
39.67584795811522, 0.058354727134287465
39.70327319260501, 0.24366491025823045
39.730698427094794, 0.16341246874786108
39.758123661584584, 0.2203187454552138
39.767265406414516, 0.278684157462755
39.858682854713805, 0.25631074952653066
39.86782459954374, 0.2961937810650168
39.93181681335325, 0.22129150232200612
39.95010030301311, 0.27284761626200016
39.9775255375029, 0.12693408624314806
39.98666728233283, 0.17168090211559583
40.00495077199268, 0.22615528665596774
40.03237600648247, 0.07586435073654929
40.05980124097226, 0.16778987464842654
40.05980124097226, 0.132770627443902
40.07808473063212, -0.05691696158060644
40.08722647546205, -0.01606117317532707
40.096368220291986, 0.027712885830328382
40.11465170995184, 0.08024175663711564
40.132935199611694, -0.14446507959191734
40.15121868927156, -0.09874550685267725
40.16950217893142, -0.0131429025749501
40.16950217893142, -0.04816214977947464
40.187785668591275, -0.23201319760322914
40.19692741342121, -0.18823913859757369
40.224352647911, -0.1182006441885246
40.224352647911, -0.15321989139304915
40.25177788240078, -0.2641141742073767
40.27920311689057, -0.2057487621998355
40.30662835138036, -0.30059255671208973
40.370620565189874, -0.26605968794096135
40.42547103416945, -0.20380324846625086
40.471179758319096, -0.2524410918058688
40.48032150314903, -0.1434923227251259
40.52603022729867, -0.06859004398211432
40.52603022729867, -0.10360929118663886
40.52603022729867, -0.18386173269700823
40.53517197212861, -0.02676149871004352
40.55345546178846, -0.15321989139304915
40.58088069627825, 0.04522250943259021
40.58088069627825, 0.010203262228065668
40.59002244110818, 0.08802381157145422
40.60830593076804, -0.036489067377966755
40.60830593076804, -0.08609966758437704
40.63573116525783, 0.17362641584918048
40.63573116525783, 0.13860716864465594
40.66315639974761, 0.1035879214401314
40.66315639974761, 0.05689559183409898
40.690581634237404, 0.24366491025823045
40.690581634237404, 0.20864566305370502
40.718006868727194, 0.17362641584918048
40.718006868727194, 0.1415254392450329
40.75457384804692, 0.278684157462755
40.77285733770677, 0.23199182785672168
40.845991296346206, 0.28549345553030125
40.90998351015571, 0.25533799265973833
40.9374087446455, 0.2903572398642629
40.95569223430536, 0.17557192958276602
40.973975723965225, 0.22810080038955238
40.99225921362508, 0.14444370984540988
40.99225921362508, 0.09775138023937746
