0.2376892234723904, -0.0012547543105956294
0.40177703658967445, -0.0012547543105956294
0.5795388341334018, -0.0012547543105956294
0.7299526628242496, 0.004563375088263655
0.8940404759415337, 0.004563375088263655
1.0581282890588213, 0.00019977803911963576
1.2222161021761089, -0.0022244425437385473
1.386303915293393, -0.0022244425437385473
1.5503917284106805, 0.0006846221556902066
1.7144795415279646, 0.005533063321407461
1.8785673546452522, 0.005533063321407461
2.0426551677625397, 0.0006846221556902066
2.206742980879824, -0.005133507243168189
2.3571568095706716, -0.004163819010024383
2.5239794195732443, 0.0033997492084916203
2.6853324358052433, 0.013290569186552581
2.8494202489225273, 0.008926972137407674
2.9177901710547296, -0.0031941307768814653
3.0271820464662547, -0.01580007780774295
3.1365739218777797, -0.026466648372316826
3.2897225474539127, -0.021618207206601348
3.410053610406589, 0.0016543103888340127
3.519445485818114, 0.02492682798427026
3.63977654877079, 0.0429630291207328
3.7792511899204833, 0.046744813229991244
3.833947127626246, 0.02929042503341428
3.902317049758448, 0.008926972137407674
3.9679521750053617, -0.015218264867857378
4.055465675334585, -0.04314528598237999
4.121100800581498, -0.0652541776980442
4.23049267599302, -0.07834496884547715
4.312536582551665, -0.06961777474718822
4.350823738945696, -0.04896341538123927
4.394580489110307, -0.007072883709454025
4.408254473536747, -0.023072739556316613
4.460215614357221, 0.012708756246667008
4.503972364521832, 0.05692653967799455
4.517646348948272, 0.04092668383113196
4.558668302227595, 0.02201776328484062
4.569607489768746, 0.07438092787457151
4.6789993651802675, 0.09707163253012219
4.804800021903521, 0.09765344547000776
4.818474006329964, 0.07874452492371553
4.8759047409210154, 0.05343566203867933
4.941539866167929, 0.02929042503341428
4.941539866167929, 0.009411816253979133
4.941539866167929, -0.02743633660546063
5.007174991414843, -0.015218264867857378
5.050931741579451, -0.04392103656889379
5.050931741579451, -0.061375424765470754
5.078279710432334, -0.07979950119519152
5.105627679285213, -0.09628420115862468
5.105627679285213, -0.11373858935520165
5.171262804532127, -0.13332629166469445
5.287947471637754, -0.13895048341692462
5.324411430108263, -0.12052640698720474
5.335350617649414, -0.09783570233165406
5.379107367814026, -0.05361791890032652
5.3927813522404655, -0.06961777474718822
5.433803305519785, -0.02452727190603099
5.433803305519785, -0.04101197186946415
5.444742493060943, -0.0012547543105956294
5.488499243225547, 0.046744813229991244
5.488499243225547, 0.026866204450556097
5.54319518093131, 0.06759311024256931
5.5541343684724644, 0.08950806431160441
5.611565103063512, 0.11728963219115673
5.666261040769275, 0.13765308508716334
5.789326900607239, 0.147107545360309
5.8166748694601225, 0.12868346893058824
5.844022838313002, 0.09328984842086285
5.885044791592325, 0.10783517191801106
5.926066744871644, 0.07292639552485713
5.926066744871644, 0.058381072027708925
5.9807626825774065, 0.04141152794770342
5.9807626825774065, 0.023957139751126455
5.9807626825774065, 0.006502751554549491
5.9807626825774065, -0.009981948408883667
6.035458620283169, -0.030345401304890274
6.035458620283169, -0.04779978950146724
6.076480573562492, -0.12343547168663349
6.090154557988932, -0.06913293063061676
6.090154557988932, -0.08658731882719373
6.090154557988932, -0.10404170702377069
6.117502526841811, -0.14088985988321046
6.144850495694694, -0.15834424807978742
6.144850495694694, -0.17143503922722036
6.199546433400457, -0.18743489507408295
6.226894402253336, -0.20488928327065992
6.319877496353133, -0.15834424807978742
6.336286277664861, -0.18307129802493805
6.363634246517741, -0.11907187463748947
6.363634246517741, -0.1336171981346368
6.418330184223503, -0.04052712775289358
6.418330184223503, -0.061375424765470754
6.418330184223503, -0.07882981296204772
6.418330184223503, -0.09531451292548265
6.445678153076386, -0.018709142507172594
6.473026121929266, 0.014260257419695499
6.473026121929266, -0.0022244425437385473
6.48396530947042, 0.037144899721873514
6.527722059635028, 0.060805292610567996
6.527722059635028, 0.09765344547000776
6.541396044061468, 0.07874452492371553
6.582417997340791, 0.10928970426772544
6.593357184881945, 0.13023497010361762
6.650787919472993, 0.15583473945859705
6.705483857178756, 0.17619819235460366
6.82854971701672, 0.17619819235460366
6.8558976858696, 0.15583473945859705
6.8558976858696, 0.13838035126202008
6.896919639148923, 0.08165358962314517
6.910593623575362, 0.11898658659915728
6.910593623575362, 0.10153219840258032
6.910593623575362, 0.030744957383129545
6.965289561281125, 0.058381072027708925
6.965289561281125, 0.03753277501513175
6.9926375301340045, 0.016199633885981335
7.006311514560444, -0.056526983599755276
7.0199854989868875, -0.0012547543105956294
7.0199854989868875, -0.018709142507172594
7.0199854989868875, -0.03616353070374956
7.047333467839767, -0.07107230709690349
7.07468143669265, -0.08852669529347956
7.07468143669265, -0.10598108349005653
7.07468143669265, -0.12246578345349057
7.1020294055455295, -0.14088985988321046
7.129377374398409, -0.15834424807978742
7.129377374398409, -0.17579863627636438
7.129377374398409, -0.19325302447294135
7.1840733121041715, -0.23204055379866872
7.197747296530611, -0.21216194501923358
7.238769249809934, -0.25259794434130356
7.238769249809934, -0.2688887066581085
7.320813156368576, -0.21361647736894795
7.320813156368576, -0.23107086556552492
7.348161125221459, -0.1641623774786467
7.348161125221459, -0.18161676567522367
7.348161125221459, -0.19810146563865683
7.359100312762614, -0.14088985988321046
7.402857062927222, -0.0982235776249123
7.402857062927222, -0.11373858935520165
7.413796250468376, -0.07456318473621781
7.457553000632984, 0.02201776328484062
7.457553000632984, 0.004563375088263655
7.457553000632984, -0.01289101310831331
7.457553000632984, -0.030345401304890274
7.457553000632984, -0.04779978950146724
7.484900969485864, 0.03947215148141758
7.512248938338743, 0.05498716321170871
7.512248938338743, 0.09183531607114848
7.5259229227651865, 0.07583546022428589
7.566944876044506, 0.12092596306544312
7.566944876044506, 0.10444126310200996
7.57788406358566, 0.14419848066087937
7.632580001291423, 0.173289127655174
7.687275938997185, 0.20470702640901361
7.7966678144087105, 0.1884162640922069
7.813076595720435, 0.21401603344718723
7.895120502279081, 0.14031972772830592
7.895120502279081, 0.19656164525061026
7.895120502279081, 0.1791072570540333
7.908794486705521, 0.16019833650774107
7.92246847113196, 0.12092596306544312
7.94981643998484, 0.10541095133515199
7.94981643998484, 0.08795656313857503
7.94981643998484, 0.07583546022428589
7.977164408837723, -0.025981804255746255
8.004512377690602, 0.05692653967799455
8.004512377690602, 0.03947215148141758
8.004512377690602, 0.02201776328484062
8.004512377690602, 0.004563375088263655
8.004512377690602, -0.01289101310831331
8.040976336161108, -0.0458604130351814
8.045534330969925, -0.13943532753349608
8.059208315396365, -0.06719355416433004
8.059208315396365, -0.084647942360907
8.059208315396365, -0.10210233055748397
8.059208315396365, -0.11955671875406093
8.059208315396365, -0.20779834797008956
8.113904253102127, -0.16270784512893233
8.113904253102127, -0.1835561421415095
8.113904253102127, -0.20101053033808647
8.15492620638145, -0.24416165671295786
8.16860019080789, -0.22428304793352272
8.209622144087213, -0.28197949780554143
8.236970112940092, -0.26016151255981956
8.250644097366532, -0.29797935365240313
8.332688003925174, -0.21798007441809197
8.332688003925174, -0.237858683197528
8.332688003925174, -0.28052496545582617
8.360035972778057, -0.17870770097579403
8.360035972778057, -0.196162089172371
8.36915196239568, -0.26016151255981956
8.387383941630937, -0.14670798928206974
8.387383941630937, -0.1641623774786467
8.398323129172091, -0.12343547168663349
8.4420798793367, -0.06331480123175837
8.4420798793367, -0.08076918942833533
8.4420798793367, -0.09628420115862468
8.453019066877854, -0.039654408343063885
8.469427848189582, -0.01289101310831331
8.496775817042462, 0.03947215148141758
8.496775817042462, 0.02201776328484062
8.496775817042462, 0.004563375088263655
8.524123785895345, 0.05692653967799455
8.551471754748224, 0.10928970426772544
8.551471754748224, 0.09183531607114848
8.565145739174664, 0.07147186317514187
8.578819723601104, 0.1267440924643024
8.606167692453987, 0.14419848066087937
8.619841676880426, 0.1631074012071707
8.66086363015975, 0.17765272470431803
8.671802817700904, 0.19888889701015433
8.729233552291952, 0.22419775989519053
8.852299412129916, 0.22856135694433455
8.879647380982796, 0.20819790404832794
8.879647380982796, 0.19074351585175098
8.906995349835679, 0.11947143071572874
8.934343318688558, 0.16747099825631562
8.934343318688558, 0.15001661005973865
8.934343318688558, 0.1325622218631617
8.975365271967881, 0.058381072027708925
8.98903925639432, 0.09910797781972214
8.98903925639432, 0.07825968080714496
9.025503214864827, 0.03753277501513175
9.030061209673644, -0.0914357599929092
9.043735194100083, 0.014260257419695499
9.043735194100083, -0.0031941307768814653
9.043735194100083, -0.02064851897345843
9.043735194100083, -0.038102907170035394
9.043735194100083, -0.05555729536661236
9.043735194100083, -0.07301168356318932
9.071083162952963, -0.11179921288891581
9.084757147379403, -0.16852597452779072
9.098431131805846, -0.1311929775517786
9.098431131805846, -0.14864736574835558
9.125779100658725, -0.1845258303746533
9.153127069511608, -0.20101053033808647
9.153127069511608, -0.21846491853466343
9.153127069511608, -0.2359193067312404
9.153127069511608, -0.25337369492781736
9.207823007217367, -0.2766462125232536
9.244286965687873, -0.3028277948181186
9.317214882628893, -0.28634309485468545
9.328154070170047, -0.24561618906267224
9.344562851481776, -0.2688887066581085
9.371910820334655, -0.18549551860779712
9.371910820334655, -0.20294990680437408
9.371910820334655, -0.22040429500095104
9.38285000787581, -0.16183512571910263
9.426606758040414, -0.10016295409119813
9.426606758040414, -0.1176173422877751
9.426606758040414, -0.13507173048435206
9.4539547268933, -0.08270856589462117
9.48130269574618, 0.004563375088263655
9.48130269574618, -0.01289101310831331
9.48130269574618, -0.030345401304890274
9.48130269574618, -0.04779978950146724
9.48130269574618, -0.0642844894649004
9.50865066459906, 0.02201776328484062
9.535998633451939, 0.05692653967799455
9.549672617878379, 0.03656308678198794
9.563346602304826, 0.07438092787457151
9.590694571157705, 0.12480471599801657
9.590694571157705, 0.1073503278014396
9.590694571157705, 0.09183531607114848
9.590694571157705, 0.16165286885745633
9.604368555584145, 0.14565301301059375
9.656329696404619, 0.17968906999391887
9.711025634110385, 0.20877971698821352
9.809478321980748, 0.22856135694433455
9.877848244112954, 0.20674337169861357
9.918870197392273, 0.18686476291917842
9.918870197392273, 0.16941037472260145
9.918870197392273, 0.1519559865260245
9.9598921506716, 0.10492610721858142
9.97356613509804, 0.12819862481401678
9.97356613509804, -0.01580007780774295
10.028262072803798, 0.08165358962314517
10.028262072803798, 0.060805292610567996
10.028262072803798, 0.04335090441399103
10.028262072803798, 0.025896516217414067
10.028262072803798, 0.008442128020837103
10.028262072803798, -0.009012260175739861
10.055610041656678, -0.030345401304890274
10.055610041656678, -0.04779978950146724
10.082958010509564, -0.0652541776980442
10.082958010509564, -0.08270856589462117
10.082958010509564, -0.10016295409119813
10.082958010509564, -0.1176173422877751
10.082958010509564, -0.13410204225120825
10.137653948215323, -0.15446549514721486
10.137653948215323, -0.17191988334379182
10.137653948215323, -0.1893742715403688
10.137653948215323, -0.20682865973694575
10.165001917068203, -0.22525273616666652
10.19234988592109, -0.24173743613009968
10.19234988592109, -0.25919182432667665
10.247045823626848, -0.28294918603868435
10.329089730185494, -0.2630705772592492
10.356437699038374, -0.2063438156203743
10.356437699038374, -0.22622242439980944
10.356437699038374, -0.28052496545582617
10.370111683464813, -0.24561618906267224
10.383785667891253, -0.1845258303746533
10.411133636744133, -0.09289029234262447
10.411133636744133, -0.11373858935520165
10.411133636744133, -0.1311929775517786
10.411133636744133, -0.14864736574835558
10.411133636744133, -0.16610175394493254
10.465829574449899, -0.03179993365460465
10.465829574449899, -0.0516785424340398
10.465829574449899, -0.06913293063061676
10.520525512155658, 0.006502751554549491
10.520525512155658, -0.009012260175739861
10.531464699696812, 0.030163144443243972
10.575221449861424, 0.08989593960486264
10.575221449861424, 0.07244155140828568
10.575221449861424, 0.05595685144485074
10.575221449861424, 0.1267440924643024
10.588895434287863, 0.11074423661743982
10.629917387567183, 0.1631074012071707
10.629917387567183, 0.14225910419459353
10.695552512814096, 0.18725263821243665
10.750248450519862, 0.2128524075674152
10.848701138390233, 0.2256522922449049
10.903397076095992, 0.20431915111575538
10.903397076095992, 0.18686476291917842
10.958093013801758, 0.16359224532374217
10.958093013801758, 0.1461378571271652
10.958093013801758, 0.12868346893058824
10.958093013801758, 0.11122908073401128
10.958093013801758, 0.09377469253743431
10.958093013801758, 0.030744957383129545
11.012788951507517, 0.07244155140828568
11.012788951507517, 0.05498716321170871
11.012788951507517, 0.03753277501513175
11.040136920360396, 0.016199633885981335
11.067484889213276, -0.0012547543105956294
11.067484889213276, -0.018709142507172594
11.067484889213276, -0.03616353070374956
11.067484889213276, -0.05361791890032652
11.067484889213276, -0.07107230709690349
11.067484889213276, -0.08852669529347956
11.122180826919042, -0.10985983642262998
11.122180826919042, -0.12731422461920694
11.122180826919042, -0.1447686128157839
11.122180826919042, -0.16222300101236087
11.149528795771921, -0.18161676567522367
11.1768767646248, -0.1971317774055148
11.1768767646248, -0.21458616560209176
11.1768767646248, -0.23204055379866872
11.1768767646248, -0.2494949419952457
11.242511889871722, -0.2758704619367398
11.313616608889205, -0.2572524478603908
11.340964577742092, -0.2427071243632426
11.340964577742092, -0.20488928327065992
11.340964577742092, -0.28052496545582617
11.354638562168532, -0.22379820381695126
11.395660515447851, -0.15834424807978742
11.395660515447851, -0.17579863627636438
11.395660515447851, -0.19325302447294135
11.395660515447851, -0.11179921288891581
11.406599702989006, -0.13507173048435206
11.450356453153617, -0.084647942360907
11.450356453153617, -0.10016295409119813
11.461295640694772, -0.06176330005872899
11.505052390859376, 0.014260257419695499
11.505052390859376, -0.0031941307768814653
11.505052390859376, -0.02064851897345843
11.505052390859376, -0.03616353070374956
11.505052390859376, 0.05110841027913526
11.518726375285816, 0.035108554432273564
11.559748328565135, 0.06468404554313967
11.57068751610629, 0.08601718667228919
11.614444266270901, 0.1267440924643024
11.614444266270901, 0.11122908073401128
11.625383453812056, 0.15001661005973865
11.680079391517815, 0.17968906999391887
11.723836141682426, 0.2096524363980432
11.833228017093951, 0.2256522922449049
11.833228017093951, 0.19219804820146624
11.88792395479971, 0.21110696874775758
11.94261989250547, 0.15001661005973865
11.94261989250547, 0.1369258189123057
11.94261989250547, 0.19656164525061026
11.953559080046624, 0.173289127655174
11.969967861358356, 0.12092596306544312
11.997315830211235, 0.10347157486886616
11.997315830211235, 0.08601718667228919
11.997315830211235, 0.06856279847571223
11.997315830211235, 0.05547200732828017
12.038337783490555, -0.033254466004319916
12.052011767916994, 0.03753277501513175
12.052011767916994, 0.020078386818554783
12.052011767916994, 0.002623998621977819
12.052011767916994, -0.014830389574599145
12.07935973676988, -0.05361791890032652
12.10670770562276, -0.07495106002947605
12.10670770562276, -0.09240544822605301
12.10670770562276, -0.10985983642262998
12.10670770562276, -0.12731422461920694
12.14772965890208, -0.21943460676780724
12.16140364332852, -0.14864736574835558
12.16140364332852, -0.16610175394493254
12.16140364332852, -0.1835561421415095
12.16140364332852, -0.20101053033808647
12.216099581034285, -0.25919182432667665
12.229773565460725, -0.23834352731409858
12.270795518740044, -0.27703408781651184
12.298143487592924, -0.29652482130268876
12.325491456445803, -0.3096156124501217
12.35283942529869, -0.24852525376210188
12.38018739415157, -0.19179849212322697
12.38018739415157, -0.21264678913580415
12.38018739415157, -0.22913148909923908
12.38018739415157, -0.2747068360569678
12.407535363004449, -0.169980506877506
12.434883331857328, -0.09579935704205411
12.434883331857328, -0.11567796582148926
12.434883331857328, -0.13313235401806622
12.434883331857328, -0.1505867422146432
12.489579269563094, -0.01725461015745733
12.489579269563094, -0.038102907170035394
12.489579269563094, -0.05555729536661236
12.489579269563094, -0.0720419953300464
12.516927238415974, 0.004563375088263655
12.544275207268853, 0.03947215148141758
12.544275207268853, 0.02201776328484062
12.555214394810008, 0.06274466907685383
12.59897114497462, 0.09765344547000776
12.59897114497462, 0.08601718667228919
12.609910332515774, 0.12092596306544312
12.653667082680379, 0.17765272470431803
12.653667082680379, 0.15777411592488289
12.653667082680379, 0.14565301301059375
12.708363020386145, 0.20383430699918392
12.828694083338817, 0.21750691108650155
12.927146771209188, 0.1892889835020366
12.927146771209188, 0.17474366000488928
12.927146771209188, 0.21401603344718723
12.954494740062067, 0.1587438041580267
12.981842708914954, 0.14225910419459353
12.981842708914954, 0.12480471599801657
12.981842708914954, 0.1073503278014396
12.981842708914954, 0.09086562783800467
13.036538646620713, 0.06710826612599785
13.036538646620713, 0.0472296573465627
13.036538646620713, 0.02977526914998574
13.073002605091219, 0.006502751554549491
13.077560599900032, -0.08852669529347956
13.091234584326479, -0.016769766040886758
13.091234584326479, -0.034224154237462834
13.091234584326479, -0.0516785424340398
13.091234584326479, -0.06913293063061676
13.132256537605798, -0.1641623774786467
13.145930522032238, -0.10985983642262998
13.145930522032238, -0.12731422461920694
13.145930522032238, -0.1447686128157839
13.173278490885117, -0.18161676567522367
13.173278490885117, -0.19907115387180063
13.200626459737997, -0.21458616560209176
13.200626459737997, -0.23204055379866872
13.200626459737997, -0.2494949419952457
13.200626459737997, -0.26694933019182265
13.266261584984917, -0.2851794689749134
13.337366304002408, -0.26016151255981956
13.364714272855288, -0.2436768125963864
13.364714272855288, -0.28634309485468545
13.375653460396443, -0.22234367146723688
13.419410210561047, -0.1447686128157839
13.419410210561047, -0.16222300101236087
13.419410210561047, -0.17967738920893783
13.419410210561047, -0.196162089172371
13.430349398102202, -0.12110821992708942
13.474106148266813, -0.05943604829918492
13.474106148266813, -0.07689043649576188
13.474106148266813, -0.09434482469233885
13.501454117119692, -0.041981660102607954
13.528802085972572, 0.023957139751126455
13.528802085972572, 0.006502751554549491
13.528802085972572, -0.010951636642027474
13.528802085972572, -0.02743633660546063
13.528802085972572, 0.06274466907685383
13.542476070399012, 0.0438357485305616
13.556150054825451, 0.07438092787457151
13.583498023678331, 0.08989593960486264
13.594437211219493, 0.11278058190704066
13.638193961384097, 0.15583473945859705
13.638193961384097, 0.13838035126202008
13.665541930236976, 0.173289127655174
13.706563883516296, 0.18783445115232134
13.761259821222062, 0.2052888393488983
13.802281774501381, 0.2256522922449049
13.911673649912906, 0.20674337169861357
13.911673649912906, 0.18492538645289258
13.911673649912906, 0.16747099825631562
13.952695603192225, 0.1267440924643024
13.966369587618672, 0.1461378571271652
13.993717556471552, 0.058381072027708925
14.021065525324431, 0.10541095133515199
14.021065525324431, 0.08795656313857503
14.021065525324431, 0.07050217494199806
14.06208747860375, -0.056526983599755276
14.07576146303019, 0.035108554432273564
14.07576146303019, 0.014260257419695499
14.07576146303019, -0.0031941307768814653
14.07576146303019, -0.02064851897345843
14.07576146303019, -0.038102907170035394
14.130457400735956, -0.08076918942833533
14.130457400735956, -0.0982235776249123
14.130457400735956, -0.11567796582148926
14.130457400735956, -0.13313235401806622
14.185153338441715, -0.15446549514721486
14.185153338441715, -0.17191988334379182
14.185153338441715, -0.1893742715403688
14.185153338441715, -0.20682865973694575
14.185153338441715, -0.22428304793352272
14.185153338441715, -0.24173743613009968
14.239849276147481, -0.2630705772592492
14.239849276147481, -0.27955527722268325
14.30821919827968, -0.2957975551278311
14.349241151559006, -0.22961633321581054
14.349241151559006, -0.2494949419952457
14.376589120411886, -0.2688887066581085
14.403937089264765, -0.16852597452779072
14.403937089264765, -0.1893742715403688
14.403937089264765, -0.20682865973694575
14.431285058117645, -0.14670798928206974
14.458633026970524, -0.11179921288891581
14.458633026970524, -0.12828391285234897
14.458633026970524, -0.0652541776980442
14.458633026970524, -0.21943460676780724
14.469572214511679, -0.08852669529347956
14.51332896467629, -0.018709142507172594
14.51332896467629, -0.03616353070374956
14.51332896467629, -0.05361791890032652
14.51332896467629, 0.027835892683699903
14.524268152217445, 0.004563375088263655
14.56802490238205, 0.07438092787457151
14.56802490238205, 0.05692653967799455
14.56802490238205, 0.04141152794770342
14.578964089923204, 0.09765344547000776
14.622720840087815, 0.11801689836601348
14.63366002762897, 0.13605309950247602
14.677416777793574, 0.1597134923911705
14.691090762220014, 0.17765272470431803
14.73211271549934, 0.20044039818318282
14.80048263763154, 0.21837963049633125
14.896200528616625, 0.19074351585175098
14.896200528616625, 0.2256522922449049
14.923548497469504, 0.20819790404832794
14.923548497469504, 0.13983488361173535
14.950896466322384, 0.16941037472260145
14.950896466322384, 0.1519559865260245
15.00559240402815, 0.11801689836601348
15.00559240402815, 0.09765344547000776
15.00559240402815, 0.0801990572734308
15.00559240402815, 0.06274466907685383
15.00559240402815, 0.04529028088027687
15.060288341733909, 0.019108698585410977
15.060288341733909, -0.0012547543105956294
15.060288341733909, -0.018709142507172594
15.060288341733909, -0.03179993365460465
15.087636310586788, -0.04779978950146724
15.114984279439675, -0.06331480123175837
15.114984279439675, -0.08076918942833533
15.114984279439675, -0.0982235776249123
15.114984279439675, -0.11567796582148926
15.114984279439675, -0.13313235401806622
15.114984279439675, -0.1505867422146432
15.169680217145434, -0.17434410392665
15.169680217145434, -0.19519240093922718
15.169680217145434, -0.21167710090266212
15.2243761548512, -0.25919182432667665
15.2243761548512, -0.2766462125232536
15.235315342392354, -0.23630718202449863
15.306420061409838, -0.29652482130268876
15.333768030262718, -0.28052496545582617
15.361115999115604, -0.2514343184615315
15.361115999115604, -0.2688887066581085
15.388463967968484, -0.21216194501923358
15.388463967968484, -0.23204055379866872
15.415811936821363, -0.1903439597735126
15.443159905674243, -0.0812540335449059
15.443159905674243, -0.10210233055748397
15.443159905674243, -0.11955671875406093
15.443159905674243, -0.1370111069506379
15.443159905674243, -0.15446549514721486
15.443159905674243, -0.1709501951106498
15.470507874527122, -0.05943604829918492
15.497855843380009, -0.026466648372316826
15.497855843380009, -0.041981660102607954
15.508795030921164, -0.0035820060701396983
15.552551781085768, 0.05498716321170871
15.552551781085768, 0.03753277501513175
15.552551781085768, 0.02201776328484062
15.552551781085768, 0.09183531607114848
15.566225765512208, 0.07583546022428589
15.607247718791534, 0.1073503278014396
15.618186906332689, 0.12907134422384647
15.661943656497293, 0.173289127655174
15.675617640923733, 0.1529256747591674
15.730313578629499, 0.192925314376323
15.785009516335258, 0.20819790404832794
15.853379438467464, 0.22274322754547526
15.917191365790849, 0.20044039818318282
15.935423345026102, 0.1791072570540333
15.935423345026102, 0.16165286885745633
15.935423345026102, 0.1485620777100234
15.935423345026102, 0.08892625137171883
15.990119282731868, 0.13062284539687585
15.990119282731868, 0.11316845720029889
15.990119282731868, 0.09571406900372192
16.017467251584748, 0.07438092787457151
16.017467251584748, -0.011436480758598044
16.044815220437627, 0.0530477867454211
16.044815220437627, 0.035593398548844135
16.044815220437627, 0.01813901035226717
16.044815220437627, 0.0006846221556902066
16.099511158143386, -0.033254466004319916
16.099511158143386, -0.05361791890032652
16.099511158143386, -0.07107230709690349
16.099511158143386, -0.08852669529347956
16.099511158143386, -0.10598108349005653
16.135975116613892, -0.1311929775517786
16.154207095849152, -0.15252611868092902
16.154207095849152, -0.169980506877506
16.154207095849152, -0.18743489507408295
16.154207095849152, -0.20488928327065992
16.154207095849152, -0.22234367146723688
16.154207095849152, -0.23543446261466894
16.20890303355491, -0.2494949419952457
16.20890303355491, -0.26694933019182265
16.32923409650759, -0.2816885913355982
16.345642877819316, -0.2572524478603908
16.372990846672202, -0.24076774789695676
16.383930034213357, -0.21885279382792167
16.42768678437796, -0.1428292363494963
16.42768678437796, -0.16028362454607326
16.42768678437796, -0.17773801274265022
16.42768678437796, -0.19422271270608515
16.42768678437796, -0.10598108349005653
16.4413607688044, -0.12198093933691911
16.45503475323084, -0.0914357599929092
16.482382722083727, -0.04004228363632212
16.482382722083727, -0.05749667183289908
16.482382722083727, -0.07495106002947605
16.493321909624882, -0.016381890747628525
16.537078659789486, 0.04529028088027687
16.537078659789486, 0.027835892683699903
16.537078659789486, 0.010381504487122939
16.564426628642366, 0.06274466907685383
16.591774597495245, 0.11510783366658472
16.591774597495245, 0.09765344547000776
16.591774597495245, 0.0801990572734308
16.64647053520101, 0.15001661005973865
16.64647053520101, 0.1335319100963046
16.67381850405389, 0.16747099825631562
16.71484045733321, 0.18637991880260696
16.769536395038976, 0.2074706378734703
16.89260225487694, 0.21110696874775758
16.91995022372982, 0.19462226878432443
16.91995022372982, 0.17716788058774746
16.91995022372982, 0.16068318062431253
16.97464616143558, 0.1369258189123057
16.97464616143558, 0.11704721013287056
17.015668114714906, 0.016199633885981335
17.029342099141346, 0.09183531607114848
17.029342099141346, 0.07050217494199806
17.029342099141346, 0.0530477867454211
17.029342099141346, 0.035593398548844135
17.056690067994225, -0.0012547543105956294
17.070364052420665, -0.056526983599755276
17.084038036847105, -0.018709142507172594
17.084038036847105, -0.03616353070374956
17.111386005699984, -0.07107230709690349
17.111386005699984, -0.08852669529347956
17.13873397455287, -0.10598108349005653
17.13873397455287, -0.12343547168663349
17.13873397455287, -0.14088985988321046
17.13873397455287, -0.15834424807978742
17.13873397455287, -0.17579863627636438
17.13873397455287, -0.19325302447294135
17.16608194340575, -0.2107074126695183
17.17975592783219, -0.24997978611181715
17.19342991225863, -0.2301011773323811
17.248125849964396, -0.28634309485468545
17.261799834390835, -0.26597964195867885
17.357517725375914, -0.20488928327065992
17.357517725375914, -0.22234367146723688
17.357517725375914, -0.23979805966381385
17.357517725375914, -0.2747068360569678
17.3848656942288, -0.18743489507408295
17.3848656942288, -0.25579791551067554
17.41221366308168, -0.15640487161350158
17.41221366308168, -0.17191988334379182
17.41221366308168, -0.1176173422877751
17.42588764750812, -0.13652626283406644
17.46690960078744, -0.03179993365460465
17.46690960078744, -0.0516785424340398
17.46690960078744, -0.06913293063061676
17.46690960078744, -0.08658731882719373
17.48058358521388, -0.10598108349005653
17.521605538493205, 0.006502751554549491
17.521605538493205, -0.009012260175739861
17.53254472603436, 0.030163144443243972
17.576301476198964, 0.08795656313857503
17.576301476198964, 0.07050217494199806
17.576301476198964, 0.05498716321170871
17.576301476198964, 0.1267440924643024
17.589975460625404, 0.10783517191801106
17.641936601445884, 0.1418712289013353
17.68569335161049, 0.1665013100231718
17.69936733603693, 0.18637991880260696
17.754063273742695, 0.2074706378734703
17.87712913358066, 0.21401603344718723
17.90447710243354, 0.19656164525061026
17.90447710243354, 0.1791072570540333
17.959173040139298, 0.15777411592488289
17.959173040139298, 0.14031972772830592
17.959173040139298, 0.12286533953172896
18.013868977845064, 0.10347157486886616
18.013868977845064, 0.08601718667228919
18.013868977845064, 0.06856279847571223
18.013868977845064, 0.05110841027913526
18.013868977845064, 0.0336540220825583
18.05033293631557, 0.008442128020837103
18.068564915550823, -0.010951636642027474
18.068564915550823, -0.028406024838604438
18.068564915550823, -0.0458604130351814
18.068564915550823, -0.06331480123175837
18.068564915550823, -0.08076918942833533
18.068564915550823, -0.09289029234262447
18.095912884403702, -0.10889014818948617
18.109586868830142, -0.16270784512893233
18.12326085325659, -0.12537484815292022
18.12326085325659, -0.1428292363494963
18.159724811727095, -0.1835561421415095
18.177956790962348, -0.20294990680437408
18.177956790962348, -0.22040429500095104
18.177956790962348, -0.237858683197528
18.177956790962348, -0.24997978611181715
18.232652728668107, -0.28149465368897
18.246326713094554, -0.2630705772592492
18.342044604079632, -0.28052496545582617
18.352983791620787, -0.2316526785054105
18.36939257293251, -0.20488928327065992
18.36939257293251, -0.25579791551067554
18.396740541785398, -0.17191988334379182
18.396740541785398, -0.1893742715403688
18.396740541785398, -0.13507173048435206
18.410414526211838, -0.15107158633121376
18.451436479491157, -0.08852669529347956
18.451436479491157, -0.10598108349005653
18.451436479491157, -0.12149609522034766
18.462375667032312, -0.0652541776980442
18.478784448344037, -0.03907259540317831
18.506132417196923, 0.02977526914998574
18.506132417196923, 0.012320880953408775
18.506132417196923, -0.005133507243168189
18.506132417196923, -0.022587895439745154
18.517071604738078, 0.05343566203867933
18.560828354902682, 0.07728999257400115
18.574502339329122, 0.0961989131202925
18.61552429260844, 0.13110768951344642
18.61552429260844, 0.1165623660162991
18.642872261461328, 0.1529256747591674
18.681159417855362, 0.173289127655174
18.73585535556112, 0.20354340052924158
18.83430804343149, 0.21983416284604562
18.889003981137257, 0.20044039818318282
18.930025934416577, 0.13547128656259044
18.943699918843016, 0.17474366000488928
18.943699918843016, 0.1538953629923112
18.984721872122336, 0.07583546022428589
18.998395856548775, 0.11316845720029889
18.998395856548775, 0.09571406900372192
19.025743825401662, 0.05983560437742419
19.025743825401662, 0.042381216180847225
19.0394178098281, -0.06379964534832894
19.05309179425454, 0.025896516217414067
19.05309179425454, 0.008442128020837103
19.05309179425454, -0.009012260175739861
19.05309179425454, -0.026466648372316826
19.05309179425454, -0.04392103656889379
19.05309179425454, -0.14961705398149938
19.089555752725047, -0.084647942360907
19.1077877319603, -0.10792045995634325
19.1077877319603, -0.12537484815292022
19.1077877319603, -0.1428292363494963
19.135135700813187, -0.1641623774786467
19.148809685239627, -0.2368889949643842
19.162483669666067, -0.18161676567522367
19.162483669666067, -0.19907115387180063
19.162483669666067, -0.2165255420683776
19.217179607371826, -0.2514343184615315
19.217179607371826, -0.2688887066581085
19.27187554507759, -0.2882824713209713
19.32657148278335, -0.23252539791524018
19.363035441253857, -0.2572524478603908
19.381267420489117, -0.17579863627636438
19.381267420489117, -0.19325302447294135
19.381267420489117, -0.2107074126695183
19.381267420489117, -0.12925360108549278
19.39220660803027, -0.15252611868092902
19.408615389341996, -0.1176173422877751
19.435963358194876, -0.084647942360907
19.435963358194876, -0.10210233055748397
19.435963358194876, -0.22816180086609528
19.44690254573603, -0.06176330005872899
19.490659295900635, 0.016199633885981335
19.490659295900635, -0.0012547543105956294
19.490659295900635, -0.018709142507172594
19.490659295900635, -0.03519384247060575
19.51800726475352, 0.0336540220825583
19.5453552336064, 0.08601718667228919
19.5453552336064, 0.06856279847571223
19.5453552336064, 0.05207809851227907
19.57270320245928, 0.10347157486886616
19.60005117131216, 0.11801689836601348
19.60005117131216, 0.15583473945859705
19.6137251557386, 0.1369258189123057
19.654747109017926, 0.17183459530545964
19.72038223426484, 0.19714345819049583
19.81883492213521, 0.21837963049633125
19.884470047382123, 0.19656164525061026
19.928226797546735, 0.16601646590660035
19.928226797546735, 0.15147114240945303
19.969248750826054, 0.0961989131202925
19.982922735252494, 0.1325622218631617
19.982922735252494, 0.11510783366658472
19.982922735252494, 0.18492538645289258
20.03761867295826, 0.07438092787457151
20.03761867295826, 0.05692653967799455
20.03761867295826, 0.03947215148141758
20.03761867295826, 0.02201776328484062
20.03761867295826, 0.004563375088263655
20.03761867295826, -0.01289101310831331
20.03761867295826, -0.030345401304890274
20.06496664181114, -0.05070885420089688
20.09231461066402, -0.06913293063061676
20.09231461066402, -0.08658731882719373
20.09231461066402, -0.10404170702377069
20.09231461066402, -0.12149609522034766
20.09231461066402, -0.1379807951837817
20.147010548369785, -0.16028362454607326
20.147010548369785, -0.17773801274265022
20.147010548369785, -0.19519240093922718
20.147010548369785, -0.21167710090266212
20.201706486075544, -0.23204055379866872
20.201706486075544, -0.2494949419952457
20.201706486075544, -0.26694933019182265
20.256402423781303, -0.28779762720439983
20.33844633033995, -0.24852525376210188
20.33844633033995, -0.26597964195867885
20.365794299192828, -0.2165255420683776
20.365794299192828, -0.23301024203181075
20.376733486733983, -0.19325302447294135
20.393142268045715, -0.16707144217807635
20.420490236898594, -0.0982235776249123
20.420490236898594, -0.11567796582148926
20.420490236898594, -0.13313235401806622
20.420490236898594, -0.1505867422146432
20.43142942443975, -0.07456318473621781
20.475186174604353, -0.03228477777117611
20.475186174604353, -0.04779978950146724
20.475186174604353, 0.004563375088263655
20.488860159030793, -0.011436480758598044
20.502534143457233, 0.019108698585410977
20.52988211231012, 0.05110841027913526
20.52988211231012, 0.0336540220825583
20.540821299851274, 0.07438092787457151
20.584578050015878, 0.12238049541515839
20.584578050015878, 0.10153219840258032
20.639273987721644, 0.14516816889402318
20.6502131752628, 0.16747099825631562
20.707643909853843, 0.19437984672603825
20.76233984755961, 0.21401603344718723
20.868996926085842, 0.19074351585175098
20.885405707397567, 0.21692509814661687
20.912753676250453, 0.16514374649677066
20.967449613956212, 0.14225910419459353
20.967449613956212, 0.12480471599801657
20.967449613956212, 0.1073503278014396
20.967449613956212, 0.08989593960486264
20.967449613956212, 0.07244155140828568
20.994797582809092, 0.003108842738549278
21.02214555166198, 0.05110841027913526
21.02214555166198, 0.0336540220825583
21.02214555166198, 0.016199633885981335
21.076841489367737, -0.018709142507172594
21.076841489367737, -0.04004228363632212
21.076841489367737, -0.05749667183289908
21.076841489367737, -0.07495106002947605
21.076841489367737, -0.09240544822605301
21.076841489367737, -0.10985983642262998
21.076841489367737, -0.12634453638606313
21.131537427073496, -0.14670798928206974
21.131537427073496, -0.1641623774786467
21.131537427073496, -0.18161676567522367
21.158885395926383, -0.19907115387180063
21.172559380352823, -0.25434338316096117
21.186233364779262, -0.2165255420683776
21.186233364779262, -0.23397993026495456
21.24092930248502, -0.2688887066581085
21.24092930248502, -0.28537340662154165
21.268277271337908, -0.2994338860021184
21.322973209043667, -0.2514343184615315
21.350321177896546, -0.21846491853466343
21.350321177896546, -0.23397993026495456
21.350321177896546, -0.18161676567522367
21.350321177896546, -0.2688887066581085
21.350321177896546, -0.2834340301552558
21.363995162322986, -0.19761662152208626
21.405017115602313, -0.13313235401806622
21.405017115602313, -0.1505867422146432
21.405017115602313, -0.16804113041122015
21.415956303143467, -0.10947196112937174
21.432365084455192, -0.08270856589462117
21.45971305330807, -0.030345401304890274
21.45971305330807, -0.04779978950146724
21.45971305330807, -0.0652541776980442
21.48706102216095, -0.01289101310831331
21.51440899101383, 0.05692653967799455
21.51440899101383, 0.03947215148141758
21.51440899101383, 0.02201776328484062
21.528082975440277, 0.0016543103888340127
21.541756959866717, 0.07438092787457151
21.569104928719597, 0.10928970426772544
21.569104928719597, 0.09183531607114848
21.623800866425356, 0.16165286885745633
21.623800866425356, 0.14419848066087937
21.623800866425356, 0.1277137806974462
21.67849680413112, 0.1791072570540333
21.69217078855756, 0.19801617760032464
21.74686672626332, 0.21837963049633125
21.869932586101285, 0.21692509814661687
21.883606570527725, 0.17765272470431803
21.897280554954172, 0.19656164525061026
21.92462852380705, 0.10783517191801106
21.95197649265993, 0.15583473945859705
21.95197649265993, 0.13838035126202008
21.95197649265993, 0.12092596306544312
21.97932446151281, -0.02016367485688697
22.00667243036569, 0.08456265432257482
22.00667243036569, 0.06274466907685383
22.00667243036569, 0.04529028088027687
22.00667243036569, 0.027835892683699903
22.00667243036569, 0.010381504487122939
22.00667243036569, -0.007072883709454025
22.061368368071456, -0.041981660102607954
22.061368368071456, -0.06331480123175837
22.061368368071456, -0.08076918942833533
22.061368368071456, -0.09725388939176849
22.102390321350775, -0.15688971573007304
22.116064305777215, -0.11955671875406093
22.116064305777215, -0.1370111069506379
22.143412274630094, -0.17288957157693563
22.17076024348298, -0.1893742715403688
22.17076024348298, -0.20682865973694575
22.17076024348298, -0.22428304793352272
22.17076024348298, -0.24173743613009968
22.22545618118874, -0.28197949780554143
22.236395368729895, -0.2630705772592492
22.280152118894506, -0.29216122425354474
22.334848056600265, -0.24173743613009968
22.34578724414142, -0.21885279382792167
22.362196025453144, -0.26016151255981956
22.389543994306024, -0.15834424807978742
22.389543994306024, -0.17579863627636438
22.389543994306024, -0.19228333623979843
22.41689196315891, -0.12343547168663349
22.41689196315891, -0.14088985988321046
22.44423993201179, -0.07495106002947605
22.44423993201179, -0.09240544822605301
22.44423993201179, -0.10889014818948617
22.44423993201179, -0.03616353070374956
22.45791391643823, -0.0550724512500409
22.49893586971755, -0.009012260175739861
22.49893586971755, -0.025496960139174796
22.509875057258704, 0.013872382126437266
22.526283838570436, 0.03947215148141758
22.553631807423315, 0.07244155140828568
22.553631807423315, 0.05595685144485074
22.567305791849755, 0.09328984842086285
22.608327745129074, 0.12286533953172896
22.608327745129074, 0.10928970426772544
22.61926693267023, 0.14652573242042344
22.66302368283484, 0.1723194394220302
22.67669766726128, 0.19219804820146624
22.7177196205406, 0.2120766569809014
22.827111495952124, 0.22371291577861907
22.881807433657883, 0.2062585275820421
22.881807433657883, 0.18880413938546514
22.93650337136365, 0.16601646590660035
22.93650337136365, 0.15147114240945303
22.96385134021653, 0.13547128656259044
22.99119930906941, 0.11704721013287056
22.99119930906941, 0.0995928219362936
22.99119930906941, 0.08213843373971663
22.99119930906941, 0.06468404554313967
22.99119930906941, 0.0472296573465627
22.99119930906941, 0.02977526914998574
23.018547277922288, 0.010381504487122939
23.045895246775174, -0.009012260175739861
23.045895246775174, -0.026466648372316826
23.045895246775174, -0.04392103656889379
23.045895246775174, -0.061375424765470754
23.073243215628054, -0.07979950119519152
23.100591184480933, -0.09628420115862468
23.100591184480933, -0.11373858935520165
23.100591184480933, -0.1311929775517786
23.100591184480933, -0.14864736574835558
23.100591184480933, -0.1651320657117905
23.13705514295144, -0.1893742715403688
23.141613137760253, -0.22816180086609528
23.1552871221867, -0.20876803620323248
23.19630907546602, -0.2732523037072525
23.20998305989246, -0.24997978611181715
23.253739810057063, -0.2933248501333168
23.330314122845138, -0.2316526785054105
23.346722904156863, -0.2572524478603908
23.346722904156863, -0.2747068360569678
23.374070873009742, -0.20682865973694575
23.374070873009742, -0.169980506877506
23.387744857436182, -0.1859803627243677
23.42876681071551, -0.10598108349005653
23.42876681071551, -0.12343547168663349
23.42876681071551, -0.14088985988321046
23.42876681071551, -0.1573745598466445
23.439705998256663, -0.08270856589462117
23.483462748421267, -0.01725461015745733
23.483462748421267, -0.038102907170035394
23.483462748421267, -0.05555729536661236
23.538158686127034, 0.05498716321170871
23.538158686127034, 0.03753277501513175
23.538158686127034, 0.020078386818554783
23.538158686127034, 0.004563375088263655
23.549097873668188, 0.07787180551388673
23.565506654979913, 0.10347157486886616
23.592854623832793, 0.11898658659915728
23.592854623832793, 0.15583473945859705
23.606528608259232, 0.13983488361173535
23.658489749079706, 0.173289127655174
23.713185686785472, 0.2052888393488983
23.811638374655843, 0.22953104517747835
23.8663343123616, 0.20936152992809998
23.89368228121448, 0.1369258189123057
23.921030250067368, 0.18492538645289258
23.921030250067368, 0.16747099825631562
23.921030250067368, 0.15001661005973865
23.975726187773127, 0.1165623660162991
23.975726187773127, 0.09571406900372192
23.975726187773127, 0.07922936904028699
23.975726187773127, -0.02743633660546063
24.030422125478886, 0.05256294262885053
24.030422125478886, 0.03171464561627246
24.030422125478886, 0.014260257419695499
24.030422125478886, -0.0031941307768814653
24.030422125478886, -0.02064851897345843
24.057770094331772, -0.041981660102607954
24.08511806318465, -0.05943604829918492
24.08511806318465, -0.07689043649576188
24.08511806318465, -0.09434482469233885
24.08511806318465, -0.110829524655772
24.11246603203753, -0.12925360108549278
24.12614001646397, -0.20343475092094465
24.13981400089041, -0.14864736574835558
24.13981400089041, -0.16610175394493254
24.13981400089041, -0.1835561421415095
24.180835954169737, -0.2587069802101052
24.194509938596177, -0.22234367146723688
24.194509938596177, -0.23979805966381385
24.194509938596177, -0.30670654775069206
24.221857907449056, -0.2950702889529735
24.262879860728376, -0.2776159007563965
24.33124978286058, -0.25434338316096117
24.35859775171346, -0.20488928327065992
24.35859775171346, -0.22234367146723688
24.35859775171346, -0.23882837143067004
24.35859775171346, -0.27179777135753813
24.369536939254616, -0.18161676567522367
24.413293689419227, -0.13895048341692462
24.413293689419227, -0.15446549514721486
24.42423287696038, -0.11529009052823103
24.467989627124986, -0.05361791890032652
24.467989627124986, -0.07107230709690349
24.467989627124986, -0.08755700706033664
24.495337595977865, -0.03616353070374956
24.522685564830745, 0.0336540220825583
24.522685564830745, 0.016199633885981335
24.522685564830745, -0.0012547543105956294
24.522685564830745, -0.018709142507172594
24.55003353368363, 0.06856279847571223
24.55003353368363, 0.05110841027913526
24.57738150253651, 0.0995928219362936
24.57738150253651, 0.08310812197285955
24.59105548696295, 0.11947143071572874
24.63207744024227, 0.15438020710888267
24.63207744024227, 0.13983488361173535
24.686773377948036, 0.17716788058774746
24.69771256548919, 0.19888889701015433
24.79616525335956, 0.22419775989519053
24.861800378606475, 0.2000525228899246
24.90555712877108, 0.2256522922449049
24.919231113197526, 0.17474366000488928
24.946579082050405, 0.11365330131686946
24.960253066476845, 0.15001661005973865
24.960253066476845, 0.1325622218631617
24.960253066476845, 0.20237977464946955
25.014949004182604, 0.09183531607114848
25.014949004182604, 0.07438092787457151
25.014949004182604, 0.05692653967799455
25.014949004182604, 0.03947215148141758
25.014949004182604, 0.02201776328484062
25.014949004182604, 0.004563375088263655
25.06964494188837, -0.018709142507172594
25.06964494188837, -0.03616353070374956
25.06964494188837, -0.05361791890032652
25.06964494188837, -0.07107230709690349
25.11066689516769, -0.18307129802493805
25.12434087959413, -0.09434482469233885
25.12434087959413, -0.11179921288891581
25.12434087959413, -0.12925360108549278
25.12434087959413, -0.14670798928206974
25.12434087959413, -0.1641623774786467
25.179036817299895, -0.20488928327065992
25.179036817299895, -0.22234367146723688
25.179036817299895, -0.23979805966381385
25.233732755005654, -0.27858558898954033
25.233732755005654, -0.29216122425354474
25.247406739432094, -0.2572524478603908
25.34312463041718, -0.2688887066581085
25.34312463041718, -0.2834340301552558
25.354063817958334, -0.2258345491065512
25.37047259927006, -0.19907115387180063
25.37047259927006, -0.2514343184615315
25.39782056812294, -0.16804113041122015
25.39782056812294, -0.1845258303746533
25.39782056812294, -0.12925360108549278
25.411494552549378, -0.148162521631785
25.452516505828704, -0.08270856589462117
25.452516505828704, -0.10016295409119813
25.452516505828704, -0.1176173422877751
25.452516505828704, -0.03616353070374956
25.46345569336986, -0.05943604829918492
25.507212443534463, 0.014745101536266958
25.507212443534463, -0.005133507243168189
25.507212443534463, -0.021618207206601348
25.534560412387343, 0.03656308678198794
25.56190838124023, 0.06856279847571223
25.56190838124023, 0.05110841027913526
25.572847568781384, 0.09183531607114848
25.61660431894599, 0.11898658659915728
25.627543506487143, 0.14070760302156415
25.671300256651755, 0.18492538645289258
25.684974241078194, 0.16456193355688598
25.739670178783953, 0.20456157317404156
25.794366116489712, 0.2212886951957609
25.890084007474798, 0.13547128656259044
25.917431976327677, 0.21401603344718723
25.917431976327677, 0.19656164525061026
25.944779945180564, 0.17716788058774746
25.944779945180564, 0.1597134923911705
25.944779945180564, 0.14225910419459353
25.999475882886323, 0.11898658659915728
25.999475882886323, 0.10153219840258032
25.999475882886323, 0.08407781020600336
25.999475882886323, 0.06759311024256931
26.026823851739202, 0.04819934557970651
26.040497836165642, -0.025981804255746255
26.05417182059209, 0.027835892683699903
26.05417182059209, 0.010381504487122939
26.05417182059209, -0.007072883709454025
26.081519789444968, -0.044890724802037596
26.108867758297848, -0.061375424765470754
26.108867758297848, -0.07882981296204772
26.108867758297848, -0.09628420115862468
26.108867758297848, -0.11373858935520165
26.108867758297848, -0.13022328931863658
26.145331716768354, -0.15446549514721486
26.163563696003607, -0.17385925981007855
26.163563696003607, -0.1913136480066555
26.163563696003607, -0.20876803620323248
26.163563696003607, -0.22622242439980944
26.163563696003607, -0.2436768125963864
26.229198821250527, -0.2665614548985644
26.27295557141513, -0.28537340662154165
26.327651509120898, -0.24125259201352822
26.364115467591404, -0.26597964195867885
26.382347446826657, -0.1801622333255093
26.382347446826657, -0.20101053033808647
26.382347446826657, -0.21846491853466343
26.409695415679536, -0.15834424807978742
26.437043384532423, -0.1428292363494963
26.437043384532423, -0.23397993026495456
26.447982572073578, -0.11994459404731916
26.464391353385302, -0.07689043649576188
26.464391353385302, -0.09434482469233885
26.491739322238182, -0.010951636642027474
26.491739322238182, -0.028406024838604438
26.491739322238182, -0.0458604130351814
26.491739322238182, -0.06331480123175837
26.491739322238182, 0.027835892683699903
26.50541330666462, 0.008926972137407674
26.51908729109106, 0.03947215148141758
26.54643525994394, 0.05498716321170871
26.557374447485095, 0.07787180551388673
26.601131197649707, 0.11704721013287056
26.601131197649707, 0.10153219840258032
26.601131197649707, 0.15583473945859705
26.614805182076147, 0.1369258189123057
26.66676632289662, 0.1715436888355164
26.72419705748767, 0.19365258055118062
26.77889299519343, 0.21110696874775758
26.819914948472757, 0.22953104517747835
26.915632839457835, 0.16456193355688598
26.929306823884282, 0.20383430699918392
26.929306823884282, 0.18298600998660586
26.98400276159004, 0.14225910419459353
26.98400276159004, 0.12480471599801657
26.98400276159004, 0.10832001603458163
27.01135073044292, 0.003108842738549278
27.0386986992958, 0.08601718667228919
27.0386986992958, 0.06856279847571223
27.0386986992958, 0.05110841027913526
27.0386986992958, 0.0336540220825583
27.0386986992958, 0.016199633885981335
27.079720652575126, -0.05943604829918492
27.093394637001566, -0.018709142507172594
27.093394637001566, -0.04004228363632212
27.120742605854446, -0.07689043649576188
27.120742605854446, -0.19761662152208626
27.148090574707325, -0.0982235776249123
27.148090574707325, -0.11567796582148926
27.148090574707325, -0.13313235401806622
27.148090574707325, -0.1505867422146432
27.148090574707325, -0.16804113041122015
27.148090574707325, -0.18549551860779712
27.18455453317783, -0.21846491853466343
27.20278651241309, -0.23979805966381385
27.20278651241309, -0.2572524478603908
27.25748245011885, -0.28197949780554143
27.312178387824616, -0.29797935365240313
27.339526356677496, -0.26597964195867885
27.366874325530375, -0.23204055379866872
27.366874325530375, -0.2494949419952457
27.366874325530375, -0.2834340301552558
27.37781351307153, -0.20838016090997424
27.394222294383255, -0.18161676567522367
27.421570263236134, -0.16804113041122015
27.421570263236134, -0.12925360108549278
27.43524424766258, -0.148162521631785
27.4762662009419, -0.06719355416433004
27.4762662009419, -0.084647942360907
27.4762662009419, -0.10210233055748397
27.4762662009419, -0.1185870305209189
27.487205388483055, -0.04430891186215202
27.50361416979478, -0.018709142507172594
27.53096213864766, 0.05110841027913526
27.53096213864766, 0.0336540220825583
27.53096213864766, 0.016199633885981335
27.53096213864766, -0.0002850660774518232
27.558310107500546, 0.06856279847571223
27.585658076353425, 0.08407781020600336
27.585658076353425, 0.12092596306544312
27.599332060779865, 0.10492610721858142
27.640354014059184, 0.13450159832944752
27.65129320160034, 0.15583473945859705
27.705989139306105, 0.18376176057312055
27.760685077011864, 0.21401603344718723
27.87007695242339, 0.19656164525061026
27.886485733735114, 0.22274322754547526
27.913833702587993, 0.17522850412145985
27.96852964029376, 0.12965315716373205
27.96852964029376, 0.19656164525061026
27.979468827834914, 0.15234386181928272
28.00955159357308, 0.05110841027913526
28.02322557799952, 0.08795656313857503
28.02322557799952, 0.07050217494199806
28.03689956242596, 0.10783517191801106
28.050573546852398, 0.0336540220825583
28.050573546852398, 0.016199633885981335
28.077921515705285, 0.0006846221556902066
28.077921515705285, -0.016769766040886758
28.077921515705285, -0.034224154237462834
28.077921515705285, -0.0516785424340398
28.077921515705285, -0.06913293063061676
28.077921515705285, -0.0812540335449059
28.132617453411044, -0.10016295409119813
28.132617453411044, -0.1176173422877751
28.132617453411044, -0.13507173048435206
28.132617453411044, -0.15252611868092902
28.159965422263923, -0.17288957157693563
28.187313391116803, -0.1893742715403688
28.187313391116803, -0.20682865973694575
28.187313391116803, -0.22428304793352272
28.187313391116803, -0.24173743613009968
28.21466135996969, -0.2834340301552558
28.252948516363723, -0.2653978290187933
28.324053235381214, -0.29216122425354474
28.36234039177525, -0.23979805966381385
28.378749173086973, -0.26452510960896447
28.406097141939853, -0.1971317774055148
28.406097141939853, -0.21458616560209176
28.417036329481007, -0.17347138451682032
28.46079307964562, -0.09434482469233885
28.46079307964562, -0.11179921288891581
28.46079307964562, -0.12925360108549278
28.46079307964562, -0.14573830104892593
28.4881410484985, -0.05943604829918492
28.4881410484985, -0.07689043649576188
28.515489017351378, 0.008442128020837103
28.515489017351378, -0.009012260175739861
28.515489017351378, -0.026466648372316826
28.515489017351378, -0.04392103656889379
28.515489017351378, 0.04529028088027687
28.529163001777817, 0.02929042503341428
28.570184955057144, 0.057896227911138354
28.5811241425983, 0.0801990572734308
28.624880892762903, 0.12092596306544312
28.624880892762903, 0.10541095133515199
28.635820080304057, 0.14419848066087937
28.690516018009816, 0.1738709405950596
28.745211955715583, 0.20121614876969662
28.854603831127108, 0.21750691108650155
28.91203456571815, 0.192925314376323
28.953056518997478, 0.17134975118888818
28.953056518997478, 0.1538953629923112
28.953056518997478, 0.13644097479573425
28.953056518997478, 0.06565373377628347
29.007752456703237, 0.11074423661743982
29.007752456703237, 0.08989593960486264
29.007752456703237, 0.07244155140828568
29.062448394408996, 0.0472296573465627
29.062448394408996, 0.02977526914998574
29.062448394408996, 0.012320880953408775
29.062448394408996, -0.005133507243168189
29.062448394408996, -0.022587895439745154
29.062448394408996, -0.04004228363632212
29.089796363261883, -0.05943604829918492
29.117144332114762, -0.07689043649576188
29.117144332114762, -0.09434482469233885
29.117144332114762, -0.11179921288891581
29.117144332114762, -0.12489000403634876
29.14449230096764, -0.14088985988321046
29.17184026982052, -0.15640487161350158
29.17184026982052, -0.17385925981007855
29.17184026982052, -0.1913136480066555
29.17184026982052, -0.20876803620323248
29.17184026982052, -0.22088913911752162
29.212862223099847, -0.2572524478603908
29.226536207526287, -0.237858683197528
29.267558160805606, -0.2776159007563965
29.324988895396658, -0.2944884760130888
29.36327605179069, -0.2630705772592492
29.39062402064357, -0.18888942742379733
29.39062402064357, -0.20876803620323248
29.39062402064357, -0.22622242439980944
29.40429800507001, -0.24561618906267224
29.41797198949645, -0.16707144217807635
29.44531995834933, -0.09289029234262447
29.44531995834933, -0.11373858935520165
29.44531995834933, -0.1311929775517786
29.44531995834933, -0.14864736574835558
29.500015896055096, -0.03616353070374956
29.500015896055096, -0.05361791890032652
29.500015896055096, -0.07010261886375968
29.500015896055096, 0.010381504487122939
29.51095508359625, -0.01289101310831331
29.554711833760855, 0.03947215148141758
29.554711833760855, 0.022987451517984425
29.56565102130201, 0.06274466907685383
29.60940777146662, 0.11947143071572874
29.60940777146662, 0.0995928219362936
29.60940777146662, 0.08747171902200446
29.6367557403195, 0.14128941596144973
29.675042896713535, 0.1604892429776843
29.7297388344193, 0.19074351585175098
29.787169569010345, 0.21692509814661687
29.88288745999543, 0.19801617760032464
29.91023542884831, 0.21983416284604562
29.948522585242344, 0.173289127655174
29.992279335406955, 0.14128941596144973
29.992279335406955, 0.12092596306544312
29.992279335406955, 0.10347157486886616
29.992279335406955, 0.08601718667228919
30.033301288686275, 0.02201776328484062
30.046975273112714, 0.06129013672713857
30.046975273112714, 0.04141152794770342
30.08343923158322, 0.0006846221556902066
30.10167121081848, -0.022587895439745154
30.10167121081848, -0.04004228363632212
30.10167121081848, -0.05749667183289908
30.10167121081848, -0.07495106002947605
30.10167121081848, -0.09240544822605301
30.10167121081848, -0.10985983642262998
30.10167121081848, -0.12731422461920694
30.12901917967136, -0.14670798928206974
30.15636714852424, -0.16610175394493254
30.15636714852424, -0.1835561421415095
30.15636714852424, -0.20101053033808647
30.18371511737712, -0.2528888508112459
30.211063086230006, -0.22234367146723688
30.211063086230006, -0.23979805966381385
30.27669821147692, -0.2723795842974237
30.320454961641524, -0.29216122425354474
30.37515089934729, -0.22961633321581054
30.37515089934729, -0.2494949419952457
30.37515089934729, -0.2747068360569678
30.40249886820017, -0.20779834797008956
30.42984683705305, -0.14088985988321046
30.42984683705305, -0.15834424807978742
30.42984683705305, -0.17579863627636438
30.42984683705305, -0.1913136480066555
30.42984683705305, -0.26016151255981956
30.440786024594203, -0.1176173422877751
30.457194805905935, -0.0914357599929092
30.484542774758815, -0.07689043649576188
30.49548196229997, -0.05361791890032652
30.511890743611694, -0.02743633660546063
30.539238712464574, 0.046744813229991244
30.539238712464574, 0.025896516217414067
30.539238712464574, 0.008442128020837103
30.552912696891013, -0.011436480758598044
30.59393465017034, 0.0903807837214341
30.59393465017034, 0.07050217494199806
30.62128261902322, 0.11219876896715508
30.6486305878761, 0.1277137806974462
30.659569775417253, 0.15001661005973865
30.71426571312302, 0.17968906999391887
30.76896165082878, 0.210525155807872
30.878353526240303, 0.19307076761129505
30.89476230755203, 0.21983416284604562
30.976806214110674, 0.16892553060603
30.976806214110674, 0.14807723359345282
30.976806214110674, 0.13062284539687585
30.976806214110674, 0.11316845720029889
30.976806214110674, 0.19656164525061026
31.017828167389993, 0.049653877929420887
31.031502151816433, 0.08892625137171883
31.031502151816433, 0.06856279847571223
31.0861980895222, 0.02492682798427026
31.0861980895222, 0.004563375088263655
31.0861980895222, -0.01289101310831331
31.0861980895222, -0.030345401304890274
31.0861980895222, -0.04779978950146724
31.0861980895222, -0.0652541776980442
31.0861980895222, -0.08270856589462117
31.122662047992705, -0.10792045995634325
31.127220042801518, -0.18161676567522367
31.140894027227958, -0.12731422461920694
31.140894027227958, -0.1447686128157839
31.140894027227958, -0.16222300101236087
31.195589964933717, -0.20488928327065992
31.195589964933717, -0.22622242439980944
31.195589964933717, -0.2436768125963864
31.250285902639483, -0.2630705772592492
31.250285902639483, -0.27955527722268325
31.341445798815748, -0.29216122425354474
31.359677778051008, -0.2267072685163809
31.359677778051008, -0.2688887066581085
31.373351762477448, -0.24997978611181715
31.414373715756767, -0.169980506877506
31.414373715756767, -0.18743489507408295
31.414373715756767, -0.2039195950375161
31.414373715756767, -0.12343547168663349
31.42531290329792, -0.14670798928206974
31.469069653462533, -0.09434482469233885
31.469069653462533, -0.110829524655772
31.469069653462533, -0.04779978950146724
31.480008841003688, -0.07107230709690349
31.523765591168292, 0.020563230935126242
31.523765591168292, 0.0006846221556902066
31.523765591168292, -0.016769766040886758
31.537439575594732, -0.03616353070374956
31.55111356002117, 0.042381216180847225
31.57846152887405, 0.08165358962314517
31.592135513300498, 0.058381072027708925
31.633157466579817, 0.11898658659915728
31.633157466579817, 0.10347157486886616
31.644096654120972, 0.1418712289013353
31.687853404285576, 0.16747099825631562
31.701527388712016, 0.18637991880260696
31.742549341991342, 0.2062585275820421
31.865615201829307, 0.21837963049633125
31.892963170682187, 0.19656164525061026
31.961333092814385, 0.17474366000488928
31.961333092814385, 0.1538953629923112
31.961333092814385, 0.13741066302887628
32.01602903052015, 0.11074423661743982
32.01602903052015, 0.08989593960486264
32.01602903052015, 0.07244155140828568
32.01602903052015, 0.05498716321170871
32.01602903052015, 0.03753277501513175
32.01602903052015, 0.020078386818554783
32.07072496822591, -0.0031941307768814653
32.07072496822591, -0.02064851897345843
32.07072496822591, -0.038102907170035394
32.07072496822591, -0.05458760713346944
32.11174692150524, -0.1641623774786467
32.125420905931676, -0.07495106002947605
32.125420905931676, -0.09240544822605301
32.125420905931676, -0.10985983642262998
32.125420905931676, -0.12731422461920694
32.125420905931676, -0.1447686128157839
32.166442859210996, -0.22234367146723688
32.180116843637435, -0.18549551860779712
32.180116843637435, -0.20294990680437408
32.22113879691676, -0.2747068360569678
32.2348127813432, -0.237858683197528
32.2348127813432, -0.255313071394105
32.31685668790184, -0.2848885625049711
32.34420465675473, -0.19907115387180063
32.34420465675473, -0.2688887066581085
32.357878641181166, -0.21798007441809197
32.371552625607606, -0.23979805966381385
32.371552625607606, -0.2572524478603908
32.398900594460486, -0.17191988334379182
32.398900594460486, -0.18840458330722587
32.40983978200164, -0.1490352410416138
32.453596532166245, -0.05361791890032652
32.453596532166245, -0.07107230709690349
32.453596532166245, -0.08852669529347956
32.453596532166245, -0.10598108349005653
32.453596532166245, -0.12246578345349057
32.48094450101913, -0.03616353070374956
32.50829246987201, 0.016199633885981335
32.50829246987201, -0.0012547543105956294
32.50829246987201, -0.017739454274028787
32.53564043872489, 0.0336540220825583
32.56298840757777, 0.04819934557970651
32.56298840757777, 0.08601718667228919
32.57666239200421, 0.06710826612599785
32.617684345283536, 0.09571406900372192
32.62862353282469, 0.11859871130589905
32.672380282989295, 0.1791072570540333
32.672380282989295, 0.16165286885745633
32.672380282989295, 0.14516816889402318
32.72707622069506, 0.19656164525061026
32.78177215840082, 0.21401603344718723
32.891164033812345, 0.21401603344718723
32.904838018238785, 0.19874344377518227
32.945859971518104, 0.17716788058774746
32.945859971518104, 0.16068318062431253
32.98688192479743, 0.06129013672713857
33.00055590922387, 0.13547128656259044
33.00055590922387, 0.11510783366658472
33.00055590922387, 0.09765344547000776
33.00055590922387, 0.0801990572734308
33.037019867694376, 0.03753277501513175
33.05525184692963, 0.01813901035226717
33.05525184692963, 0.0006846221556902066
33.05525184692963, -0.016769766040886758
33.05525184692963, -0.034224154237462834
33.109947784635395, -0.05798151594947054
33.109947784635395, -0.07882981296204772
33.109947784635395, -0.09628420115862468
33.109947784635395, -0.11373858935520165
33.109947784635395, -0.1311929775517786
33.1464117431059, -0.15446549514721486
33.164643722341154, -0.17773801274265022
33.164643722341154, -0.19519240093922718
33.164643722341154, -0.21264678913580415
33.21933966004691, -0.23397993026495456
33.21933966004691, -0.2514343184615315
33.21933966004691, -0.2679190184249647
33.27403559775268, -0.2834340301552558
33.32873153545844, -0.2165255420683776
33.356079504311325, -0.23397993026495456
33.356079504311325, -0.2514343184615315
33.356079504311325, -0.2688887066581085
33.383427473164204, -0.1835561421415095
33.383427473164204, -0.20101053033808647
33.383427473164204, -0.14670798928206974
33.383427473164204, -0.2834340301552558
33.397101457590644, -0.16270784512893233
33.43812341086996, -0.1176173422877751
33.43812341086996, -0.13410204225120825
33.43812341086996, -0.21943460676780724
33.44906259841112, -0.09434482469233885
33.46547137972284, -0.06816324239747384
33.49281934857573, 0.006017907437978032
33.49281934857573, -0.014830389574599145
33.49281934857573, -0.03228477777117611
33.49281934857573, -0.049739165967753074
33.54751528628149, 0.04529028088027687
33.54751528628149, 0.02880558091684282
33.54751528628149, 0.09183531607114848
33.55845447382264, 0.06856279847571223
33.602211223987254, 0.10347157486886616
33.61315041152841, 0.1267440924643024
33.65690716169301, 0.147107545360309
33.66784634923417, 0.16514374649677066
33.72527708382521, 0.192925314376323
33.77997302153098, 0.21256150109747196
33.90303888136894, 0.21692509814661687
33.90303888136894, 0.1994707099500399
33.93038685022182, 0.18298600998660586
33.93038685022182, 0.1655316217900289
33.93038685022182, 0.14807723359345282
33.98508278792759, 0.12383502776487276
33.98508278792759, 0.10347157486886616
33.98508278792759, 0.0903807837214341
34.01243075678047, 0.07438092787457151
34.02610474120691, -0.014345545458027686
34.03977872563335, 0.05692653967799455
34.03977872563335, 0.03947215148141758
34.03977872563335, 0.02201776328484062
34.03977872563335, 0.004563375088263655
34.094474663339106, -0.04052712775289358
34.094474663339106, -0.061375424765470754
34.094474663339106, -0.07882981296204772
34.094474663339106, -0.09628420115862468
34.12182263219199, -0.1176173422877751
34.13549661661843, -0.1903439597735126
34.14917060104487, -0.13507173048435206
34.14917060104487, -0.15252611868092902
34.14917060104487, -0.169980506877506
34.17651856989775, -0.20488928327065992
34.20386653875063, -0.22234367146723688
34.20386653875063, -0.23979805966381385
34.20386653875063, -0.256282759627247
34.23121450760352, -0.2907066919038295
34.27223646088284, -0.2754341022318245
34.340606383015036, -0.25434338316096117
34.36795435186792, -0.20294990680437408
34.36795435186792, -0.22040429500095104
34.36795435186792, -0.237858683197528
34.36795435186792, -0.27179777135753813
34.37889353940908, -0.1792895139156796
34.3953023207208, -0.15252611868092902
34.42265028957368, -0.13895048341692462
34.42265028957368, -0.10016295409119813
34.43632427400012, -0.11907187463748947
34.47734622727944, -0.014345545458027686
34.47734622727944, -0.034224154237462834
34.47734622727944, -0.0516785424340398
34.47734622727944, -0.06913293063061676
34.47734622727944, -0.08658731882719373
34.53204216498521, 0.046744813229991244
34.53204216498521, 0.025896516217414067
34.53204216498521, 0.009411816253979133
34.586738102690965, 0.10347157486886616
34.586738102690965, 0.08601718667228919
34.586738102690965, 0.06953248670885603
34.586738102690965, 0.15001661005973865
34.59767729023212, 0.1267440924643024
34.652373227937886, 0.16514374649677066
34.70980396252893, 0.192925314376323
34.764499900234696, 0.20819790404832794
34.832869822366895, 0.22274322754547526
34.91491372892554, 0.19801617760032464
34.91491372892554, 0.17716788058774746
34.91491372892554, 0.1597134923911705
34.9696096666313, 0.13838035126202008
34.9696096666313, 0.12092596306544312
34.9696096666313, 0.10444126310200996
35.010631619910626, 0.013290569186552581
35.024305604337066, 0.08601718667228919
35.024305604337066, 0.06856279847571223
35.024305604337066, 0.05110841027913526
35.024305604337066, 0.0336540220825583
35.051653573189945, -0.0012547543105956294
35.051653573189945, -0.06961777474718822
35.079001542042825, -0.022587895439745154
35.079001542042825, -0.04004228363632212
35.079001542042825, -0.05749667183289908
35.12002349532215, -0.1845258303746533
35.13369747974859, -0.09289029234262447
35.13369747974859, -0.11373858935520165
35.13369747974859, -0.1311929775517786
35.13369747974859, -0.14864736574835558
35.13369747974859, -0.16610175394493254
35.18839341745435, -0.20682865973694575
35.18839341745435, -0.22428304793352272
35.18839341745435, -0.24076774789695676
35.22941537073367, -0.28197949780554143
35.243089355160116, -0.29797935365240313
35.256763339586556, -0.26016151255981956
35.352481230571634, -0.237858683197528
35.352481230571634, -0.2747068360569678
35.36342041811279, -0.21419829030883353
35.37982919942452, -0.18743489507408295
35.37982919942452, -0.25434338316096117
35.4071771682774, -0.15640487161350158
35.4071771682774, -0.17288957157693563
35.4071771682774, -0.1176173422877751
35.42085115270384, -0.13652626283406644
35.46187310598316, -0.07301168356318932
35.46187310598316, -0.09046607175976629
35.46187310598316, -0.10598108349005653
35.47281229352431, -0.05012704126101131
35.489221074836045, -0.02452727190603099
35.516569043688925, 0.008442128020837103
35.516569043688925, -0.007072883709454025
35.516569043688925, 0.04529028088027687
35.530243028115365, 0.02929042503341428
35.571264981394684, 0.09910797781972214
35.571264981394684, 0.07825968080714496
35.584938965821124, 0.058381072027708925
35.59861295024756, 0.12092596306544312
35.62596091910045, 0.13838035126202008
35.636900106641605, 0.16165286885745633
35.69433084123265, 0.18856171732717897
35.749026778938415, 0.21110696874775758
35.87209263877638, 0.21692509814661687
35.89944060762926, 0.1985010217168961
35.89944060762926, 0.18201632175346294
35.95413654533502, 0.1597134923911705
35.95413654533502, 0.14225910419459353
35.95413654533502, 0.12480471599801657
35.95413654533502, 0.1073503278014396
35.95413654533502, 0.09086562783800467
35.9814845141879, 0.020563230935126242
36.008832483040784, 0.06856279847571223
36.008832483040784, 0.05110841027913526
36.008832483040784, 0.0336540220825583
36.06352842074654, -0.0012547543105956294
36.06352842074654, -0.022587895439745154
36.06352842074654, -0.04004228363632212
36.06352842074654, -0.056526983599755276
36.11822435845231, -0.07882981296204772
36.11822435845231, -0.09628420115862468
36.11822435845231, -0.11373858935520165
36.11822435845231, -0.1311929775517786
36.11822435845231, -0.14767767751521355
36.14557232730519, -0.16707144217807635
36.17292029615807, -0.18743489507408295
36.17292029615807, -0.20488928327065992
36.17292029615807, -0.22234367146723688
36.17292029615807, -0.23979805966381385
36.17292029615807, -0.2572524478603908
36.22761623386383, -0.2766462125232536
36.28231217156959, -0.2950702889529735
36.33700810927535, -0.2582221360935337
36.33700810927535, -0.22234367146723688
36.33700810927535, -0.2747068360569678
36.35068209370179, -0.23834352731409858
36.39170404698112, -0.17385925981007855
36.39170404698112, -0.1913136480066555
36.39170404698112, -0.20876803620323248
36.40264323452227, -0.15019886692138495
36.44639998468688, -0.10985983642262998
36.44639998468688, -0.12537484815292022
36.44639998468688, -0.07107230709690349
36.46007396911332, -0.08998122764319483
36.47374795353976, -0.05943604829918492
36.50109592239264, -0.007072883709454025
36.50109592239264, -0.02452727190603099
36.50109592239264, -0.041981660102607954
36.5120351099338, 0.016199633885981335
36.5557918600984, 0.07292639552485713
36.5557918600984, 0.0530477867454211
36.5557918600984, 0.04092668383113196
36.58313982895128, 0.09474438077057812
36.61048779780416, 0.1267440924643024
36.61048779780416, 0.11025939250086925
36.621426985345316, 0.15001661005973865
36.67612292305108, 0.18027088293380533
36.73081886075684, 0.2070342781685559
36.82927154862721, 0.22371291577861907
36.87029350190653, 0.20237977464946955
36.93866342403874, 0.18492538645289258
36.93866342403874, 0.16747099825631562
36.93866342403874, 0.15001661005973865
36.93866342403874, 0.1335319100963046
36.966011392891616, 0.11510783366658472
36.993359361744496, 0.09765344547000776
36.993359361744496, 0.0801990572734308
36.993359361744496, 0.06274466907685383
36.993359361744496, 0.04529028088027687
37.04805529945026, 0.023957139751126455
37.04805529945026, 0.006502751554549491
37.04805529945026, -0.010951636642027474
37.04805529945026, -0.028406024838604438
37.04805529945026, -0.0458604130351814
37.04805529945026, -0.1437989245826401
37.07540326830314, -0.0652541776980442
37.10275123715602, -0.084647942360907
37.10275123715602, -0.10210233055748397
37.10275123715602, -0.11955671875406093
37.10275123715602, -0.1370111069506379
37.13009920600891, -0.15834424807978742
37.15744717486179, -0.17579863627636438
37.15744717486179, -0.19325302447294135
37.15744717486179, -0.2107074126695183
37.15744717486179, -0.22719211263295236
37.198469128141106, -0.2688887066581085
37.225817096993985, -0.2470707214123875
37.26683905027331, -0.2840158430951414
37.26683905027331, -0.30670654775069206
37.34888295683195, -0.2514343184615315
37.37623092568484, -0.18161676567522367
37.37623092568484, -0.19907115387180063
37.37623092568484, -0.2165255420683776
37.37623092568484, -0.23397993026495456
37.37623092568484, -0.2688887066581085
37.403578894537716, -0.1641623774786467
37.430926863390596, -0.11179921288891581
37.430926863390596, -0.12925360108549278
37.430926863390596, -0.14573830104892593
37.458274832243475, -0.09434482469233885
37.485622801096355, -0.026466648372316826
37.485622801096355, -0.04392103656889379
37.485622801096355, -0.061375424765470754
37.485622801096355, -0.07786012472890569
37.485622801096355, 0.010381504487122939
37.499296785522795, -0.005618351359739648
37.51297076994924, 0.02492682798427026
37.54031873880212, 0.05692653967799455
37.54031873880212, 0.03947215148141758
37.551257926343276, 0.0801990572734308
37.59501467650788, 0.12819862481401678
37.59501467650788, 0.1073503278014396
37.649710614213646, 0.15001661005973865
37.6606498017548, 0.17096187589562994
37.718080536345845, 0.19583437907575263
37.77277647405161, 0.21692509814661687
37.86849436503669, 0.19437984672603825
37.895842333889576, 0.21692509814661687
37.923190302742455, 0.1655316217900289
37.977886240448214, 0.14031972772830592
37.977886240448214, 0.12286533953172896
37.977886240448214, 0.10541095133515199
37.977886240448214, 0.08795656313857503
37.977886240448214, 0.07050217494199806
38.0052342093011, 0.00019977803911963576
38.03258217815398, 0.0472296573465627
38.03258217815398, 0.02977526914998574
38.03258217815398, 0.012320880953408775
38.06904613662449, -0.02064851897345843
38.08727811585974, -0.04004228363632212
38.08727811585974, -0.05749667183289908
38.08727811585974, -0.07495106002947605
38.08727811585974, -0.09240544822605301
38.08727811585974, -0.10985983642262998
38.08727811585974, -0.12198093933691911
38.11462608471262, -0.18888942742379733
38.141974053565505, -0.14088985988321046
38.141974053565505, -0.15834424807978742
38.141974053565505, -0.17579863627636438
38.196669991271264, -0.2107074126695183
38.196669991271264, -0.23204055379866872
38.196669991271264, -0.2494949419952457
38.196669991271264, -0.26694933019182265
38.196669991271264, -0.3008884183518328
38.25136592897702, -0.28852489337925746
38.33340983553567, -0.2368889949643842
38.33340983553567, -0.25434338316096117
38.33340983553567, -0.27179777135753813
38.36075780438855, -0.19761662152208626
38.37443178881499, -0.22088913911752162
38.415453742094314, -0.13652626283406644
38.415453742094314, -0.15640487161350158
38.415453742094314, -0.17385925981007855
38.47014967980007, -0.08076918942833533
38.47014967980007, -0.0982235776249123
38.47014967980007, -0.11373858935520165
38.48108886734123, -0.05710879653964085
38.49749764865295, -0.030345401304890274
38.52484561750584, 0.05692653967799455
38.52484561750584, 0.03947215148141758
38.52484561750584, 0.02201776328484062
38.52484561750584, 0.004563375088263655
38.52484561750584, -0.01289101310831331
38.55219358635872, 0.07438092787457151
38.5795415552116, 0.08892625137171883
38.59321553963804, 0.10783517191801106
38.634237492917364, 0.16019833650774107
38.634237492917364, 0.14031972772830592
38.634237492917364, 0.12819862481401678
38.68893343062312, 0.18637991880260696
38.74362936832888, 0.21256150109747196
38.85302124374041, 0.22759166871119074
38.85302124374041, 0.1994707099500399
38.85302124374041, 0.21401603344718723
38.91865636898733, 0.1791072570540333
38.96241311915193, 0.12480471599801657
38.96241311915193, 0.1073503278014396
38.97335230669309, 0.14768935830019458
38.98976108800481, 0.08601718667228919
39.0171090568577, 0.06856279847571223
39.0171090568577, 0.05110841027913526
39.0171090568577, 0.0336540220825583
39.04445702571058, 0.016199633885981335
39.05813101013702, -0.07398137179633224
39.07180499456346, -0.0012547543105956294
39.07180499456346, -0.018709142507172594
39.07180499456346, -0.03616353070374956
39.07180499456346, -0.05361791890032652
39.09915296341634, -0.08852669529347956
39.09915296341634, -0.10598108349005653
39.12650093226922, -0.12343547168663349
39.12650093226922, -0.14088985988321046
39.12650093226922, -0.15834424807978742
39.18119686997498, -0.17967738920893783
39.18119686997498, -0.1971317774055148
39.18119686997498, -0.21458616560209176
39.18119686997498, -0.23204055379866872
39.18119686997498, -0.2494949419952457
39.18119686997498, -0.2950702889529735
39.23589280768074, -0.28731278308782926
39.24956679210718, -0.2674341743083941
39.34528468309227, -0.24561618906267224
39.34528468309227, -0.2630705772592492
39.34528468309227, -0.28052496545582617
39.35622387063342, -0.22234367146723688
39.39998062079803, -0.15688971573007304
39.39998062079803, -0.17773801274265022
39.39998062079803, -0.19519240093922718
39.42732858965091, -0.13507173048435206
39.45467655850379, -0.084647942360907
39.45467655850379, -0.10210233055748397
39.45467655850379, -0.1176173422877751
39.465615746044946, -0.06176330005872899
39.48202452735667, -0.03616353070374956
39.50937249620955, -0.005133507243168189
39.50937249620955, -0.022587895439745154
39.50937249620955, 0.0336540220825583
39.523046480636, 0.014745101536266958
39.53672046506244, 0.04529028088027687
39.56406843391532, 0.060805292610567996
39.57500762145647, 0.08368993491274512
39.591416402768196, 0.10928970426772544
39.618764371621076, 0.12286533953172896
39.618764371621076, 0.16165286885745633
39.632438356047516, 0.1427439483111641
39.684399496868, 0.1791072570540333
39.74183023145904, 0.2052888393488983
39.78285218473837, 0.22759166871119074
39.892244060149885, 0.20819790404832794
39.892244060149885, 0.19171320408489478
39.892244060149885, 0.2256522922449049
39.94693999785565, 0.173289127655174
39.94693999785565, 0.15583473945859705
39.97428796670853, 0.13838035126202008
39.98796195113497, 0.06419920142656821
40.00163593556141, 0.11898658659915728
40.00163593556141, 0.10153219840258032
40.00163593556141, 0.08407781020600336
40.0289839044143, 0.04819934557970651
40.056331873267176, 0.03171464561627246
40.056331873267176, 0.014260257419695499
40.056331873267176, -0.0031941307768814653
40.056331873267176, -0.01967883074031551
40.09279583173769, -0.04392103656889379
40.111027810972935, -0.0652541776980442
40.111027810972935, -0.08270856589462117
40.111027810972935, -0.10016295409119813
40.111027810972935, -0.1176173422877751
40.111027810972935, -0.13507173048435206
40.111027810972935, -0.15252611868092902
40.111027810972935, -0.16561690982836108
40.138375779825815, -0.18161676567522367
40.1657237486787, -0.19907115387180063
40.1657237486787, -0.2165255420683776
40.1657237486787, -0.22961633321581054
40.22041968638446, -0.26500995372553504
40.22041968638446, -0.282464341922112
40.2340936708109, -0.24416165671295786
40.275115624090226, -0.29216122425354474
40.357159530648865, -0.2368889949643842
40.357159530648865, -0.25434338316096117
40.357159530648865, -0.27179777135753813
40.384507499501744, -0.22040429500095104
40.384507499501744, -0.28634309485468545
40.3954466870429, -0.19674390211225656
40.43920343720751, -0.08270856589462117
40.43920343720751, -0.10016295409119813
40.43920343720751, -0.1176173422877751
40.43920343720751, -0.13507173048435206
40.43920343720751, -0.15252611868092902
40.43920343720751, -0.16901081864436218
40.46655140606039, -0.04779978950146724
40.46655140606039, -0.0652541776980442
40.49389937491327, -0.016769766040886758
40.49389937491327, -0.033254466004319916
40.49389937491327, 0.02201776328484062
40.50757335933971, 0.003108842738549278
40.548595312619035, 0.05110841027913526
40.548595312619035, 0.034623710315702105
40.548595312619035, 0.09765344547000776
40.55953450016019, 0.07438092787457151
40.603291250324794, 0.13110768951344642
40.603291250324794, 0.11122908073401128
40.65798718803056, 0.1538953629923112
40.668926375571715, 0.17561637941471808
40.72635711016276, 0.20456157317404156
40.781053047868525, 0.2212886951957609
40.90411890770649, 0.22274322754547526
40.90411890770649, 0.2052888393488983
40.93146687655937, 0.18880413938546514
40.93146687655937, 0.1723194394220302
40.98616281426513, 0.12480471599801657
40.98616281426513, 0.1073503278014396
40.98616281426513, 0.08989593960486264
40.99710200180628, 0.14768935830019458
41.040858751970895, 0.06856279847571223
41.040858751970895, 0.05110841027913526
41.040858751970895, 0.0336540220825583
41.068206720823774, 0.016199633885981335
41.09555468967665, -0.0012547543105956294
41.09555468967665, -0.018709142507172594
41.09555468967665, -0.03616353070374956
41.09555468967665, -0.05361791890032652
41.09555468967665, -0.07107230709690349
41.09555468967665, -0.08852669529347956
41.09555468967665, -0.10501139525691361
41.12290265852953, -0.12343547168663349
41.13657664295597, -0.19761662152208626
41.15025062738241, -0.1428292363494963
41.15025062738241, -0.16028362454607326
41.15025062738241, -0.17773801274265022
41.19127258066174, -0.2528888508112459
41.20494656508818, -0.2165255420683776
41.20494656508818, -0.23397993026495456
41.25964250279394, -0.28537340662154165
41.27331648722038, -0.2688887066581085
41.36903437820546, -0.2436768125963864
41.36903437820546, -0.2630705772592492
41.36903437820546, -0.28052496545582617
41.37997356574662, -0.2200164197076928
41.42373031591122, -0.16222300101236087
41.42373031591122, -0.17967738920893783
41.42373031591122, -0.19519240093922718
41.42373031591122, -0.12343547168663349
41.43740430033767, -0.14234439223292572
41.4510782847641, -0.11179921288891581
41.478426253616995, -0.041981660102607954
41.478426253616995, -0.05943604829918492
41.478426253616995, -0.07689043649576188
41.478426253616995, -0.09434482469233885
41.48936544115815, -0.018709142507172594
41.533122191322754, 0.016199633885981335
41.533122191322754, 0.004563375088263655
41.533122191322754, 0.06274466907685383
41.54406137886391, 0.03947215148141758
41.58781812902851, 0.08989593960486264
41.58781812902851, 0.0734112396414277
41.59875731656967, 0.11278058190704066
41.64251406673427, 0.15583473945859705
41.64251406673427, 0.13838035126202008
41.66986203558715, 0.173289127655174
41.71088398886648, 0.1892889835020366
41.76557992657224, 0.2096524363980432
41.80660187985156, 0.22953104517747835
41.91599375526308, 0.2052888393488983
41.91599375526308, 0.1892889835020366
41.95701570854241, 0.1369258189123057
41.970689692968854, 0.173289127655174
41.970689692968854, 0.15583473945859705
42.011711646248166, 0.019108698585410977
42.02538563067461, 0.11074423661743982
42.02538563067461, 0.08989593960486264
42.02538563067461, 0.07244155140828568
42.02538563067461, 0.05498716321170871
42.02538563067461, 0.03753277501513175
42.08008156838037, -0.005133507243168189
42.08008156838037, -0.022587895439745154
42.08008156838037, -0.04004228363632212
42.08008156838037, -0.05749667183289908
42.08008156838037, -0.17288957157693563
42.13477750608613, -0.07882981296204772
42.13477750608613, -0.09628420115862468
42.13477750608613, -0.11373858935520165
42.13477750608613, -0.1311929775517786
42.13477750608613, -0.14864736574835558
42.13477750608613, -0.16610175394493254
42.17579945936546, -0.22816180086609528
42.18947344379189, -0.1913136480066555
42.18947344379189, -0.20876803620323248
42.230495397071216, -0.28052496545582617
42.24416938149766, -0.2436768125963864
42.24416938149766, -0.26113120079296337
42.33532927767393, -0.2882824713209713
42.35356125690918, -0.22088913911752162
42.38090922576206, -0.2674341743083941
42.39002521537969, -0.24755556552895808
42.40825719461494, -0.18161676567522367
42.40825719461494, -0.19810146563865683
42.40825719461494, -0.13507173048435206
42.419196382156095, -0.15834424807978742
42.4629531323207, -0.06670871004775858
42.4629531323207, -0.08658731882719373
42.4629531323207, -0.10404170702377069
42.476627116747146, -0.12343547168663349
42.49030110117359, -0.02743633660546063
42.49030110117359, -0.044890724802037596
42.51764907002647, -0.01289101310831331
42.52858825756763, 0.010381504487122939
42.57234500773223, 0.06856279847571223
42.57234500773223, 0.05110841027913526
42.57234500773223, 0.035593398548844135
42.583284195273386, 0.09183531607114848
42.62704094543799, 0.13983488361173535
42.62704094543799, 0.11898658659915728
42.68173688314375, 0.18347085410317732
42.695410867570196, 0.16165286885745633
42.73643282084952, 0.2096524363980432
42.84582469626104, 0.22371291577861907
42.88684664954037, 0.20383430699918392
42.941542587246126, 0.14128941596144973
42.95521657167256, 0.18056178940374767
42.95521657167256, 0.1597134923911705
43.00991250937833, 0.12092596306544312
43.00991250937833, 0.10347157486886616
43.00991250937833, 0.08601718667228919
43.00991250937833, 0.06953248670885603
43.03726047823121, 0.05110841027913526
43.06460844708409, 0.03171464561627246
43.06460844708409, 0.014260257419695499
43.06460844708409, -0.0031941307768814653
43.06460844708409, -0.02064851897345843
43.09195641593697, -0.03907259540317831
43.11930438478985, -0.05555729536661236
43.11930438478985, -0.07301168356318932
43.11930438478985, -0.09046607175976629
43.11930438478985, -0.10792045995634325
43.11930438478985, -0.1244051599197773
43.14665235364273, -0.169980506877506
43.14665235364273, -0.18743489507408295
43.14665235364273, -0.20488928327065992
43.15576834326037, -0.14864736574835558
43.17400032249561, -0.22816180086609528
43.17400032249561, -0.24561618906267224
43.17400032249561, -0.2630705772592492
